scenario,cluster_count,cluster_size,sample_size,epsilon,replicate,method,effect,truth,estimate,error,fit_success,iterations,gradient_norm,coefficient_norm
complex,200,8,1600,0.5,0,design_ht,direct_low,0.09860674353,0.1302613027,0.03165455915,True,0,0,0
complex,200,8,1600,0.5,0,design_ht,direct_high,0.1616022877,0.2672361547,0.1056338671,True,0,0,0
complex,200,8,1600,0.5,0,design_ht,spillover_control,0.110137319,0.04276130268,-0.06737601636,True,0,0,0
complex,200,8,1600,0.5,0,design_ht,spillover_treated,0.1731328632,0.1797361547,0.006603291559,True,0,0,0
complex,200,8,1600,0.5,0,doi_nonprivate_generic,direct_low,0.09860674353,0.101290001,0.002683257478,True,80,0.01178189874,4.563001901
complex,200,8,1600,0.5,0,doi_nonprivate_generic,direct_high,0.1616022877,0.1566353342,-0.004966953498,True,80,0.01178189874,4.563001901
complex,200,8,1600,0.5,0,doi_nonprivate_generic,spillover_control,0.110137319,0.1181614715,0.008024152473,True,80,0.01178189874,4.563001901
complex,200,8,1600,0.5,0,doi_nonprivate_generic,spillover_treated,0.1731328632,0.1735068047,0.0003739414969,True,80,0.01178189874,4.563001901
complex,200,8,1600,0.5,0,doi_private_generic,direct_low,0.09860674353,-0.08210829628,-0.1807150398,True,36,0.003469978966,5.458816217
complex,200,8,1600,0.5,0,doi_private_generic,direct_high,0.1616022877,0.1672500657,0.005647778055,True,36,0.003469978966,5.458816217
complex,200,8,1600,0.5,0,doi_private_generic,spillover_control,0.110137319,0.1876935354,0.07755621637,True,36,0.003469978966,5.458816217
complex,200,8,1600,0.5,0,doi_private_generic,spillover_treated,0.1731328632,0.4370518974,0.2639190342,True,36,0.003469978966,5.458816217
complex,200,8,1600,0.5,0,doi_private_no_interference,direct_low,0.09860674353,0.2674716329,0.1688648894,True,9,2.488573355e-05,1.40071418
complex,200,8,1600,0.5,0,doi_private_no_interference,direct_high,0.1616022877,0.2674716329,0.1058693453,True,9,2.488573355e-05,1.40071418
complex,200,8,1600,0.5,0,doi_private_no_interference,spillover_control,0.110137319,0,-0.110137319,True,9,2.488573355e-05,1.40071418
complex,200,8,1600,0.5,0,doi_private_no_interference,spillover_treated,0.1731328632,0,-0.1731328632,True,9,2.488573355e-05,1.40071418
complex,200,8,1600,1,0,design_ht,direct_low,0.09860674353,0.1270376042,0.02843086064,True,0,0,0
complex,200,8,1600,1,0,design_ht,direct_high,0.1616022877,0.2434056991,0.08180341138,True,0,0,0
complex,200,8,1600,1,0,design_ht,spillover_control,0.110137319,0.03953760417,-0.07059971487,True,0,0,0
complex,200,8,1600,1,0,design_ht,spillover_treated,0.1731328632,0.1559056991,-0.01722716413,True,0,0,0
complex,200,8,1600,1,0,doi_nonprivate_generic,direct_low,0.09860674353,0.101290001,0.002683257478,True,80,0.01178189874,4.563001901
complex,200,8,1600,1,0,doi_nonprivate_generic,direct_high,0.1616022877,0.1566353342,-0.004966953498,True,80,0.01178189874,4.563001901
complex,200,8,1600,1,0,doi_nonprivate_generic,spillover_control,0.110137319,0.1181614715,0.008024152473,True,80,0.01178189874,4.563001901
complex,200,8,1600,1,0,doi_nonprivate_generic,spillover_treated,0.1731328632,0.1735068047,0.0003739414969,True,80,0.01178189874,4.563001901
complex,200,8,1600,1,0,doi_private_generic,direct_low,0.09860674353,0.1598703946,0.06126365105,True,79,0.002754088918,2.362454434
complex,200,8,1600,1,0,doi_private_generic,direct_high,0.1616022877,0.1582896166,-0.003312671026,True,79,0.002754088918,2.362454434
complex,200,8,1600,1,0,doi_private_generic,spillover_control,0.110137319,0.130589913,0.02045259393,True,79,0.002754088918,2.362454434
complex,200,8,1600,1,0,doi_private_generic,spillover_treated,0.1731328632,0.129009135,-0.04412372815,True,79,0.002754088918,2.362454434
complex,200,8,1600,1,0,doi_private_no_interference,direct_low,0.09860674353,0.2486996334,0.1500928898,True,11,6.123484028e-05,1.655435088
complex,200,8,1600,1,0,doi_private_no_interference,direct_high,0.1616022877,0.2486996334,0.08709734571,True,11,6.123484028e-05,1.655435088
complex,200,8,1600,1,0,doi_private_no_interference,spillover_control,0.110137319,0,-0.110137319,True,11,6.123484028e-05,1.655435088
complex,200,8,1600,1,0,doi_private_no_interference,spillover_treated,0.1731328632,0,-0.1731328632,True,11,6.123484028e-05,1.655435088
complex,200,8,1600,2,0,design_ht,direct_low,0.09860674353,0.1313577932,0.03275104964,True,0,0,0
complex,200,8,1600,2,0,design_ht,direct_high,0.1616022877,0.1126627939,-0.04893949382,True,0,0,0
complex,200,8,1600,2,0,design_ht,spillover_control,0.110137319,0.09309661637,-0.01704070267,True,0,0,0
complex,200,8,1600,2,0,design_ht,spillover_treated,0.1731328632,0.07440161706,-0.09873124612,True,0,0,0
complex,200,8,1600,2,0,doi_nonprivate_generic,direct_low,0.09860674353,0.101290001,0.002683257478,True,80,0.01178189874,4.563001901
complex,200,8,1600,2,0,doi_nonprivate_generic,direct_high,0.1616022877,0.1566353342,-0.004966953498,True,80,0.01178189874,4.563001901
complex,200,8,1600,2,0,doi_nonprivate_generic,spillover_control,0.110137319,0.1181614715,0.008024152473,True,80,0.01178189874,4.563001901
complex,200,8,1600,2,0,doi_nonprivate_generic,spillover_treated,0.1731328632,0.1735068047,0.0003739414969,True,80,0.01178189874,4.563001901
complex,200,8,1600,2,0,doi_private_generic,direct_low,0.09860674353,0.1276853841,0.02907864058,True,52,0.005541409931,4.373119205
complex,200,8,1600,2,0,doi_private_generic,direct_high,0.1616022877,0.06055470141,-0.1010475863,True,52,0.005541409931,4.373119205
complex,200,8,1600,2,0,doi_private_generic,spillover_control,0.110137319,0.1525297599,0.0423924409,True,52,0.005541409931,4.373119205
complex,200,8,1600,2,0,doi_private_generic,spillover_treated,0.1731328632,0.08539907723,-0.08773378595,True,52,0.005541409931,4.373119205
complex,200,8,1600,2,0,doi_private_no_interference,direct_low,0.09860674353,0.176855795,0.07824905147,True,10,2.97841939e-05,1.318417293
complex,200,8,1600,2,0,doi_private_no_interference,direct_high,0.1616022877,0.176855795,0.01525350733,True,10,2.97841939e-05,1.318417293
complex,200,8,1600,2,0,doi_private_no_interference,spillover_control,0.110137319,0,-0.110137319,True,10,2.97841939e-05,1.318417293
complex,200,8,1600,2,0,doi_private_no_interference,spillover_treated,0.1731328632,0,-0.1731328632,True,10,2.97841939e-05,1.318417293
complex,200,8,1600,0.5,1,design_ht,direct_low,0.09860674353,-0.04830783099,-0.1469145745,True,0,0,0
complex,200,8,1600,0.5,1,design_ht,direct_high,0.1616022877,0.4467810419,0.2851787542,True,0,0,0
complex,200,8,1600,0.5,1,design_ht,spillover_control,0.110137319,0.07382650702,-0.03631081202,True,0,0,0
complex,200,8,1600,0.5,1,design_ht,spillover_treated,0.1731328632,0.5689153799,0.3957825168,True,0,0,0
complex,200,8,1600,0.5,1,doi_nonprivate_generic,direct_low,0.09860674353,0.09913911856,0.0005323750309,True,103,0.006125215294,4.491293118
complex,200,8,1600,0.5,1,doi_nonprivate_generic,direct_high,0.1616022877,0.1553397442,-0.006262543503,True,103,0.006125215294,4.491293118
complex,200,8,1600,0.5,1,doi_nonprivate_generic,spillover_control,0.110137319,0.1172133287,0.00707600962,True,103,0.006125215294,4.491293118
complex,200,8,1600,0.5,1,doi_nonprivate_generic,spillover_treated,0.1731328632,0.1734139543,0.0002810910862,True,103,0.006125215294,4.491293118
complex,200,8,1600,0.5,1,doi_private_generic,direct_low,0.09860674353,0.07230834271,-0.02629840082,True,47,0.0004677943999,5.550907418
complex,200,8,1600,0.5,1,doi_private_generic,direct_high,0.1616022877,0.2475434513,0.0859411636,True,47,0.0004677943999,5.550907418
complex,200,8,1600,0.5,1,doi_private_generic,spillover_control,0.110137319,0.03514351773,-0.07499380131,True,47,0.0004677943999,5.550907418
complex,200,8,1600,0.5,1,doi_private_generic,spillover_treated,0.1731328632,0.2103786263,0.03724576312,True,47,0.0004677943999,5.550907418
complex,200,8,1600,0.5,1,doi_private_no_interference,direct_low,0.09860674353,0.2943587573,0.1957520138,True,9,7.41006587e-05,1.785029358
complex,200,8,1600,0.5,1,doi_private_no_interference,direct_high,0.1616022877,0.2943587573,0.1327564697,True,9,7.41006587e-05,1.785029358
complex,200,8,1600,0.5,1,doi_private_no_interference,spillover_control,0.110137319,0,-0.110137319,True,9,7.41006587e-05,1.785029358
complex,200,8,1600,0.5,1,doi_private_no_interference,spillover_treated,0.1731328632,0,-0.1731328632,True,9,7.41006587e-05,1.785029358
complex,200,8,1600,1,1,design_ht,direct_low,0.09860674353,0.1042278288,0.00562108529,True,0,0,0
complex,200,8,1600,1,1,design_ht,direct_high,0.1616022877,0.3708911609,0.2092888732,True,0,0,0
complex,200,8,1600,1,1,design_ht,spillover_control,0.110137319,0.003969841866,-0.1061674772,True,0,0,0
complex,200,8,1600,1,1,design_ht,spillover_treated,0.1731328632,0.2706331739,0.09750031077,True,0,0,0
complex,200,8,1600,1,1,doi_nonprivate_generic,direct_low,0.09860674353,0.09913911856,0.0005323750309,True,103,0.006125215294,4.491293118
complex,200,8,1600,1,1,doi_nonprivate_generic,direct_high,0.1616022877,0.1553397442,-0.006262543503,True,103,0.006125215294,4.491293118
complex,200,8,1600,1,1,doi_nonprivate_generic,spillover_control,0.110137319,0.1172133287,0.00707600962,True,103,0.006125215294,4.491293118
complex,200,8,1600,1,1,doi_nonprivate_generic,spillover_treated,0.1731328632,0.1734139543,0.0002810910862,True,103,0.006125215294,4.491293118
complex,200,8,1600,1,1,doi_private_generic,direct_low,0.09860674353,0.02324243108,-0.07536431245,True,61,0.0009955096167,2.583116976
complex,200,8,1600,1,1,doi_private_generic,direct_high,0.1616022877,0.2636230606,0.1020207729,True,61,0.0009955096167,2.583116976
complex,200,8,1600,1,1,doi_private_generic,spillover_control,0.110137319,-0.03652720813,-0.1466645272,True,61,0.0009955096167,2.583116976
complex,200,8,1600,1,1,doi_private_generic,spillover_treated,0.1731328632,0.2038534213,0.03072055816,True,61,0.0009955096167,2.583116976
complex,200,8,1600,1,1,doi_private_no_interference,direct_low,0.09860674353,0.223497933,0.1248911895,True,9,0.0001395922669,1.264202186
complex,200,8,1600,1,1,doi_private_no_interference,direct_high,0.1616022877,0.223497933,0.06189564535,True,9,0.0001395922669,1.264202186
complex,200,8,1600,1,1,doi_private_no_interference,spillover_control,0.110137319,0,-0.110137319,True,9,0.0001395922669,1.264202186
complex,200,8,1600,1,1,doi_private_no_interference,spillover_treated,0.1731328632,0,-0.1731328632,True,9,0.0001395922669,1.264202186
complex,200,8,1600,2,1,design_ht,direct_low,0.09860674353,0.1012354402,0.002628696621,True,0,0,0
complex,200,8,1600,2,1,design_ht,direct_high,0.1616022877,0.2931917635,0.1315894758,True,0,0,0
complex,200,8,1600,2,1,design_ht,spillover_control,0.110137319,0.1900942638,0.07995694478,True,0,0,0
complex,200,8,1600,2,1,design_ht,spillover_treated,0.1731328632,0.3820505871,0.208917724,True,0,0,0
complex,200,8,1600,2,1,doi_nonprivate_generic,direct_low,0.09860674353,0.09913911856,0.0005323750309,True,103,0.006125215294,4.491293118
complex,200,8,1600,2,1,doi_nonprivate_generic,direct_high,0.1616022877,0.1553397442,-0.006262543503,True,103,0.006125215294,4.491293118
complex,200,8,1600,2,1,doi_nonprivate_generic,spillover_control,0.110137319,0.1172133287,0.00707600962,True,103,0.006125215294,4.491293118
complex,200,8,1600,2,1,doi_nonprivate_generic,spillover_treated,0.1731328632,0.1734139543,0.0002810910862,True,103,0.006125215294,4.491293118
complex,200,8,1600,2,1,doi_private_generic,direct_low,0.09860674353,0.1524311257,0.05382438213,True,72,0.0008981290095,4.419886198
complex,200,8,1600,2,1,doi_private_generic,direct_high,0.1616022877,0.1750573657,0.01345507801,True,72,0.0008981290095,4.419886198
complex,200,8,1600,2,1,doi_private_generic,spillover_control,0.110137319,0.1356893507,0.02555203163,True,72,0.0008981290095,4.419886198
complex,200,8,1600,2,1,doi_private_generic,spillover_treated,0.1731328632,0.1583155907,-0.01481727249,True,72,0.0008981290095,4.419886198
complex,200,8,1600,2,1,doi_private_no_interference,direct_low,0.09860674353,0.2715449497,0.1729382062,True,11,8.756908263e-05,2.012534038
complex,200,8,1600,2,1,doi_private_no_interference,direct_high,0.1616022877,0.2715449497,0.109942662,True,11,8.756908263e-05,2.012534038
complex,200,8,1600,2,1,doi_private_no_interference,spillover_control,0.110137319,0,-0.110137319,True,11,8.756908263e-05,2.012534038
complex,200,8,1600,2,1,doi_private_no_interference,spillover_treated,0.1731328632,0,-0.1731328632,True,11,8.756908263e-05,2.012534038
complex,200,8,1600,0.5,2,design_ht,direct_low,0.09860674353,0.1479674787,0.04936073518,True,0,0,0
complex,200,8,1600,0.5,2,design_ht,direct_high,0.1616022877,0.0195896126,-0.1420126751,True,0,0,0
complex,200,8,1600,0.5,2,design_ht,spillover_control,0.110137319,-0.004625901448,-0.1147632205,True,0,0,0
complex,200,8,1600,0.5,2,design_ht,spillover_treated,0.1731328632,-0.1330037676,-0.3061366307,True,0,0,0
complex,200,8,1600,0.5,2,doi_nonprivate_generic,direct_low,0.09860674353,0.09829259222,-0.0003141513147,True,79,0.003272855655,4.581147617
complex,200,8,1600,0.5,2,doi_nonprivate_generic,direct_high,0.1616022877,0.157745578,-0.003856709683,True,79,0.003272855655,4.581147617
complex,200,8,1600,0.5,2,doi_nonprivate_generic,spillover_control,0.110137319,0.1155439039,0.005406584838,True,79,0.003272855655,4.581147617
complex,200,8,1600,0.5,2,doi_nonprivate_generic,spillover_treated,0.1731328632,0.1749968897,0.001864026469,True,79,0.003272855655,4.581147617
complex,200,8,1600,0.5,2,doi_private_generic,direct_low,0.09860674353,0.1608758467,0.06226910318,True,45,0.0001068229504,6.866148491
complex,200,8,1600,0.5,2,doi_private_generic,direct_high,0.1616022877,0.0009663849872,-0.1606359027,True,45,0.0001068229504,6.866148491
complex,200,8,1600,0.5,2,doi_private_generic,spillover_control,0.110137319,0.1204875933,0.0103502743,True,45,0.0001068229504,6.866148491
complex,200,8,1600,0.5,2,doi_private_generic,spillover_treated,0.1731328632,-0.03942186839,-0.2125547316,True,45,0.0001068229504,6.866148491
complex,200,8,1600,0.5,2,doi_private_no_interference,direct_low,0.09860674353,0.1121646683,0.01355792474,True,9,2.878133387e-05,1.752312637
complex,200,8,1600,0.5,2,doi_private_no_interference,direct_high,0.1616022877,0.1121646683,-0.04943761941,True,9,2.878133387e-05,1.752312637
complex,200,8,1600,0.5,2,doi_private_no_interference,spillover_control,0.110137319,0,-0.110137319,True,9,2.878133387e-05,1.752312637
complex,200,8,1600,0.5,2,doi_private_no_interference,spillover_treated,0.1731328632,0,-0.1731328632,True,9,2.878133387e-05,1.752312637
complex,200,8,1600,1,2,design_ht,direct_low,0.09860674353,0.132749813,0.03414306948,True,0,0,0
complex,200,8,1600,1,2,design_ht,direct_high,0.1616022877,0.05987554092,-0.1017267468,True,0,0,0
complex,200,8,1600,1,2,design_ht,spillover_control,0.110137319,0.1618486484,0.05171132931,True,0,0,0
complex,200,8,1600,1,2,design_ht,spillover_treated,0.1731328632,0.08897437626,-0.08415848692,True,0,0,0
complex,200,8,1600,1,2,doi_nonprivate_generic,direct_low,0.09860674353,0.09829259222,-0.0003141513147,True,79,0.003272855655,4.581147617
complex,200,8,1600,1,2,doi_nonprivate_generic,direct_high,0.1616022877,0.157745578,-0.003856709683,True,79,0.003272855655,4.581147617
complex,200,8,1600,1,2,doi_nonprivate_generic,spillover_control,0.110137319,0.1155439039,0.005406584838,True,79,0.003272855655,4.581147617
complex,200,8,1600,1,2,doi_nonprivate_generic,spillover_treated,0.1731328632,0.1749968897,0.001864026469,True,79,0.003272855655,4.581147617
complex,200,8,1600,1,2,doi_private_generic,direct_low,0.09860674353,0.1278731298,0.02926638623,True,56,0.0007020281273,4.372447281
complex,200,8,1600,1,2,doi_private_generic,direct_high,0.1616022877,0.1119364023,-0.04966588534,True,56,0.0007020281273,4.372447281
complex,200,8,1600,1,2,doi_private_generic,spillover_control,0.110137319,0.194933062,0.08479574299,True,56,0.0007020281273,4.372447281
complex,200,8,1600,1,2,doi_private_generic,spillover_treated,0.1731328632,0.1789963346,0.005863471419,True,56,0.0007020281273,4.372447281
complex,200,8,1600,1,2,doi_private_no_interference,direct_low,0.09860674353,0.2407087847,0.1421020411,True,11,6.849135662e-05,1.268975646
complex,200,8,1600,1,2,doi_private_no_interference,direct_high,0.1616022877,0.2407087847,0.07910649698,True,11,6.849135662e-05,1.268975646
complex,200,8,1600,1,2,doi_private_no_interference,spillover_control,0.110137319,0,-0.110137319,True,11,6.849135662e-05,1.268975646
complex,200,8,1600,1,2,doi_private_no_interference,spillover_treated,0.1731328632,0,-0.1731328632,True,11,6.849135662e-05,1.268975646
complex,200,8,1600,2,2,design_ht,direct_low,0.09860674353,0.06815161706,-0.03045512647,True,0,0,0
complex,200,8,1600,2,2,design_ht,direct_high,0.1616022877,0.1091022048,-0.0525000829,True,0,0,0
complex,200,8,1600,2,2,design_ht,spillover_control,0.110137319,0.08418396973,-0.02595334931,True,0,0,0
complex,200,8,1600,2,2,design_ht,spillover_treated,0.1731328632,0.1251345574,-0.04799830574,True,0,0,0
complex,200,8,1600,2,2,doi_nonprivate_generic,direct_low,0.09860674353,0.09829259222,-0.0003141513147,True,79,0.003272855655,4.581147617
complex,200,8,1600,2,2,doi_nonprivate_generic,direct_high,0.1616022877,0.157745578,-0.003856709683,True,79,0.003272855655,4.581147617
complex,200,8,1600,2,2,doi_nonprivate_generic,spillover_control,0.110137319,0.1155439039,0.005406584838,True,79,0.003272855655,4.581147617
complex,200,8,1600,2,2,doi_nonprivate_generic,spillover_treated,0.1731328632,0.1749968897,0.001864026469,True,79,0.003272855655,4.581147617
complex,200,8,1600,2,2,doi_private_generic,direct_low,0.09860674353,0.06769643033,-0.0309103132,True,85,0.002576637362,4.366842722
complex,200,8,1600,2,2,doi_private_generic,direct_high,0.1616022877,0.1623819952,0.0007797075254,True,85,0.002576637362,4.366842722
complex,200,8,1600,2,2,doi_private_generic,spillover_control,0.110137319,0.1382799358,0.02814261677,True,85,0.002576637362,4.366842722
complex,200,8,1600,2,2,doi_private_generic,spillover_treated,0.1731328632,0.2329655007,0.05983263749,True,85,0.002576637362,4.366842722
complex,200,8,1600,2,2,doi_private_no_interference,direct_low,0.09860674353,0.217183306,0.1185765625,True,10,9.391711057e-05,1.517156606
complex,200,8,1600,2,2,doi_private_no_interference,direct_high,0.1616022877,0.217183306,0.05558101837,True,10,9.391711057e-05,1.517156606
complex,200,8,1600,2,2,doi_private_no_interference,spillover_control,0.110137319,0,-0.110137319,True,10,9.391711057e-05,1.517156606
complex,200,8,1600,2,2,doi_private_no_interference,spillover_treated,0.1731328632,0,-0.1731328632,True,10,9.391711057e-05,1.517156606
complex,200,8,1600,0.5,3,design_ht,direct_low,0.09860674353,0.1148275702,0.01622082671,True,0,0,0
complex,200,8,1600,0.5,3,design_ht,direct_high,0.1616022877,0.6204584642,0.4588561766,True,0,0,0
complex,200,8,1600,0.5,3,design_ht,spillover_control,0.110137319,-0.08331823222,-0.1934555513,True,0,0,0
complex,200,8,1600,0.5,3,design_ht,spillover_treated,0.1731328632,0.4223126618,0.2491797986,True,0,0,0
complex,200,8,1600,0.5,3,doi_nonprivate_generic,direct_low,0.09860674353,0.09993644733,0.001329703802,True,99,0.005029171144,4.613784408
complex,200,8,1600,0.5,3,doi_nonprivate_generic,direct_high,0.1616022877,0.1542465807,-0.007355706929,True,99,0.005029171144,4.613784408
complex,200,8,1600,0.5,3,doi_nonprivate_generic,spillover_control,0.110137319,0.1167077861,0.006570467053,True,99,0.005029171144,4.613784408
complex,200,8,1600,0.5,3,doi_nonprivate_generic,spillover_treated,0.1731328632,0.1710179195,-0.002114943677,True,99,0.005029171144,4.613784408
complex,200,8,1600,0.5,3,doi_private_generic,direct_low,0.09860674353,0.2118596732,0.1132529296,True,42,0.0003628501952,5.87736948
complex,200,8,1600,0.5,3,doi_private_generic,direct_high,0.1616022877,0.4812213144,0.3196190267,True,42,0.0003628501952,5.87736948
complex,200,8,1600,0.5,3,doi_private_generic,spillover_control,0.110137319,-0.07340485475,-0.1835421738,True,42,0.0003628501952,5.87736948
complex,200,8,1600,0.5,3,doi_private_generic,spillover_treated,0.1731328632,0.1959567865,0.02282392327,True,42,0.0003628501952,5.87736948
complex,200,8,1600,0.5,3,doi_private_no_interference,direct_low,0.09860674353,0.4032594074,0.3046526639,True,11,2.524615765e-05,2.393052047
complex,200,8,1600,0.5,3,doi_private_no_interference,direct_high,0.1616022877,0.4032594074,0.2416571197,True,11,2.524615765e-05,2.393052047
complex,200,8,1600,0.5,3,doi_private_no_interference,spillover_control,0.110137319,0,-0.110137319,True,11,2.524615765e-05,2.393052047
complex,200,8,1600,0.5,3,doi_private_no_interference,spillover_treated,0.1731328632,0,-0.1731328632,True,11,2.524615765e-05,2.393052047
complex,200,8,1600,1,3,design_ht,direct_low,0.09860674353,0.0755904744,-0.02301626913,True,0,0,0
complex,200,8,1600,1,3,design_ht,direct_high,0.1616022877,0.1668940725,0.005291784871,True,0,0,0
complex,200,8,1600,1,3,design_ht,spillover_control,0.110137319,0.2677525377,0.1576152186,True,0,0,0
complex,200,8,1600,1,3,design_ht,spillover_treated,0.1731328632,0.3590561358,0.1859232726,True,0,0,0
complex,200,8,1600,1,3,doi_nonprivate_generic,direct_low,0.09860674353,0.09993644733,0.001329703802,True,99,0.005029171144,4.613784408
complex,200,8,1600,1,3,doi_nonprivate_generic,direct_high,0.1616022877,0.1542465807,-0.007355706929,True,99,0.005029171144,4.613784408
complex,200,8,1600,1,3,doi_nonprivate_generic,spillover_control,0.110137319,0.1167077861,0.006570467053,True,99,0.005029171144,4.613784408
complex,200,8,1600,1,3,doi_nonprivate_generic,spillover_treated,0.1731328632,0.1710179195,-0.002114943677,True,99,0.005029171144,4.613784408
complex,200,8,1600,1,3,doi_private_generic,direct_low,0.09860674353,0.1419238449,0.04331710135,True,72,0.002700306371,5.09907885
complex,200,8,1600,1,3,doi_private_generic,direct_high,0.1616022877,0.1105999541,-0.05100233356,True,72,0.002700306371,5.09907885
complex,200,8,1600,1,3,doi_private_generic,spillover_control,0.110137319,0.1940601282,0.08392280919,True,72,0.002700306371,5.09907885
complex,200,8,1600,1,3,doi_private_generic,spillover_treated,0.1731328632,0.1627362375,-0.01039662572,True,72,0.002700306371,5.09907885
complex,200,8,1600,1,3,doi_private_no_interference,direct_low,0.09860674353,0.2522428353,0.1536360917,True,11,0.0001135954666,1.628450528
complex,200,8,1600,1,3,doi_private_no_interference,direct_high,0.1616022877,0.2522428353,0.09064054759,True,11,0.0001135954666,1.628450528
complex,200,8,1600,1,3,doi_private_no_interference,spillover_control,0.110137319,0,-0.110137319,True,11,0.0001135954666,1.628450528
complex,200,8,1600,1,3,doi_private_no_interference,spillover_treated,0.1731328632,0,-0.1731328632,True,11,0.0001135954666,1.628450528
complex,200,8,1600,2,3,design_ht,direct_low,0.09860674353,0.1368057339,0.03819899036,True,0,0,0
complex,200,8,1600,2,3,design_ht,direct_high,0.1616022877,0.2285449987,0.06694271107,True,0,0,0
complex,200,8,1600,2,3,design_ht,spillover_control,0.110137319,0.2225127933,0.1123754742,True,0,0,0
complex,200,8,1600,2,3,design_ht,spillover_treated,0.1731328632,0.3142520581,0.1411191949,True,0,0,0
complex,200,8,1600,2,3,doi_nonprivate_generic,direct_low,0.09860674353,0.09993644733,0.001329703802,True,99,0.005029171144,4.613784408
complex,200,8,1600,2,3,doi_nonprivate_generic,direct_high,0.1616022877,0.1542465807,-0.007355706929,True,99,0.005029171144,4.613784408
complex,200,8,1600,2,3,doi_nonprivate_generic,spillover_control,0.110137319,0.1167077861,0.006570467053,True,99,0.005029171144,4.613784408
complex,200,8,1600,2,3,doi_nonprivate_generic,spillover_treated,0.1731328632,0.1710179195,-0.002114943677,True,99,0.005029171144,4.613784408
complex,200,8,1600,2,3,doi_private_generic,direct_low,0.09860674353,0.2167533077,0.1181465642,True,61,0.005034912547,5.613185191
complex,200,8,1600,2,3,doi_private_generic,direct_high,0.1616022877,0.1923332142,0.0307309265,True,61,0.005034912547,5.613185191
complex,200,8,1600,2,3,doi_private_generic,spillover_control,0.110137319,0.1254195868,0.01528226771,True,61,0.005034912547,5.613185191
complex,200,8,1600,2,3,doi_private_generic,spillover_treated,0.1731328632,0.1009994932,-0.07213336997,True,61,0.005034912547,5.613185191
complex,200,8,1600,2,3,doi_private_no_interference,direct_low,0.09860674353,0.2840636828,0.1854569393,True,11,7.282636601e-06,1.66654365
complex,200,8,1600,2,3,doi_private_no_interference,direct_high,0.1616022877,0.2840636828,0.1224613951,True,11,7.282636601e-06,1.66654365
complex,200,8,1600,2,3,doi_private_no_interference,spillover_control,0.110137319,0,-0.110137319,True,11,7.282636601e-06,1.66654365
complex,200,8,1600,2,3,doi_private_no_interference,spillover_treated,0.1731328632,0,-0.1731328632,True,11,7.282636601e-06,1.66654365
complex,200,8,1600,0.5,4,design_ht,direct_low,0.09860674353,-0.03215768306,-0.1307644266,True,0,0,0
complex,200,8,1600,0.5,4,design_ht,direct_high,0.1616022877,0.3726951969,0.2110929092,True,0,0,0
complex,200,8,1600,0.5,4,design_ht,spillover_control,0.110137319,-0.08554202107,-0.1956793401,True,0,0,0
complex,200,8,1600,0.5,4,design_ht,spillover_treated,0.1731328632,0.3193108589,0.1461779957,True,0,0,0
complex,200,8,1600,0.5,4,doi_nonprivate_generic,direct_low,0.09860674353,0.09698654689,-0.001620196639,True,83,0.003109722924,4.592790862
complex,200,8,1600,0.5,4,doi_nonprivate_generic,direct_high,0.1616022877,0.1566868403,-0.004915447402,True,83,0.003109722924,4.592790862
complex,200,8,1600,0.5,4,doi_nonprivate_generic,spillover_control,0.110137319,0.1175180596,0.007380740526,True,83,0.003109722924,4.592790862
complex,200,8,1600,0.5,4,doi_nonprivate_generic,spillover_treated,0.1731328632,0.1772183529,0.004085489763,True,83,0.003109722924,4.592790862
complex,200,8,1600,0.5,4,doi_private_generic,direct_low,0.09860674353,-0.04737085053,-0.1459775941,True,47,0.002296069251,4.827385861
complex,200,8,1600,0.5,4,doi_private_generic,direct_high,0.1616022877,0.3758403407,0.214238053,True,47,0.002296069251,4.827385861
complex,200,8,1600,0.5,4,doi_private_generic,spillover_control,0.110137319,-0.1441817988,-0.2543191179,True,47,0.002296069251,4.827385861
complex,200,8,1600,0.5,4,doi_private_generic,spillover_treated,0.1731328632,0.2790293924,0.1058965292,True,47,0.002296069251,4.827385861
complex,200,8,1600,0.5,4,doi_private_no_interference,direct_low,0.09860674353,0.2165519438,0.1179452003,True,12,1.718752359e-05,2.758092711
complex,200,8,1600,0.5,4,doi_private_no_interference,direct_high,0.1616022877,0.2165519438,0.05494965616,True,12,1.718752359e-05,2.758092711
complex,200,8,1600,0.5,4,doi_private_no_interference,spillover_control,0.110137319,0,-0.110137319,True,12,1.718752359e-05,2.758092711
complex,200,8,1600,0.5,4,doi_private_no_interference,spillover_treated,0.1731328632,0,-0.1731328632,True,12,1.718752359e-05,2.758092711
complex,200,8,1600,1,4,design_ht,direct_low,0.09860674353,0.02602470884,-0.0725820347,True,0,0,0
complex,200,8,1600,1,4,design_ht,direct_high,0.1616022877,0.1664071549,0.004804867199,True,0,0,0
complex,200,8,1600,1,4,design_ht,spillover_control,0.110137319,0.07331031627,-0.03682700277,True,0,0,0
complex,200,8,1600,1,4,design_ht,spillover_treated,0.1731328632,0.2136927623,0.04055989912,True,0,0,0
complex,200,8,1600,1,4,doi_nonprivate_generic,direct_low,0.09860674353,0.09698654689,-0.001620196639,True,83,0.003109722924,4.592790862
complex,200,8,1600,1,4,doi_nonprivate_generic,direct_high,0.1616022877,0.1566868403,-0.004915447402,True,83,0.003109722924,4.592790862
complex,200,8,1600,1,4,doi_nonprivate_generic,spillover_control,0.110137319,0.1175180596,0.007380740526,True,83,0.003109722924,4.592790862
complex,200,8,1600,1,4,doi_nonprivate_generic,spillover_treated,0.1731328632,0.1772183529,0.004085489763,True,83,0.003109722924,4.592790862
complex,200,8,1600,1,4,doi_private_generic,direct_low,0.09860674353,0.02294599715,-0.07566074638,True,74,0.0007082445765,5.306467115
complex,200,8,1600,1,4,doi_private_generic,direct_high,0.1616022877,0.06115347011,-0.1004488176,True,74,0.0007082445765,5.306467115
complex,200,8,1600,1,4,doi_private_generic,spillover_control,0.110137319,0.1501256216,0.03998830255,True,74,0.0007082445765,5.306467115
complex,200,8,1600,1,4,doi_private_generic,spillover_treated,0.1731328632,0.1883330945,0.01520023136,True,74,0.0007082445765,5.306467115
complex,200,8,1600,1,4,doi_private_no_interference,direct_low,0.09860674353,0.1524537725,0.05384702893,True,10,6.039793515e-07,1.315993482
complex,200,8,1600,1,4,doi_private_no_interference,direct_high,0.1616022877,0.1524537725,-0.009148515209,True,10,6.039793515e-07,1.315993482
complex,200,8,1600,1,4,doi_private_no_interference,spillover_control,0.110137319,0,-0.110137319,True,10,6.039793515e-07,1.315993482
complex,200,8,1600,1,4,doi_private_no_interference,spillover_treated,0.1731328632,0,-0.1731328632,True,10,6.039793515e-07,1.315993482
complex,200,8,1600,2,4,design_ht,direct_low,0.09860674353,0.06789367611,-0.03071306742,True,0,0,0
complex,200,8,1600,2,4,design_ht,direct_high,0.1616022877,0.1935589697,0.03195668206,True,0,0,0
complex,200,8,1600,2,4,design_ht,spillover_control,0.110137319,0.1052301462,-0.004907172856,True,0,0,0
complex,200,8,1600,2,4,design_ht,spillover_treated,0.1731328632,0.2308954398,0.05776257663,True,0,0,0
complex,200,8,1600,2,4,doi_nonprivate_generic,direct_low,0.09860674353,0.09698654689,-0.001620196639,True,83,0.003109722924,4.592790862
complex,200,8,1600,2,4,doi_nonprivate_generic,direct_high,0.1616022877,0.1566868403,-0.004915447402,True,83,0.003109722924,4.592790862
complex,200,8,1600,2,4,doi_nonprivate_generic,spillover_control,0.110137319,0.1175180596,0.007380740526,True,83,0.003109722924,4.592790862
complex,200,8,1600,2,4,doi_nonprivate_generic,spillover_treated,0.1731328632,0.1772183529,0.004085489763,True,83,0.003109722924,4.592790862
complex,200,8,1600,2,4,doi_private_generic,direct_low,0.09860674353,0.08471773802,-0.01388900551,True,69,0.006705078639,2.978998826
complex,200,8,1600,2,4,doi_private_generic,direct_high,0.1616022877,0.1004838561,-0.06111843157,True,69,0.006705078639,2.978998826
complex,200,8,1600,2,4,doi_private_generic,spillover_control,0.110137319,0.160002049,0.04986472995,True,69,0.006705078639,2.978998826
complex,200,8,1600,2,4,doi_private_generic,spillover_treated,0.1731328632,0.1757681671,0.002635303889,True,69,0.006705078639,2.978998826
complex,200,8,1600,2,4,doi_private_no_interference,direct_low,0.09860674353,0.199670575,0.1010638315,True,11,1.294641149e-06,1.419942375
complex,200,8,1600,2,4,doi_private_no_interference,direct_high,0.1616022877,0.199670575,0.03806828733,True,11,1.294641149e-06,1.419942375
complex,200,8,1600,2,4,doi_private_no_interference,spillover_control,0.110137319,0,-0.110137319,True,11,1.294641149e-06,1.419942375
complex,200,8,1600,2,4,doi_private_no_interference,spillover_treated,0.1731328632,0,-0.1731328632,True,11,1.294641149e-06,1.419942375
complex,200,8,1600,0.5,5,design_ht,direct_low,0.09860674353,0.1313731971,0.03276645357,True,0,0,0
complex,200,8,1600,0.5,5,design_ht,direct_high,0.1616022877,0.2056438378,0.04404155012,True,0,0,0
complex,200,8,1600,0.5,5,design_ht,spillover_control,0.110137319,0.145701507,0.03556418798,True,0,0,0
complex,200,8,1600,0.5,5,design_ht,spillover_treated,0.1731328632,0.2199721477,0.04683928454,True,0,0,0
complex,200,8,1600,0.5,5,doi_nonprivate_generic,direct_low,0.09860674353,0.0994378984,0.0008311548676,True,88,0.003613318426,4.606275892
complex,200,8,1600,0.5,5,doi_nonprivate_generic,direct_high,0.1616022877,0.1593200201,-0.002282267606,True,88,0.003613318426,4.606275892
complex,200,8,1600,0.5,5,doi_nonprivate_generic,spillover_control,0.110137319,0.1130089077,0.002871588685,True,88,0.003613318426,4.606275892
complex,200,8,1600,0.5,5,doi_nonprivate_generic,spillover_treated,0.1731328632,0.1728910294,-0.0002418337885,True,88,0.003613318426,4.606275892
complex,200,8,1600,0.5,5,doi_private_generic,direct_low,0.09860674353,0.0570616949,-0.04154504863,True,53,0.0004445350776,6.05792378
complex,200,8,1600,0.5,5,doi_private_generic,direct_high,0.1616022877,0.3217127676,0.16011048,True,53,0.0004445350776,6.05792378
complex,200,8,1600,0.5,5,doi_private_generic,spillover_control,0.110137319,-0.08887751684,-0.1990148359,True,53,0.0004445350776,6.05792378
complex,200,8,1600,0.5,5,doi_private_generic,spillover_treated,0.1731328632,0.1757735559,0.002640692699,True,53,0.0004445350776,6.05792378
complex,200,8,1600,0.5,5,doi_private_no_interference,direct_low,0.09860674353,0.2121240285,0.113517285,True,8,3.96232381e-05,1.768549843
complex,200,8,1600,0.5,5,doi_private_no_interference,direct_high,0.1616022877,0.2121240285,0.05052174087,True,8,3.96232381e-05,1.768549843
complex,200,8,1600,0.5,5,doi_private_no_interference,spillover_control,0.110137319,0,-0.110137319,True,8,3.96232381e-05,1.768549843
complex,200,8,1600,0.5,5,doi_private_no_interference,spillover_treated,0.1731328632,0,-0.1731328632,True,8,3.96232381e-05,1.768549843
complex,200,8,1600,1,5,design_ht,direct_low,0.09860674353,-0.05637899348,-0.154985737,True,0,0,0
complex,200,8,1600,1,5,design_ht,direct_high,0.1616022877,0.06953215487,-0.0920701328,True,0,0,0
complex,200,8,1600,1,5,design_ht,spillover_control,0.110137319,0.27195312,0.1618158009,True,0,0,0
complex,200,8,1600,1,5,design_ht,spillover_treated,0.1731328632,0.3978642683,0.2247314052,True,0,0,0
complex,200,8,1600,1,5,doi_nonprivate_generic,direct_low,0.09860674353,0.0994378984,0.0008311548676,True,88,0.003613318426,4.606275892
complex,200,8,1600,1,5,doi_nonprivate_generic,direct_high,0.1616022877,0.1593200201,-0.002282267606,True,88,0.003613318426,4.606275892
complex,200,8,1600,1,5,doi_nonprivate_generic,spillover_control,0.110137319,0.1130089077,0.002871588685,True,88,0.003613318426,4.606275892
complex,200,8,1600,1,5,doi_nonprivate_generic,spillover_treated,0.1731328632,0.1728910294,-0.0002418337885,True,88,0.003613318426,4.606275892
complex,200,8,1600,1,5,doi_private_generic,direct_low,0.09860674353,-0.02300071797,-0.1216074615,True,70,0.0018003446,4.659673175
complex,200,8,1600,1,5,doi_private_generic,direct_high,0.1616022877,0.1143358763,-0.04726641139,True,70,0.0018003446,4.659673175
complex,200,8,1600,1,5,doi_private_generic,spillover_control,0.110137319,0.1423970857,0.03225976667,True,70,0.0018003446,4.659673175
complex,200,8,1600,1,5,doi_private_generic,spillover_treated,0.1731328632,0.27973368,0.1066008168,True,70,0.0018003446,4.659673175
complex,200,8,1600,1,5,doi_private_no_interference,direct_low,0.09860674353,0.1587032566,0.06009651305,True,9,3.107917288e-05,1.562410489
complex,200,8,1600,1,5,doi_private_no_interference,direct_high,0.1616022877,0.1587032566,-0.002899031089,True,9,3.107917288e-05,1.562410489
complex,200,8,1600,1,5,doi_private_no_interference,spillover_control,0.110137319,0,-0.110137319,True,9,3.107917288e-05,1.562410489
complex,200,8,1600,1,5,doi_private_no_interference,spillover_treated,0.1731328632,0,-0.1731328632,True,9,3.107917288e-05,1.562410489
complex,200,8,1600,2,5,design_ht,direct_low,0.09860674353,0.1017795585,0.003172814942,True,0,0,0
complex,200,8,1600,2,5,design_ht,direct_high,0.1616022877,0.1808002927,0.01919800504,True,0,0,0
complex,200,8,1600,2,5,design_ht,spillover_control,0.110137319,0.2168336759,0.1066963568,True,0,0,0
complex,200,8,1600,2,5,design_ht,spillover_treated,0.1731328632,0.2958544101,0.1227215469,True,0,0,0
complex,200,8,1600,2,5,doi_nonprivate_generic,direct_low,0.09860674353,0.0994378984,0.0008311548676,True,88,0.003613318426,4.606275892
complex,200,8,1600,2,5,doi_nonprivate_generic,direct_high,0.1616022877,0.1593200201,-0.002282267606,True,88,0.003613318426,4.606275892
complex,200,8,1600,2,5,doi_nonprivate_generic,spillover_control,0.110137319,0.1130089077,0.002871588685,True,88,0.003613318426,4.606275892
complex,200,8,1600,2,5,doi_nonprivate_generic,spillover_treated,0.1731328632,0.1728910294,-0.0002418337885,True,88,0.003613318426,4.606275892
complex,200,8,1600,2,5,doi_private_generic,direct_low,0.09860674353,0.1113286718,0.0127219283,True,70,0.0002991335096,5.352448097
complex,200,8,1600,2,5,doi_private_generic,direct_high,0.1616022877,0.1760937244,0.01449143668,True,70,0.0002991335096,5.352448097
complex,200,8,1600,2,5,doi_private_generic,spillover_control,0.110137319,0.1530772406,0.04293992157,True,70,0.0002991335096,5.352448097
complex,200,8,1600,2,5,doi_private_generic,spillover_treated,0.1731328632,0.2178422931,0.04470942995,True,70,0.0002991335096,5.352448097
complex,200,8,1600,2,5,doi_private_no_interference,direct_low,0.09860674353,0.2493143345,0.150707591,True,10,0.0002259842159,1.857225552
complex,200,8,1600,2,5,doi_private_no_interference,direct_high,0.1616022877,0.2493143345,0.08771204686,True,10,0.0002259842159,1.857225552
complex,200,8,1600,2,5,doi_private_no_interference,spillover_control,0.110137319,0,-0.110137319,True,10,0.0002259842159,1.857225552
complex,200,8,1600,2,5,doi_private_no_interference,spillover_treated,0.1731328632,0,-0.1731328632,True,10,0.0002259842159,1.857225552
complex,200,8,1600,0.5,6,design_ht,direct_low,0.09860674353,-0.07616702107,-0.1747737646,True,0,0,0
complex,200,8,1600,0.5,6,design_ht,direct_high,0.1616022877,-0.1236222957,-0.2852245833,True,0,0,0
complex,200,8,1600,0.5,6,design_ht,spillover_control,0.110137319,0.1006354012,-0.00950191781,True,0,0,0
complex,200,8,1600,0.5,6,design_ht,spillover_treated,0.1731328632,0.05318012665,-0.1199527365,True,0,0,0
complex,200,8,1600,0.5,6,doi_nonprivate_generic,direct_low,0.09860674353,0.09661891458,-0.001987828956,True,77,0.005885186646,4.602945213
complex,200,8,1600,0.5,6,doi_nonprivate_generic,direct_high,0.1616022877,0.1577289732,-0.003873314435,True,77,0.005885186646,4.602945213
complex,200,8,1600,0.5,6,doi_nonprivate_generic,spillover_control,0.110137319,0.1151435712,0.005006252192,True,77,0.005885186646,4.602945213
complex,200,8,1600,0.5,6,doi_nonprivate_generic,spillover_treated,0.1731328632,0.1762536299,0.003120766712,True,77,0.005885186646,4.602945213
complex,200,8,1600,0.5,6,doi_private_generic,direct_low,0.09860674353,-0.09616461108,-0.1947713546,True,45,0.0005406032107,4.064693746
complex,200,8,1600,0.5,6,doi_private_generic,direct_high,0.1616022877,-0.2810165963,-0.442618884,True,45,0.0005406032107,4.064693746
complex,200,8,1600,0.5,6,doi_private_generic,spillover_control,0.110137319,0.3742432626,0.2641059435,True,45,0.0005406032107,4.064693746
complex,200,8,1600,0.5,6,doi_private_generic,spillover_treated,0.1731328632,0.1893912773,0.01625841415,True,45,0.0005406032107,4.064693746
complex,200,8,1600,0.5,6,doi_private_no_interference,direct_low,0.09860674353,0.0003182255283,-0.098288518,True,7,3.963563131e-05,2.4086935
complex,200,8,1600,0.5,6,doi_private_no_interference,direct_high,0.1616022877,0.0003182255283,-0.1612840621,True,7,3.963563131e-05,2.4086935
complex,200,8,1600,0.5,6,doi_private_no_interference,spillover_control,0.110137319,0,-0.110137319,True,7,3.963563131e-05,2.4086935
complex,200,8,1600,0.5,6,doi_private_no_interference,spillover_treated,0.1731328632,0,-0.1731328632,True,7,3.963563131e-05,2.4086935
complex,200,8,1600,1,6,design_ht,direct_low,0.09860674353,0.1469276832,0.04832093971,True,0,0,0
complex,200,8,1600,1,6,design_ht,direct_high,0.1616022877,0.05995185116,-0.1016504365,True,0,0,0
complex,200,8,1600,1,6,design_ht,spillover_control,0.110137319,0.142163873,0.03202655396,True,0,0,0
complex,200,8,1600,1,6,design_ht,spillover_treated,0.1731328632,0.05518804092,-0.1179448223,True,0,0,0
complex,200,8,1600,1,6,doi_nonprivate_generic,direct_low,0.09860674353,0.09661891458,-0.001987828956,True,77,0.005885186646,4.602945213
complex,200,8,1600,1,6,doi_nonprivate_generic,direct_high,0.1616022877,0.1577289732,-0.003873314435,True,77,0.005885186646,4.602945213
complex,200,8,1600,1,6,doi_nonprivate_generic,spillover_control,0.110137319,0.1151435712,0.005006252192,True,77,0.005885186646,4.602945213
complex,200,8,1600,1,6,doi_nonprivate_generic,spillover_treated,0.1731328632,0.1762536299,0.003120766712,True,77,0.005885186646,4.602945213
complex,200,8,1600,1,6,doi_private_generic,direct_low,0.09860674353,0.1697152291,0.07110848553,True,57,0.0002200064167,3.177085662
complex,200,8,1600,1,6,doi_private_generic,direct_high,0.1616022877,0.07228468579,-0.08931760189,True,57,0.0002200064167,3.177085662
complex,200,8,1600,1,6,doi_private_generic,spillover_control,0.110137319,0.1961497455,0.08601242644,True,57,0.0002200064167,3.177085662
complex,200,8,1600,1,6,doi_private_generic,spillover_treated,0.1731328632,0.0987192022,-0.07441366098,True,57,0.0002200064167,3.177085662
complex,200,8,1600,1,6,doi_private_no_interference,direct_low,0.09860674353,0.2164389983,0.1178322548,True,10,6.301348923e-05,1.434798197
complex,200,8,1600,1,6,doi_private_no_interference,direct_high,0.1616022877,0.2164389983,0.05483671066,True,10,6.301348923e-05,1.434798197
complex,200,8,1600,1,6,doi_private_no_interference,spillover_control,0.110137319,0,-0.110137319,True,10,6.301348923e-05,1.434798197
complex,200,8,1600,1,6,doi_private_no_interference,spillover_treated,0.1731328632,0,-0.1731328632,True,10,6.301348923e-05,1.434798197
complex,200,8,1600,2,6,design_ht,direct_low,0.09860674353,0.05100499954,-0.04760174399,True,0,0,0
complex,200,8,1600,2,6,design_ht,direct_high,0.1616022877,0.1002847052,-0.06131758245,True,0,0,0
complex,200,8,1600,2,6,design_ht,spillover_control,0.110137319,0.1207867634,0.01064944432,True,0,0,0
complex,200,8,1600,2,6,design_ht,spillover_treated,0.1731328632,0.170066469,-0.003066394136,True,0,0,0
complex,200,8,1600,2,6,doi_nonprivate_generic,direct_low,0.09860674353,0.09661891458,-0.001987828956,True,77,0.005885186646,4.602945213
complex,200,8,1600,2,6,doi_nonprivate_generic,direct_high,0.1616022877,0.1577289732,-0.003873314435,True,77,0.005885186646,4.602945213
complex,200,8,1600,2,6,doi_nonprivate_generic,spillover_control,0.110137319,0.1151435712,0.005006252192,True,77,0.005885186646,4.602945213
complex,200,8,1600,2,6,doi_nonprivate_generic,spillover_treated,0.1731328632,0.1762536299,0.003120766712,True,77,0.005885186646,4.602945213
complex,200,8,1600,2,6,doi_private_generic,direct_low,0.09860674353,0.06672000589,-0.03188673764,True,68,0.002162678175,4.941724985
complex,200,8,1600,2,6,doi_private_generic,direct_high,0.1616022877,0.1222966134,-0.03930567429,True,68,0.002162678175,4.941724985
complex,200,8,1600,2,6,doi_private_generic,spillover_control,0.110137319,0.1594997745,0.04936245545,True,68,0.002162678175,4.941724985
complex,200,8,1600,2,6,doi_private_generic,spillover_treated,0.1731328632,0.215076382,0.0419435188,True,68,0.002162678175,4.941724985
complex,200,8,1600,2,6,doi_private_no_interference,direct_low,0.09860674353,0.2080968988,0.1094901553,True,11,8.890127547e-05,1.159343848
complex,200,8,1600,2,6,doi_private_no_interference,direct_high,0.1616022877,0.2080968988,0.04649461116,True,11,8.890127547e-05,1.159343848
complex,200,8,1600,2,6,doi_private_no_interference,spillover_control,0.110137319,0,-0.110137319,True,11,8.890127547e-05,1.159343848
complex,200,8,1600,2,6,doi_private_no_interference,spillover_treated,0.1731328632,0,-0.1731328632,True,11,8.890127547e-05,1.159343848
complex,200,8,1600,0.5,7,design_ht,direct_low,0.09860674353,0.06587786611,-0.03272887742,True,0,0,0
complex,200,8,1600,0.5,7,design_ht,direct_high,0.1616022877,0.4338174925,0.2722152049,True,0,0,0
complex,200,8,1600,0.5,7,design_ht,spillover_control,0.110137319,-0.1705588942,-0.2806962132,True,0,0,0
complex,200,8,1600,0.5,7,design_ht,spillover_treated,0.1731328632,0.1973807322,0.02424786904,True,0,0,0
complex,200,8,1600,0.5,7,doi_nonprivate_generic,direct_low,0.09860674353,0.09778615617,-0.000820587365,True,68,0.004033520899,4.601885594
complex,200,8,1600,0.5,7,doi_nonprivate_generic,direct_high,0.1616022877,0.1570861966,-0.004516091112,True,68,0.004033520899,4.601885594
complex,200,8,1600,0.5,7,doi_nonprivate_generic,spillover_control,0.110137319,0.1153523609,0.00521504183,True,68,0.004033520899,4.601885594
complex,200,8,1600,0.5,7,doi_nonprivate_generic,spillover_treated,0.1731328632,0.1746524013,0.001519538084,True,68,0.004033520899,4.601885594
complex,200,8,1600,0.5,7,doi_private_generic,direct_low,0.09860674353,0.08893449906,-0.009672244469,True,47,0.0003655051597,4.27678242
complex,200,8,1600,0.5,7,doi_private_generic,direct_high,0.1616022877,0.3867218917,0.2251196041,True,47,0.0003655051597,4.27678242
complex,200,8,1600,0.5,7,doi_private_generic,spillover_control,0.110137319,-0.1042784532,-0.2144157722,True,47,0.0003655051597,4.27678242
complex,200,8,1600,0.5,7,doi_private_generic,spillover_treated,0.1731328632,0.1935089395,0.0203760763,True,47,0.0003655051597,4.27678242
complex,200,8,1600,0.5,7,doi_private_no_interference,direct_low,0.09860674353,0.2642818715,0.1656751279,True,11,1.217237579e-06,1.46956894
complex,200,8,1600,0.5,7,doi_private_no_interference,direct_high,0.1616022877,0.2642818715,0.1026795838,True,11,1.217237579e-06,1.46956894
complex,200,8,1600,0.5,7,doi_private_no_interference,spillover_control,0.110137319,0,-0.110137319,True,11,1.217237579e-06,1.46956894
complex,200,8,1600,0.5,7,doi_private_no_interference,spillover_treated,0.1731328632,0,-0.1731328632,True,11,1.217237579e-06,1.46956894
complex,200,8,1600,1,7,design_ht,direct_low,0.09860674353,0.09828487952,-0.0003218640089,True,0,0,0
complex,200,8,1600,1,7,design_ht,direct_high,0.1616022877,0.1994894553,0.03788716765,True,0,0,0
complex,200,8,1600,1,7,design_ht,spillover_control,0.110137319,0.1305595884,0.02042226932,True,0,0,0
complex,200,8,1600,1,7,design_ht,spillover_treated,0.1731328632,0.2317641642,0.05863130098,True,0,0,0
complex,200,8,1600,1,7,doi_nonprivate_generic,direct_low,0.09860674353,0.09778615617,-0.000820587365,True,68,0.004033520899,4.601885594
complex,200,8,1600,1,7,doi_nonprivate_generic,direct_high,0.1616022877,0.1570861966,-0.004516091112,True,68,0.004033520899,4.601885594
complex,200,8,1600,1,7,doi_nonprivate_generic,spillover_control,0.110137319,0.1153523609,0.00521504183,True,68,0.004033520899,4.601885594
complex,200,8,1600,1,7,doi_nonprivate_generic,spillover_treated,0.1731328632,0.1746524013,0.001519538084,True,68,0.004033520899,4.601885594
complex,200,8,1600,1,7,doi_private_generic,direct_low,0.09860674353,0.1225113363,0.02390459275,True,57,0.0009669197967,3.49721814
complex,200,8,1600,1,7,doi_private_generic,direct_high,0.1616022877,0.1854664432,0.02386415557,True,57,0.0009669197967,3.49721814
complex,200,8,1600,1,7,doi_private_generic,spillover_control,0.110137319,0.1420901439,0.03195282489,True,57,0.0009669197967,3.49721814
complex,200,8,1600,1,7,doi_private_generic,spillover_treated,0.1731328632,0.2050452509,0.03191238772,True,57,0.0009669197967,3.49721814
complex,200,8,1600,1,7,doi_private_no_interference,direct_low,0.09860674353,0.2629505463,0.1643438028,True,11,2.510100067e-05,1.5451887
complex,200,8,1600,1,7,doi_private_no_interference,direct_high,0.1616022877,0.2629505463,0.1013482586,True,11,2.510100067e-05,1.5451887
complex,200,8,1600,1,7,doi_private_no_interference,spillover_control,0.110137319,0,-0.110137319,True,11,2.510100067e-05,1.5451887
complex,200,8,1600,1,7,doi_private_no_interference,spillover_treated,0.1731328632,0,-0.1731328632,True,11,2.510100067e-05,1.5451887
complex,200,8,1600,2,7,design_ht,direct_low,0.09860674353,0.06273044061,-0.03587630292,True,0,0,0
complex,200,8,1600,2,7,design_ht,direct_high,0.1616022877,0.1395099991,-0.02209228859,True,0,0,0
complex,200,8,1600,2,7,design_ht,spillover_control,0.110137319,0.1225127933,0.01237547424,True,0,0,0
complex,200,8,1600,2,7,design_ht,spillover_treated,0.1731328632,0.1992923518,0.02615948857,True,0,0,0
complex,200,8,1600,2,7,doi_nonprivate_generic,direct_low,0.09860674353,0.09778615617,-0.000820587365,True,68,0.004033520899,4.601885594
complex,200,8,1600,2,7,doi_nonprivate_generic,direct_high,0.1616022877,0.1570861966,-0.004516091112,True,68,0.004033520899,4.601885594
complex,200,8,1600,2,7,doi_nonprivate_generic,spillover_control,0.110137319,0.1153523609,0.00521504183,True,68,0.004033520899,4.601885594
complex,200,8,1600,2,7,doi_nonprivate_generic,spillover_treated,0.1731328632,0.1746524013,0.001519538084,True,68,0.004033520899,4.601885594
complex,200,8,1600,2,7,doi_private_generic,direct_low,0.09860674353,0.07069105309,-0.02791569044,True,62,0.003991822789,3.655181335
complex,200,8,1600,2,7,doi_private_generic,direct_high,0.1616022877,0.1472477109,-0.01435457681,True,62,0.003991822789,3.655181335
complex,200,8,1600,2,7,doi_private_generic,spillover_control,0.110137319,0.123156159,0.01301883998,True,62,0.003991822789,3.655181335
complex,200,8,1600,2,7,doi_private_generic,spillover_treated,0.1731328632,0.1997128168,0.02657995361,True,62,0.003991822789,3.655181335
complex,200,8,1600,2,7,doi_private_no_interference,direct_low,0.09860674353,0.2040045959,0.1053978523,True,10,1.041650102e-05,1.050562344
complex,200,8,1600,2,7,doi_private_no_interference,direct_high,0.1616022877,0.2040045959,0.04240230818,True,10,1.041650102e-05,1.050562344
complex,200,8,1600,2,7,doi_private_no_interference,spillover_control,0.110137319,0,-0.110137319,True,10,1.041650102e-05,1.050562344
complex,200,8,1600,2,7,doi_private_no_interference,spillover_treated,0.1731328632,0,-0.1731328632,True,10,1.041650102e-05,1.050562344
complex,200,8,1600,0.5,8,design_ht,direct_low,0.09860674353,0.3378695913,0.2392628478,True,0,0,0
complex,200,8,1600,0.5,8,design_ht,direct_high,0.1616022877,0.003705274583,-0.1578970131,True,0,0,0
complex,200,8,1600,0.5,8,design_ht,spillover_control,0.110137319,0.3058545211,0.195717202,True,0,0,0
complex,200,8,1600,0.5,8,design_ht,spillover_treated,0.1731328632,-0.02830979565,-0.2014426588,True,0,0,0
complex,200,8,1600,0.5,8,doi_nonprivate_generic,direct_low,0.09860674353,0.09820384299,-0.0004029005389,True,80,0.002902995639,4.589344466
complex,200,8,1600,0.5,8,doi_nonprivate_generic,direct_high,0.1616022877,0.1584264186,-0.003175869076,True,80,0.002902995639,4.589344466
complex,200,8,1600,0.5,8,doi_nonprivate_generic,spillover_control,0.110137319,0.1116682316,0.001530912608,True,80,0.002902995639,4.589344466
complex,200,8,1600,0.5,8,doi_nonprivate_generic,spillover_treated,0.1731328632,0.1718908073,-0.001242055929,True,80,0.002902995639,4.589344466
complex,200,8,1600,0.5,8,doi_private_generic,direct_low,0.09860674353,0.1748098324,0.0762030889,True,42,0.0005581752253,3.142038896
complex,200,8,1600,0.5,8,doi_private_generic,direct_high,0.1616022877,0.1218184913,-0.03978379636,True,42,0.0005581752253,3.142038896
complex,200,8,1600,0.5,8,doi_private_generic,spillover_control,0.110137319,-0.01438767867,-0.1245249977,True,42,0.0005581752253,3.142038896
complex,200,8,1600,0.5,8,doi_private_generic,spillover_treated,0.1731328632,-0.06737901979,-0.240511883,True,42,0.0005581752253,3.142038896
complex,200,8,1600,0.5,8,doi_private_no_interference,direct_low,0.09860674353,0.1229710184,0.02436427486,True,8,9.136395835e-06,0.601112024
complex,200,8,1600,0.5,8,doi_private_no_interference,direct_high,0.1616022877,0.1229710184,-0.03863126928,True,8,9.136395835e-06,0.601112024
complex,200,8,1600,0.5,8,doi_private_no_interference,spillover_control,0.110137319,0,-0.110137319,True,8,9.136395835e-06,0.601112024
complex,200,8,1600,0.5,8,doi_private_no_interference,spillover_treated,0.1731328632,0,-0.1731328632,True,8,9.136395835e-06,0.601112024
complex,200,8,1600,1,8,design_ht,direct_low,0.09860674353,0.0890625,-0.009544243532,True,0,0,0
complex,200,8,1600,1,8,design_ht,direct_high,0.1616022877,0.1446611484,-0.01694113932,True,0,0,0
complex,200,8,1600,1,8,design_ht,spillover_control,0.110137319,0.2011010191,0.09096370003,True,0,0,0
complex,200,8,1600,1,8,design_ht,spillover_treated,0.1731328632,0.2566996674,0.08356680424,True,0,0,0
complex,200,8,1600,1,8,doi_nonprivate_generic,direct_low,0.09860674353,0.09820384299,-0.0004029005389,True,80,0.002902995639,4.589344466
complex,200,8,1600,1,8,doi_nonprivate_generic,direct_high,0.1616022877,0.1584264186,-0.003175869076,True,80,0.002902995639,4.589344466
complex,200,8,1600,1,8,doi_nonprivate_generic,spillover_control,0.110137319,0.1116682316,0.001530912608,True,80,0.002902995639,4.589344466
complex,200,8,1600,1,8,doi_nonprivate_generic,spillover_treated,0.1731328632,0.1718908073,-0.001242055929,True,80,0.002902995639,4.589344466
complex,200,8,1600,1,8,doi_private_generic,direct_low,0.09860674353,0.03462787847,-0.06397886506,True,57,0.0009024284455,4.736468844
complex,200,8,1600,1,8,doi_private_generic,direct_high,0.1616022877,0.1345808,-0.02702148763,True,57,0.0009024284455,4.736468844
complex,200,8,1600,1,8,doi_private_generic,spillover_control,0.110137319,0.0859553257,-0.02418199334,True,57,0.0009024284455,4.736468844
complex,200,8,1600,1,8,doi_private_generic,spillover_treated,0.1731328632,0.1859082473,0.0127753841,True,57,0.0009024284455,4.736468844
complex,200,8,1600,1,8,doi_private_no_interference,direct_low,0.09860674353,0.1557624163,0.05715567282,True,11,9.786823866e-06,0.9790762207
complex,200,8,1600,1,8,doi_private_no_interference,direct_high,0.1616022877,0.1557624163,-0.005839871325,True,11,9.786823866e-06,0.9790762207
complex,200,8,1600,1,8,doi_private_no_interference,spillover_control,0.110137319,0,-0.110137319,True,11,9.786823866e-06,0.9790762207
complex,200,8,1600,1,8,doi_private_no_interference,spillover_treated,0.1731328632,0,-0.1731328632,True,11,9.786823866e-06,0.9790762207
complex,200,8,1600,2,8,design_ht,direct_low,0.09860674353,0.1341980879,0.03559134441,True,0,0,0
complex,200,8,1600,2,8,design_ht,direct_high,0.1616022877,0.1223901458,-0.03921214183,True,0,0,0
complex,200,8,1600,2,8,design_ht,spillover_control,0.110137319,0.3469151464,0.2367778274,True,0,0,0
complex,200,8,1600,2,8,design_ht,spillover_treated,0.1731328632,0.3351072043,0.1619743411,True,0,0,0
complex,200,8,1600,2,8,doi_nonprivate_generic,direct_low,0.09860674353,0.09820384299,-0.0004029005389,True,80,0.002902995639,4.589344466
complex,200,8,1600,2,8,doi_nonprivate_generic,direct_high,0.1616022877,0.1584264186,-0.003175869076,True,80,0.002902995639,4.589344466
complex,200,8,1600,2,8,doi_nonprivate_generic,spillover_control,0.110137319,0.1116682316,0.001530912608,True,80,0.002902995639,4.589344466
complex,200,8,1600,2,8,doi_nonprivate_generic,spillover_treated,0.1731328632,0.1718908073,-0.001242055929,True,80,0.002902995639,4.589344466
complex,200,8,1600,2,8,doi_private_generic,direct_low,0.09860674353,0.08459848,-0.01400826353,True,69,0.001113377378,6.044002032
complex,200,8,1600,2,8,doi_private_generic,direct_high,0.1616022877,0.1715238721,0.009921584401,True,69,0.001113377378,6.044002032
complex,200,8,1600,2,8,doi_private_generic,spillover_control,0.110137319,0.1717835311,0.06164621208,True,69,0.001113377378,6.044002032
complex,200,8,1600,2,8,doi_private_generic,spillover_treated,0.1731328632,0.2587089232,0.08557606002,True,69,0.001113377378,6.044002032
complex,200,8,1600,2,8,doi_private_no_interference,direct_low,0.09860674353,0.229138976,0.1305322324,True,10,1.572375096e-05,1.47157234
complex,200,8,1600,2,8,doi_private_no_interference,direct_high,0.1616022877,0.229138976,0.06753668828,True,10,1.572375096e-05,1.47157234
complex,200,8,1600,2,8,doi_private_no_interference,spillover_control,0.110137319,0,-0.110137319,True,10,1.572375096e-05,1.47157234
complex,200,8,1600,2,8,doi_private_no_interference,spillover_treated,0.1731328632,0,-0.1731328632,True,10,1.572375096e-05,1.47157234
complex,200,8,1600,0.5,9,design_ht,direct_low,0.09860674353,0.06230226054,-0.036304483,True,0,0,0
complex,200,8,1600,0.5,9,design_ht,direct_high,0.1616022877,0.2692492603,0.1076469726,True,0,0,0
complex,200,8,1600,0.5,9,design_ht,spillover_control,0.110137319,-0.05410075351,-0.1642380726,True,0,0,0
complex,200,8,1600,0.5,9,design_ht,spillover_treated,0.1731328632,0.1528462463,-0.02028661691,True,0,0,0
complex,200,8,1600,0.5,9,doi_nonprivate_generic,direct_low,0.09860674353,0.1000024976,0.001395754091,True,60,0.001376977158,4.602610536
complex,200,8,1600,0.5,9,doi_nonprivate_generic,direct_high,0.1616022877,0.156635016,-0.004967271664,True,60,0.001376977158,4.602610536
complex,200,8,1600,0.5,9,doi_nonprivate_generic,spillover_control,0.110137319,0.1169606965,0.006823377503,True,60,0.001376977158,4.602610536
complex,200,8,1600,0.5,9,doi_nonprivate_generic,spillover_treated,0.1731328632,0.1735932149,0.0004603517477,True,60,0.001376977158,4.602610536
complex,200,8,1600,0.5,9,doi_private_generic,direct_low,0.09860674353,0.1049090436,0.006302300023,True,54,0.0002537205975,5.482824658
complex,200,8,1600,0.5,9,doi_private_generic,direct_high,0.1616022877,0.2232865383,0.06168425062,True,54,0.0002537205975,5.482824658
complex,200,8,1600,0.5,9,doi_private_generic,spillover_control,0.110137319,-0.02193742215,-0.1320747412,True,54,0.0002537205975,5.482824658
complex,200,8,1600,0.5,9,doi_private_generic,spillover_treated,0.1731328632,0.09644007259,-0.0766927906,True,54,0.0002537205975,5.482824658
complex,200,8,1600,0.5,9,doi_private_no_interference,direct_low,0.09860674353,0.2028503288,0.1042435853,True,10,0.0002059756909,2.1941588
complex,200,8,1600,0.5,9,doi_private_no_interference,direct_high,0.1616022877,0.2028503288,0.04124804115,True,10,0.0002059756909,2.1941588
complex,200,8,1600,0.5,9,doi_private_no_interference,spillover_control,0.110137319,0,-0.110137319,True,10,0.0002059756909,2.1941588
complex,200,8,1600,0.5,9,doi_private_no_interference,spillover_treated,0.1731328632,0,-0.1731328632,True,10,0.0002059756909,2.1941588
complex,200,8,1600,1,9,design_ht,direct_low,0.09860674353,0.09614552837,-0.002461215166,True,0,0,0
complex,200,8,1600,1,9,design_ht,direct_high,0.1616022877,0.2913190311,0.1297167435,True,0,0,0
complex,200,8,1600,1,9,design_ht,spillover_control,0.110137319,0.01125817395,-0.09887914509,True,0,0,0
complex,200,8,1600,1,9,design_ht,spillover_treated,0.1731328632,0.2064316767,0.03329881353,True,0,0,0
complex,200,8,1600,1,9,doi_nonprivate_generic,direct_low,0.09860674353,0.1000024976,0.001395754091,True,60,0.001376977158,4.602610536
complex,200,8,1600,1,9,doi_nonprivate_generic,direct_high,0.1616022877,0.156635016,-0.004967271664,True,60,0.001376977158,4.602610536
complex,200,8,1600,1,9,doi_nonprivate_generic,spillover_control,0.110137319,0.1169606965,0.006823377503,True,60,0.001376977158,4.602610536
complex,200,8,1600,1,9,doi_nonprivate_generic,spillover_treated,0.1731328632,0.1735932149,0.0004603517477,True,60,0.001376977158,4.602610536
complex,200,8,1600,1,9,doi_private_generic,direct_low,0.09860674353,0.07239501913,-0.0262117244,True,61,0.0007254353612,4.656798892
complex,200,8,1600,1,9,doi_private_generic,direct_high,0.1616022877,0.3043049254,0.1427026377,True,61,0.0007254353612,4.656798892
complex,200,8,1600,1,9,doi_private_generic,spillover_control,0.110137319,-0.001314141838,-0.1114514609,True,61,0.0007254353612,4.656798892
complex,200,8,1600,1,9,doi_private_generic,spillover_treated,0.1731328632,0.2305957644,0.05746290122,True,61,0.0007254353612,4.656798892
complex,200,8,1600,1,9,doi_private_no_interference,direct_low,0.09860674353,0.263413473,0.1648067295,True,12,0.0001110932666,1.586950934
complex,200,8,1600,1,9,doi_private_no_interference,direct_high,0.1616022877,0.263413473,0.1018111854,True,12,0.0001110932666,1.586950934
complex,200,8,1600,1,9,doi_private_no_interference,spillover_control,0.110137319,0,-0.110137319,True,12,0.0001110932666,1.586950934
complex,200,8,1600,1,9,doi_private_no_interference,spillover_treated,0.1731328632,0,-0.1731328632,True,12,0.0001110932666,1.586950934
complex,200,8,1600,2,9,design_ht,direct_low,0.09860674353,0.1146326465,0.016025903,True,0,0,0
complex,200,8,1600,2,9,design_ht,direct_high,0.1616022877,0.1946048518,0.03300256408,True,0,0,0
complex,200,8,1600,2,9,design_ht,spillover_control,0.110137319,0.07343676393,-0.03670055511,True,0,0,0
complex,200,8,1600,2,9,design_ht,spillover_treated,0.1731328632,0.1534089692,-0.01972389402,True,0,0,0
complex,200,8,1600,2,9,doi_nonprivate_generic,direct_low,0.09860674353,0.1000024976,0.001395754091,True,60,0.001376977158,4.602610536
complex,200,8,1600,2,9,doi_nonprivate_generic,direct_high,0.1616022877,0.156635016,-0.004967271664,True,60,0.001376977158,4.602610536
complex,200,8,1600,2,9,doi_nonprivate_generic,spillover_control,0.110137319,0.1169606965,0.006823377503,True,60,0.001376977158,4.602610536
complex,200,8,1600,2,9,doi_nonprivate_generic,spillover_treated,0.1731328632,0.1735932149,0.0004603517477,True,60,0.001376977158,4.602610536
complex,200,8,1600,2,9,doi_private_generic,direct_low,0.09860674353,0.09680542135,-0.001801322186,True,72,0.002252778422,3.269051854
complex,200,8,1600,2,9,doi_private_generic,direct_high,0.1616022877,0.1717228417,0.01012055398,True,72,0.002252778422,3.269051854
complex,200,8,1600,2,9,doi_private_generic,spillover_control,0.110137319,0.1158683958,0.005731076747,True,72,0.002252778422,3.269051854
complex,200,8,1600,2,9,doi_private_generic,spillover_treated,0.1731328632,0.1907858161,0.01765295291,True,72,0.002252778422,3.269051854
complex,200,8,1600,2,9,doi_private_no_interference,direct_low,0.09860674353,0.2281564657,0.1295497222,True,11,3.685740913e-05,1.901691166
complex,200,8,1600,2,9,doi_private_no_interference,direct_high,0.1616022877,0.2281564657,0.06655417806,True,11,3.685740913e-05,1.901691166
complex,200,8,1600,2,9,doi_private_no_interference,spillover_control,0.110137319,0,-0.110137319,True,11,3.685740913e-05,1.901691166
complex,200,8,1600,2,9,doi_private_no_interference,spillover_treated,0.1731328632,0,-0.1731328632,True,11,3.685740913e-05,1.901691166
complex,200,8,1600,0.5,10,design_ht,direct_low,0.09860674353,0.3505608589,0.2519541153,True,0,0,0
complex,200,8,1600,0.5,10,design_ht,direct_high,0.1616022877,0.6772206684,0.5156183807,True,0,0,0
complex,200,8,1600,0.5,10,design_ht,spillover_control,0.110137319,-0.319174718,-0.429312037,True,0,0,0
complex,200,8,1600,0.5,10,design_ht,spillover_treated,0.1731328632,0.007485091528,-0.1656477717,True,0,0,0
complex,200,8,1600,0.5,10,doi_nonprivate_generic,direct_low,0.09860674353,0.09799706878,-0.0006096747537,True,79,0.002369319396,4.647096236
complex,200,8,1600,0.5,10,doi_nonprivate_generic,direct_high,0.1616022877,0.1586226342,-0.002979653448,True,79,0.002369319396,4.647096236
complex,200,8,1600,0.5,10,doi_nonprivate_generic,spillover_control,0.110137319,0.115431015,0.005293695961,True,79,0.002369319396,4.647096236
complex,200,8,1600,0.5,10,doi_nonprivate_generic,spillover_treated,0.1731328632,0.1760565804,0.002923717267,True,79,0.002369319396,4.647096236
complex,200,8,1600,0.5,10,doi_private_generic,direct_low,0.09860674353,0.3454412645,0.246834521,True,42,0.0002351990893,4.037153007
complex,200,8,1600,0.5,10,doi_private_generic,direct_high,0.1616022877,0.5048864401,0.3432841524,True,42,0.0002351990893,4.037153007
complex,200,8,1600,0.5,10,doi_private_generic,spillover_control,0.110137319,-0.149495426,-0.2596327451,True,42,0.0002351990893,4.037153007
complex,200,8,1600,0.5,10,doi_private_generic,spillover_treated,0.1731328632,0.009949749564,-0.1631831136,True,42,0.0002351990893,4.037153007
complex,200,8,1600,0.5,10,doi_private_no_interference,direct_low,0.09860674353,0.3784909504,0.2798842068,True,11,0.0001961938219,2.437655685
complex,200,8,1600,0.5,10,doi_private_no_interference,direct_high,0.1616022877,0.3784909504,0.2168886627,True,11,0.0001961938219,2.437655685
complex,200,8,1600,0.5,10,doi_private_no_interference,spillover_control,0.110137319,0,-0.110137319,True,11,0.0001961938219,2.437655685
complex,200,8,1600,0.5,10,doi_private_no_interference,spillover_treated,0.1731328632,0,-0.1731328632,True,11,0.0001961938219,2.437655685
complex,200,8,1600,1,10,design_ht,direct_low,0.09860674353,0.1502698005,0.05166305692,True,0,0,0
complex,200,8,1600,1,10,design_ht,direct_high,0.1616022877,0.04043331953,-0.1211689681,True,0,0,0
complex,200,8,1600,1,10,design_ht,spillover_control,0.110137319,0.1981186358,0.08798131676,True,0,0,0
complex,200,8,1600,1,10,design_ht,spillover_treated,0.1731328632,0.08828215487,-0.08485070831,True,0,0,0
complex,200,8,1600,1,10,doi_nonprivate_generic,direct_low,0.09860674353,0.09799706878,-0.0006096747537,True,79,0.002369319396,4.647096236
complex,200,8,1600,1,10,doi_nonprivate_generic,direct_high,0.1616022877,0.1586226342,-0.002979653448,True,79,0.002369319396,4.647096236
complex,200,8,1600,1,10,doi_nonprivate_generic,spillover_control,0.110137319,0.115431015,0.005293695961,True,79,0.002369319396,4.647096236
complex,200,8,1600,1,10,doi_nonprivate_generic,spillover_treated,0.1731328632,0.1760565804,0.002923717267,True,79,0.002369319396,4.647096236
complex,200,8,1600,1,10,doi_private_generic,direct_low,0.09860674353,0.1598688424,0.06126209885,True,67,0.0006688860214,2.768603448
complex,200,8,1600,1,10,doi_private_generic,direct_high,0.1616022877,0.01423448206,-0.1473678056,True,67,0.0006688860214,2.768603448
complex,200,8,1600,1,10,doi_private_generic,spillover_control,0.110137319,0.1966502912,0.08651297215,True,67,0.0006688860214,2.768603448
complex,200,8,1600,1,10,doi_private_generic,spillover_treated,0.1731328632,0.05101593087,-0.1221169323,True,67,0.0006688860214,2.768603448
complex,200,8,1600,1,10,doi_private_no_interference,direct_low,0.09860674353,0.1525992622,0.05399251863,True,9,6.042519622e-05,1.296369123
complex,200,8,1600,1,10,doi_private_no_interference,direct_high,0.1616022877,0.1525992622,-0.009003025515,True,9,6.042519622e-05,1.296369123
complex,200,8,1600,1,10,doi_private_no_interference,spillover_control,0.110137319,0,-0.110137319,True,9,6.042519622e-05,1.296369123
complex,200,8,1600,1,10,doi_private_no_interference,spillover_treated,0.1731328632,0,-0.1731328632,True,9,6.042519622e-05,1.296369123
complex,200,8,1600,2,10,design_ht,direct_low,0.09860674353,0.08980955859,-0.008797184944,True,0,0,0
complex,200,8,1600,2,10,design_ht,direct_high,0.1616022877,0.1975938222,0.0359915345,True,0,0,0
complex,200,8,1600,2,10,design_ht,spillover_control,0.110137319,0.1492113229,0.03907400382,True,0,0,0
complex,200,8,1600,2,10,design_ht,spillover_treated,0.1731328632,0.2569955865,0.08386272327,True,0,0,0
complex,200,8,1600,2,10,doi_nonprivate_generic,direct_low,0.09860674353,0.09799706878,-0.0006096747537,True,79,0.002369319396,4.647096236
complex,200,8,1600,2,10,doi_nonprivate_generic,direct_high,0.1616022877,0.1586226342,-0.002979653448,True,79,0.002369319396,4.647096236
complex,200,8,1600,2,10,doi_nonprivate_generic,spillover_control,0.110137319,0.115431015,0.005293695961,True,79,0.002369319396,4.647096236
complex,200,8,1600,2,10,doi_nonprivate_generic,spillover_treated,0.1731328632,0.1760565804,0.002923717267,True,79,0.002369319396,4.647096236
complex,200,8,1600,2,10,doi_private_generic,direct_low,0.09860674353,0.05897825256,-0.03962849097,True,69,0.002472472783,2.317151567
complex,200,8,1600,2,10,doi_private_generic,direct_high,0.1616022877,0.2096676674,0.04806537972,True,69,0.002472472783,2.317151567
complex,200,8,1600,2,10,doi_private_generic,spillover_control,0.110137319,0.1078568739,-0.002280445118,True,69,0.002472472783,2.317151567
complex,200,8,1600,2,10,doi_private_generic,spillover_treated,0.1731328632,0.2585462888,0.08541342557,True,69,0.002472472783,2.317151567
complex,200,8,1600,2,10,doi_private_no_interference,direct_low,0.09860674353,0.2385308127,0.1399240691,True,11,6.04381376e-05,1.340552281
complex,200,8,1600,2,10,doi_private_no_interference,direct_high,0.1616022877,0.2385308127,0.07692852498,True,11,6.04381376e-05,1.340552281
complex,200,8,1600,2,10,doi_private_no_interference,spillover_control,0.110137319,0,-0.110137319,True,11,6.04381376e-05,1.340552281
complex,200,8,1600,2,10,doi_private_no_interference,spillover_treated,0.1731328632,0,-0.1731328632,True,11,6.04381376e-05,1.340552281
complex,200,8,1600,0.5,11,design_ht,direct_low,0.09860674353,0.07882847169,-0.01977827185,True,0,0,0
complex,200,8,1600,0.5,11,design_ht,direct_high,0.1616022877,0.0718685281,-0.08973375958,True,0,0,0
complex,200,8,1600,0.5,11,design_ht,spillover_control,0.110137319,0.2587688378,0.1486315188,True,0,0,0
complex,200,8,1600,0.5,11,design_ht,spillover_treated,0.1731328632,0.2518088942,0.07867603102,True,0,0,0
complex,200,8,1600,0.5,11,doi_nonprivate_generic,direct_low,0.09860674353,0.09795142251,-0.000655321026,True,79,0.004710345606,4.588773837
complex,200,8,1600,0.5,11,doi_nonprivate_generic,direct_high,0.1616022877,0.1577930709,-0.003809216738,True,79,0.004710345606,4.588773837
complex,200,8,1600,0.5,11,doi_nonprivate_generic,spillover_control,0.110137319,0.1181605112,0.008023192162,True,79,0.004710345606,4.588773837
complex,200,8,1600,0.5,11,doi_nonprivate_generic,spillover_treated,0.1731328632,0.1780021596,0.00486929645,True,79,0.004710345606,4.588773837
complex,200,8,1600,0.5,11,doi_private_generic,direct_low,0.09860674353,0.293239713,0.1946329695,True,47,0.001319549704,5.725739678
complex,200,8,1600,0.5,11,doi_private_generic,direct_high,0.1616022877,0.08681625808,-0.07478602959,True,47,0.001319549704,5.725739678
complex,200,8,1600,0.5,11,doi_private_generic,spillover_control,0.110137319,0.1421107631,0.03197344408,True,47,0.001319549704,5.725739678
complex,200,8,1600,0.5,11,doi_private_generic,spillover_treated,0.1731328632,-0.06431269182,-0.237445555,True,47,0.001319549704,5.725739678
complex,200,8,1600,0.5,11,doi_private_no_interference,direct_low,0.09860674353,0.2283520198,0.1297452763,True,10,5.671766722e-05,2.096868257
complex,200,8,1600,0.5,11,doi_private_no_interference,direct_high,0.1616022877,0.2283520198,0.06674973215,True,10,5.671766722e-05,2.096868257
complex,200,8,1600,0.5,11,doi_private_no_interference,spillover_control,0.110137319,0,-0.110137319,True,10,5.671766722e-05,2.096868257
complex,200,8,1600,0.5,11,doi_private_no_interference,spillover_treated,0.1731328632,0,-0.1731328632,True,10,5.671766722e-05,2.096868257
complex,200,8,1600,1,11,design_ht,direct_low,0.09860674353,-0.1167396423,-0.2153463859,True,0,0,0
complex,200,8,1600,1,11,design_ht,direct_high,0.1616022877,0.2455196135,0.08391732579,True,0,0,0
complex,200,8,1600,1,11,design_ht,spillover_control,0.110137319,-0.005827579067,-0.1159648981,True,0,0,0
complex,200,8,1600,1,11,design_ht,spillover_treated,0.1731328632,0.3564316767,0.1832988135,True,0,0,0
complex,200,8,1600,1,11,doi_nonprivate_generic,direct_low,0.09860674353,0.09795142251,-0.000655321026,True,79,0.004710345606,4.588773837
complex,200,8,1600,1,11,doi_nonprivate_generic,direct_high,0.1616022877,0.1577930709,-0.003809216738,True,79,0.004710345606,4.588773837
complex,200,8,1600,1,11,doi_nonprivate_generic,spillover_control,0.110137319,0.1181605112,0.008023192162,True,79,0.004710345606,4.588773837
complex,200,8,1600,1,11,doi_nonprivate_generic,spillover_treated,0.1731328632,0.1780021596,0.00486929645,True,79,0.004710345606,4.588773837
complex,200,8,1600,1,11,doi_private_generic,direct_low,0.09860674353,-0.04783144509,-0.1464381886,True,70,0.006337661458,3.422927613
complex,200,8,1600,1,11,doi_private_generic,direct_high,0.1616022877,0.2272668883,0.06566460065,True,70,0.006337661458,3.422927613
complex,200,8,1600,1,11,doi_private_generic,spillover_control,0.110137319,-0.006027947536,-0.1161652666,True,70,0.006337661458,3.422927613
complex,200,8,1600,1,11,doi_private_generic,spillover_treated,0.1731328632,0.2690703859,0.09593752269,True,70,0.006337661458,3.422927613
complex,200,8,1600,1,11,doi_private_no_interference,direct_low,0.09860674353,0.1750051635,0.07639842,True,10,5.166666965e-05,1.50863849
complex,200,8,1600,1,11,doi_private_no_interference,direct_high,0.1616022877,0.1750051635,0.01340287586,True,10,5.166666965e-05,1.50863849
complex,200,8,1600,1,11,doi_private_no_interference,spillover_control,0.110137319,0,-0.110137319,True,10,5.166666965e-05,1.50863849
complex,200,8,1600,1,11,doi_private_no_interference,spillover_treated,0.1731328632,0,-0.1731328632,True,10,5.166666965e-05,1.50863849
complex,200,8,1600,2,11,design_ht,direct_low,0.09860674353,0.03046132286,-0.06814542067,True,0,0,0
complex,200,8,1600,2,11,design_ht,direct_high,0.1616022877,0.1655967636,0.003994475914,True,0,0,0
complex,200,8,1600,2,11,design_ht,spillover_control,0.110137319,0.1908413224,0.08070400337,True,0,0,0
complex,200,8,1600,2,11,design_ht,spillover_treated,0.1731328632,0.3259767631,0.1528438999,True,0,0,0
complex,200,8,1600,2,11,doi_nonprivate_generic,direct_low,0.09860674353,0.09795142251,-0.000655321026,True,79,0.004710345606,4.588773837
complex,200,8,1600,2,11,doi_nonprivate_generic,direct_high,0.1616022877,0.1577930709,-0.003809216738,True,79,0.004710345606,4.588773837
complex,200,8,1600,2,11,doi_nonprivate_generic,spillover_control,0.110137319,0.1181605112,0.008023192162,True,79,0.004710345606,4.588773837
complex,200,8,1600,2,11,doi_nonprivate_generic,spillover_treated,0.1731328632,0.1780021596,0.00486929645,True,79,0.004710345606,4.588773837
complex,200,8,1600,2,11,doi_private_generic,direct_low,0.09860674353,0.08980167909,-0.008805064444,True,66,0.001812075401,2.836573098
complex,200,8,1600,2,11,doi_private_generic,direct_high,0.1616022877,0.1704654864,0.008863198769,True,66,0.001812075401,2.836573098
complex,200,8,1600,2,11,doi_private_generic,spillover_control,0.110137319,0.1535449697,0.04340765069,True,66,0.001812075401,2.836573098
complex,200,8,1600,2,11,doi_private_generic,spillover_treated,0.1731328632,0.2342087771,0.0610759139,True,66,0.001812075401,2.836573098
complex,200,8,1600,2,11,doi_private_no_interference,direct_low,0.09860674353,0.2582988246,0.159692081,True,11,1.929246056e-05,1.453824879
complex,200,8,1600,2,11,doi_private_no_interference,direct_high,0.1616022877,0.2582988246,0.0966965369,True,11,1.929246056e-05,1.453824879
complex,200,8,1600,2,11,doi_private_no_interference,spillover_control,0.110137319,0,-0.110137319,True,11,1.929246056e-05,1.453824879
complex,200,8,1600,2,11,doi_private_no_interference,spillover_treated,0.1731328632,0,-0.1731328632,True,11,1.929246056e-05,1.453824879
complex,200,8,1600,0.5,12,design_ht,direct_low,0.09860674353,0.1283713942,0.02976465067,True,0,0,0
complex,200,8,1600,0.5,12,design_ht,direct_high,0.1616022877,0.04212590145,-0.1194763862,True,0,0,0
complex,200,8,1600,0.5,12,design_ht,spillover_control,0.110137319,0.3984051405,0.2882678214,True,0,0,0
complex,200,8,1600,0.5,12,design_ht,spillover_treated,0.1731328632,0.3121596477,0.1390267845,True,0,0,0
complex,200,8,1600,0.5,12,doi_nonprivate_generic,direct_low,0.09860674353,0.0973182994,-0.001288444128,True,84,0.008743905336,4.565563218
complex,200,8,1600,0.5,12,doi_nonprivate_generic,direct_high,0.1616022877,0.1586707771,-0.00293151059,True,84,0.008743905336,4.565563218
complex,200,8,1600,0.5,12,doi_nonprivate_generic,spillover_control,0.110137319,0.1133406609,0.003203341851,True,84,0.008743905336,4.565563218
complex,200,8,1600,0.5,12,doi_nonprivate_generic,spillover_treated,0.1731328632,0.1746931386,0.001560275389,True,84,0.008743905336,4.565563218
complex,200,8,1600,0.5,12,doi_private_generic,direct_low,0.09860674353,0.1197544802,0.02114773668,True,39,0.0003791475944,4.174383789
complex,200,8,1600,0.5,12,doi_private_generic,direct_high,0.1616022877,0.09652821381,-0.06507407386,True,39,0.0003791475944,4.174383789
complex,200,8,1600,0.5,12,doi_private_generic,spillover_control,0.110137319,0.2207597285,0.1106224095,True,39,0.0003791475944,4.174383789
complex,200,8,1600,0.5,12,doi_private_generic,spillover_treated,0.1731328632,0.1975334621,0.02440059896,True,39,0.0003791475944,4.174383789
complex,200,8,1600,0.5,12,doi_private_no_interference,direct_low,0.09860674353,0.2420950171,0.1434882735,True,10,2.00427185e-05,1.451324271
complex,200,8,1600,0.5,12,doi_private_no_interference,direct_high,0.1616022877,0.2420950171,0.08049272938,True,10,2.00427185e-05,1.451324271
complex,200,8,1600,0.5,12,doi_private_no_interference,spillover_control,0.110137319,0,-0.110137319,True,10,2.00427185e-05,1.451324271
complex,200,8,1600,0.5,12,doi_private_no_interference,spillover_treated,0.1731328632,0,-0.1731328632,True,10,2.00427185e-05,1.451324271
complex,200,8,1600,1,12,design_ht,direct_low,0.09860674353,0.172132987,0.07352624342,True,0,0,0
complex,200,8,1600,1,12,design_ht,direct_high,0.1616022877,0.4538326544,0.2922303667,True,0,0,0
complex,200,8,1600,1,12,design_ht,spillover_control,0.110137319,-0.05199854418,-0.1621358632,True,0,0,0
complex,200,8,1600,1,12,design_ht,spillover_treated,0.1731328632,0.2297011232,0.05656826006,True,0,0,0
complex,200,8,1600,1,12,doi_nonprivate_generic,direct_low,0.09860674353,0.0973182994,-0.001288444128,True,84,0.008743905336,4.565563218
complex,200,8,1600,1,12,doi_nonprivate_generic,direct_high,0.1616022877,0.1586707771,-0.00293151059,True,84,0.008743905336,4.565563218
complex,200,8,1600,1,12,doi_nonprivate_generic,spillover_control,0.110137319,0.1133406609,0.003203341851,True,84,0.008743905336,4.565563218
complex,200,8,1600,1,12,doi_nonprivate_generic,spillover_treated,0.1731328632,0.1746931386,0.001560275389,True,84,0.008743905336,4.565563218
complex,200,8,1600,1,12,doi_private_generic,direct_low,0.09860674353,0.2225839771,0.1239772335,True,67,0.001453068733,5.190202108
complex,200,8,1600,1,12,doi_private_generic,direct_high,0.1616022877,0.3213390304,0.1597367428,True,67,0.001453068733,5.190202108
complex,200,8,1600,1,12,doi_private_generic,spillover_control,0.110137319,-0.01964378351,-0.1297811025,True,67,0.001453068733,5.190202108
complex,200,8,1600,1,12,doi_private_generic,spillover_treated,0.1731328632,0.07911126985,-0.09402159334,True,67,0.001453068733,5.190202108
complex,200,8,1600,1,12,doi_private_no_interference,direct_low,0.09860674353,0.3036207237,0.2050139801,True,10,0.0001295588493,1.669405057
complex,200,8,1600,1,12,doi_private_no_interference,direct_high,0.1616022877,0.3036207237,0.142018436,True,10,0.0001295588493,1.669405057
complex,200,8,1600,1,12,doi_private_no_interference,spillover_control,0.110137319,0,-0.110137319,True,10,0.0001295588493,1.669405057
complex,200,8,1600,1,12,doi_private_no_interference,spillover_treated,0.1731328632,0,-0.1731328632,True,10,0.0001295588493,1.669405057
complex,200,8,1600,2,12,design_ht,direct_low,0.09860674353,0.04251308771,-0.05609365582,True,0,0,0
complex,200,8,1600,2,12,design_ht,direct_high,0.1616022877,0.2466973519,0.0850950642,True,0,0,0
complex,200,8,1600,2,12,design_ht,spillover_control,0.110137319,0.1571866167,0.04704929768,True,0,0,0
complex,200,8,1600,2,12,design_ht,spillover_treated,0.1731328632,0.3613708809,0.1882380177,True,0,0,0
complex,200,8,1600,2,12,doi_nonprivate_generic,direct_low,0.09860674353,0.0973182994,-0.001288444128,True,84,0.008743905336,4.565563218
complex,200,8,1600,2,12,doi_nonprivate_generic,direct_high,0.1616022877,0.1586707771,-0.00293151059,True,84,0.008743905336,4.565563218
complex,200,8,1600,2,12,doi_nonprivate_generic,spillover_control,0.110137319,0.1133406609,0.003203341851,True,84,0.008743905336,4.565563218
complex,200,8,1600,2,12,doi_nonprivate_generic,spillover_treated,0.1731328632,0.1746931386,0.001560275389,True,84,0.008743905336,4.565563218
complex,200,8,1600,2,12,doi_private_generic,direct_low,0.09860674353,0.07884553997,-0.01976120356,True,69,0.006705718691,4.365216334
complex,200,8,1600,2,12,doi_private_generic,direct_high,0.1616022877,0.1474768736,-0.01412541405,True,69,0.006705718691,4.365216334
complex,200,8,1600,2,12,doi_private_generic,spillover_control,0.110137319,0.1431744913,0.03303717224,True,69,0.006705718691,4.365216334
complex,200,8,1600,2,12,doi_private_generic,spillover_treated,0.1731328632,0.2118058249,0.03867296175,True,69,0.006705718691,4.365216334
complex,200,8,1600,2,12,doi_private_no_interference,direct_low,0.09860674353,0.2362238594,0.1376171159,True,9,3.327363799e-05,1.561923587
complex,200,8,1600,2,12,doi_private_no_interference,direct_high,0.1616022877,0.2362238594,0.07462157176,True,9,3.327363799e-05,1.561923587
complex,200,8,1600,2,12,doi_private_no_interference,spillover_control,0.110137319,0,-0.110137319,True,9,3.327363799e-05,1.561923587
complex,200,8,1600,2,12,doi_private_no_interference,spillover_treated,0.1731328632,0,-0.1731328632,True,9,3.327363799e-05,1.561923587
complex,200,8,1600,0.5,13,design_ht,direct_low,0.09860674353,0.02636476054,-0.072241983,True,0,0,0
complex,200,8,1600,0.5,13,design_ht,direct_high,0.1616022877,0.0320960845,-0.1295062032,True,0,0,0
complex,200,8,1600,0.5,13,design_ht,spillover_control,0.110137319,0.2258201969,0.1156828778,True,0,0,0
complex,200,8,1600,0.5,13,design_ht,spillover_treated,0.1731328632,0.2315515209,0.05841865767,True,0,0,0
complex,200,8,1600,0.5,13,doi_nonprivate_generic,direct_low,0.09860674353,0.09759760567,-0.00100913786,True,71,0.0141568881,4.585868593
complex,200,8,1600,0.5,13,doi_nonprivate_generic,direct_high,0.1616022877,0.157864931,-0.003737356673,True,71,0.0141568881,4.585868593
complex,200,8,1600,0.5,13,doi_nonprivate_generic,spillover_control,0.110137319,0.1155054231,0.005368104103,True,71,0.0141568881,4.585868593
complex,200,8,1600,0.5,13,doi_nonprivate_generic,spillover_treated,0.1731328632,0.1757727485,0.00263988529,True,71,0.0141568881,4.585868593
complex,200,8,1600,0.5,13,doi_private_generic,direct_low,0.09860674353,-0.008740715467,-0.107347459,True,53,0.0004009615657,3.173166401
complex,200,8,1600,0.5,13,doi_private_generic,direct_high,0.1616022877,0.04468092134,-0.1169213663,True,53,0.0004009615657,3.173166401
complex,200,8,1600,0.5,13,doi_private_generic,spillover_control,0.110137319,0.2347598766,0.1246225576,True,53,0.0004009615657,3.173166401
complex,200,8,1600,0.5,13,doi_private_generic,spillover_treated,0.1731328632,0.2881815134,0.1150486502,True,53,0.0004009615657,3.173166401
complex,200,8,1600,0.5,13,doi_private_no_interference,direct_low,0.09860674353,0.1870858435,0.08847909995,True,10,2.005559894e-06,1.346709235
complex,200,8,1600,0.5,13,doi_private_no_interference,direct_high,0.1616022877,0.1870858435,0.0254835558,True,10,2.005559894e-06,1.346709235
complex,200,8,1600,0.5,13,doi_private_no_interference,spillover_control,0.110137319,0,-0.110137319,True,10,2.005559894e-06,1.346709235
complex,200,8,1600,0.5,13,doi_private_no_interference,spillover_treated,0.1731328632,0,-0.1731328632,True,10,2.005559894e-06,1.346709235
complex,200,8,1600,1,13,design_ht,direct_low,0.09860674353,-0.1088508321,-0.2074575756,True,0,0,0
complex,200,8,1600,1,13,design_ht,direct_high,0.1616022877,0.1996556991,0.03805341138,True,0,0,0
complex,200,8,1600,1,13,design_ht,spillover_control,0.110137319,0.01276980046,-0.09736751858,True,0,0,0
complex,200,8,1600,1,13,design_ht,spillover_treated,0.1731328632,0.3212763316,0.1481434684,True,0,0,0
complex,200,8,1600,1,13,doi_nonprivate_generic,direct_low,0.09860674353,0.09759760567,-0.00100913786,True,71,0.0141568881,4.585868593
complex,200,8,1600,1,13,doi_nonprivate_generic,direct_high,0.1616022877,0.157864931,-0.003737356673,True,71,0.0141568881,4.585868593
complex,200,8,1600,1,13,doi_nonprivate_generic,spillover_control,0.110137319,0.1155054231,0.005368104103,True,71,0.0141568881,4.585868593
complex,200,8,1600,1,13,doi_nonprivate_generic,spillover_treated,0.1731328632,0.1757727485,0.00263988529,True,71,0.0141568881,4.585868593
complex,200,8,1600,1,13,doi_private_generic,direct_low,0.09860674353,-0.09056314728,-0.1891698908,True,65,0.0004427933922,4.845774417
complex,200,8,1600,1,13,doi_private_generic,direct_high,0.1616022877,0.1684631708,0.006860883116,True,65,0.0004427933922,4.845774417
complex,200,8,1600,1,13,doi_private_generic,spillover_control,0.110137319,0.07938585673,-0.03075146231,True,65,0.0004427933922,4.845774417
complex,200,8,1600,1,13,doi_private_generic,spillover_treated,0.1731328632,0.3384121748,0.1652793116,True,65,0.0004427933922,4.845774417
complex,200,8,1600,1,13,doi_private_no_interference,direct_low,0.09860674353,0.168266044,0.06965930045,True,10,6.190500322e-06,1.508405472
complex,200,8,1600,1,13,doi_private_no_interference,direct_high,0.1616022877,0.168266044,0.006663756305,True,10,6.190500322e-06,1.508405472
complex,200,8,1600,1,13,doi_private_no_interference,spillover_control,0.110137319,0,-0.110137319,True,10,6.190500322e-06,1.508405472
complex,200,8,1600,1,13,doi_private_no_interference,spillover_treated,0.1731328632,0,-0.1731328632,True,10,6.190500322e-06,1.508405472
complex,200,8,1600,2,13,design_ht,direct_low,0.09860674353,0.07459191126,-0.02401483227,True,0,0,0
complex,200,8,1600,2,13,design_ht,direct_high,0.1616022877,0.1714936755,0.00989138786,True,0,0,0
complex,200,8,1600,2,13,design_ht,spillover_control,0.110137319,0.04258073447,-0.06755658457,True,0,0,0
complex,200,8,1600,2,13,design_ht,spillover_treated,0.1731328632,0.1394824987,-0.03365036444,True,0,0,0
complex,200,8,1600,2,13,doi_nonprivate_generic,direct_low,0.09860674353,0.09759760567,-0.00100913786,True,71,0.0141568881,4.585868593
complex,200,8,1600,2,13,doi_nonprivate_generic,direct_high,0.1616022877,0.157864931,-0.003737356673,True,71,0.0141568881,4.585868593
complex,200,8,1600,2,13,doi_nonprivate_generic,spillover_control,0.110137319,0.1155054231,0.005368104103,True,71,0.0141568881,4.585868593
complex,200,8,1600,2,13,doi_nonprivate_generic,spillover_treated,0.1731328632,0.1757727485,0.00263988529,True,71,0.0141568881,4.585868593
complex,200,8,1600,2,13,doi_private_generic,direct_low,0.09860674353,0.08037635478,-0.01823038876,True,87,0.002119218412,4.599081897
complex,200,8,1600,2,13,doi_private_generic,direct_high,0.1616022877,0.1603675205,-0.001234767211,True,87,0.002119218412,4.599081897
complex,200,8,1600,2,13,doi_private_generic,spillover_control,0.110137319,0.08775017335,-0.02238714569,True,87,0.002119218412,4.599081897
complex,200,8,1600,2,13,doi_private_generic,spillover_treated,0.1731328632,0.167741339,-0.005391524143,True,87,0.002119218412,4.599081897
complex,200,8,1600,2,13,doi_private_no_interference,direct_low,0.09860674353,0.1991335954,0.1005268519,True,10,5.046882551e-05,1.636233926
complex,200,8,1600,2,13,doi_private_no_interference,direct_high,0.1616022877,0.1991335954,0.03753130771,True,10,5.046882551e-05,1.636233926
complex,200,8,1600,2,13,doi_private_no_interference,spillover_control,0.110137319,0,-0.110137319,True,10,5.046882551e-05,1.636233926
complex,200,8,1600,2,13,doi_private_no_interference,spillover_treated,0.1731328632,0,-0.1731328632,True,10,5.046882551e-05,1.636233926
complex,200,8,1600,0.5,14,design_ht,direct_low,0.09860674353,0.2436009153,0.1449941717,True,0,0,0
complex,200,8,1600,0.5,14,design_ht,direct_high,0.1616022877,0.5461748797,0.384572592,True,0,0,0
complex,200,8,1600,0.5,14,design_ht,spillover_control,0.110137319,-0.2089665773,-0.3191038963,True,0,0,0
complex,200,8,1600,0.5,14,design_ht,spillover_treated,0.1731328632,0.09360738718,-0.079525476,True,0,0,0
complex,200,8,1600,0.5,14,doi_nonprivate_generic,direct_low,0.09860674353,0.09933391085,0.0007271673139,True,73,0.007166836991,4.70362572
complex,200,8,1600,0.5,14,doi_nonprivate_generic,direct_high,0.1616022877,0.1582807269,-0.003321560762,True,73,0.007166836991,4.70362572
complex,200,8,1600,0.5,14,doi_nonprivate_generic,spillover_control,0.110137319,0.1138668359,0.003729516811,True,73,0.007166836991,4.70362572
complex,200,8,1600,0.5,14,doi_nonprivate_generic,spillover_treated,0.1731328632,0.1728136519,-0.0003192112655,True,73,0.007166836991,4.70362572
complex,200,8,1600,0.5,14,doi_private_generic,direct_low,0.09860674353,0.2318598225,0.133253079,True,47,0.001100990457,8.468148768
complex,200,8,1600,0.5,14,doi_private_generic,direct_high,0.1616022877,0.5357864419,0.3741841542,True,47,0.001100990457,8.468148768
complex,200,8,1600,0.5,14,doi_private_generic,spillover_control,0.110137319,-0.2093488375,-0.3194861565,True,47,0.001100990457,8.468148768
complex,200,8,1600,0.5,14,doi_private_generic,spillover_treated,0.1731328632,0.09457778193,-0.07855508125,True,47,0.001100990457,8.468148768
complex,200,8,1600,0.5,14,doi_private_no_interference,direct_low,0.09860674353,0.348673235,0.2500664914,True,13,0.0001035309012,4.388010428
complex,200,8,1600,0.5,14,doi_private_no_interference,direct_high,0.1616022877,0.348673235,0.1870709473,True,13,0.0001035309012,4.388010428
complex,200,8,1600,0.5,14,doi_private_no_interference,spillover_control,0.110137319,0,-0.110137319,True,13,0.0001035309012,4.388010428
complex,200,8,1600,0.5,14,doi_private_no_interference,spillover_treated,0.1731328632,0,-0.1731328632,True,13,0.0001035309012,4.388010428
complex,200,8,1600,1,14,design_ht,direct_low,0.09860674353,0.03383720884,-0.0647695347,True,0,0,0
complex,200,8,1600,1,14,design_ht,direct_high,0.1616022877,0.1076344428,-0.0539678449,True,0,0,0
complex,200,8,1600,1,14,design_ht,spillover_control,0.110137319,0.02861191767,-0.08152540137,True,0,0,0
complex,200,8,1600,1,14,design_ht,spillover_treated,0.1731328632,0.1024091516,-0.07072371157,True,0,0,0
complex,200,8,1600,1,14,doi_nonprivate_generic,direct_low,0.09860674353,0.09933391085,0.0007271673139,True,73,0.007166836991,4.70362572
complex,200,8,1600,1,14,doi_nonprivate_generic,direct_high,0.1616022877,0.1582807269,-0.003321560762,True,73,0.007166836991,4.70362572
complex,200,8,1600,1,14,doi_nonprivate_generic,spillover_control,0.110137319,0.1138668359,0.003729516811,True,73,0.007166836991,4.70362572
complex,200,8,1600,1,14,doi_nonprivate_generic,spillover_treated,0.1731328632,0.1728136519,-0.0003192112655,True,73,0.007166836991,4.70362572
complex,200,8,1600,1,14,doi_private_generic,direct_low,0.09860674353,0.02817428445,-0.07043245909,True,68,0.0009355263089,3.06561317
complex,200,8,1600,1,14,doi_private_generic,direct_high,0.1616022877,0.1617530225,0.0001507348203,True,68,0.0009355263089,3.06561317
complex,200,8,1600,1,14,doi_private_generic,spillover_control,0.110137319,0.01289790078,-0.09723941826,True,68,0.0009355263089,3.06561317
complex,200,8,1600,1,14,doi_private_generic,spillover_treated,0.1731328632,0.1464766388,-0.02665622435,True,68,0.0009355263089,3.06561317
complex,200,8,1600,1,14,doi_private_no_interference,direct_low,0.09860674353,0.1366476042,0.03804086062,True,9,2.384269462e-05,1.298716288
complex,200,8,1600,1,14,doi_private_no_interference,direct_high,0.1616022877,0.1366476042,-0.02495468352,True,9,2.384269462e-05,1.298716288
complex,200,8,1600,1,14,doi_private_no_interference,spillover_control,0.110137319,0,-0.110137319,True,9,2.384269462e-05,1.298716288
complex,200,8,1600,1,14,doi_private_no_interference,spillover_treated,0.1731328632,0,-0.1731328632,True,9,2.384269462e-05,1.298716288
complex,200,8,1600,2,14,design_ht,direct_low,0.09860674353,0.1967516165,0.09814487296,True,0,0,0
complex,200,8,1600,2,14,design_ht,direct_high,0.1616022877,0.1071866167,-0.05441567096,True,0,0,0
complex,200,8,1600,2,14,design_ht,spillover_control,0.110137319,0.1205563227,0.01041900371,True,0,0,0
complex,200,8,1600,2,14,design_ht,spillover_treated,0.1731328632,0.03099132298,-0.1421415402,True,0,0,0
complex,200,8,1600,2,14,doi_nonprivate_generic,direct_low,0.09860674353,0.09933391085,0.0007271673139,True,73,0.007166836991,4.70362572
complex,200,8,1600,2,14,doi_nonprivate_generic,direct_high,0.1616022877,0.1582807269,-0.003321560762,True,73,0.007166836991,4.70362572
complex,200,8,1600,2,14,doi_nonprivate_generic,spillover_control,0.110137319,0.1138668359,0.003729516811,True,73,0.007166836991,4.70362572
complex,200,8,1600,2,14,doi_nonprivate_generic,spillover_treated,0.1731328632,0.1728136519,-0.0003192112655,True,73,0.007166836991,4.70362572
complex,200,8,1600,2,14,doi_private_generic,direct_low,0.09860674353,0.135279049,0.03667230552,True,96,0.001934842879,5.56000203
complex,200,8,1600,2,14,doi_private_generic,direct_high,0.1616022877,0.1421533387,-0.01944894895,True,96,0.001934842879,5.56000203
complex,200,8,1600,2,14,doi_private_generic,spillover_control,0.110137319,0.1414404758,0.03130315676,True,96,0.001934842879,5.56000203
complex,200,8,1600,2,14,doi_private_generic,spillover_treated,0.1731328632,0.1483147655,-0.02481809771,True,96,0.001934842879,5.56000203
complex,200,8,1600,2,14,doi_private_no_interference,direct_low,0.09860674353,0.2198269309,0.1212201874,True,10,6.946178494e-05,1.471739829
complex,200,8,1600,2,14,doi_private_no_interference,direct_high,0.1616022877,0.2198269309,0.05822464321,True,10,6.946178494e-05,1.471739829
complex,200,8,1600,2,14,doi_private_no_interference,spillover_control,0.110137319,0,-0.110137319,True,10,6.946178494e-05,1.471739829
complex,200,8,1600,2,14,doi_private_no_interference,spillover_treated,0.1731328632,0,-0.1731328632,True,10,6.946178494e-05,1.471739829
complex,200,8,1600,0.5,15,design_ht,direct_low,0.09860674353,-0.06509985206,-0.1637065956,True,0,0,0
complex,200,8,1600,0.5,15,design_ht,direct_high,0.1616022877,-0.2663835983,-0.427985886,True,0,0,0
complex,200,8,1600,0.5,15,design_ht,spillover_control,0.110137319,0.4452736686,0.3351363495,True,0,0,0
complex,200,8,1600,0.5,15,design_ht,spillover_treated,0.1731328632,0.2439899223,0.07085705912,True,0,0,0
complex,200,8,1600,0.5,15,doi_nonprivate_generic,direct_low,0.09860674353,0.09971775967,0.001111016137,True,76,0.005282303922,4.636250006
complex,200,8,1600,0.5,15,doi_nonprivate_generic,direct_high,0.1616022877,0.1569020199,-0.004700267799,True,76,0.005282303922,4.636250006
complex,200,8,1600,0.5,15,doi_nonprivate_generic,spillover_control,0.110137319,0.1147798949,0.004642575818,True,76,0.005282303922,4.636250006
complex,200,8,1600,0.5,15,doi_nonprivate_generic,spillover_treated,0.1731328632,0.1719641551,-0.001168708118,True,76,0.005282303922,4.636250006
complex,200,8,1600,0.5,15,doi_private_generic,direct_low,0.09860674353,0.02505340921,-0.07355333433,True,44,0.001785311348,3.580588347
complex,200,8,1600,0.5,15,doi_private_generic,direct_high,0.1616022877,-0.3304149341,-0.4920172218,True,44,0.001785311348,3.580588347
complex,200,8,1600,0.5,15,doi_private_generic,spillover_control,0.110137319,0.4930800827,0.3829427637,True,44,0.001785311348,3.580588347
complex,200,8,1600,0.5,15,doi_private_generic,spillover_treated,0.1731328632,0.1376117394,-0.03552112379,True,44,0.001785311348,3.580588347
complex,200,8,1600,0.5,15,doi_private_no_interference,direct_low,0.09860674353,0.05119375757,-0.04741298597,True,8,4.345555248e-05,0.9619636783
complex,200,8,1600,0.5,15,doi_private_no_interference,direct_high,0.1616022877,0.05119375757,-0.1104085301,True,8,4.345555248e-05,0.9619636783
complex,200,8,1600,0.5,15,doi_private_no_interference,spillover_control,0.110137319,0,-0.110137319,True,8,4.345555248e-05,0.9619636783
complex,200,8,1600,0.5,15,doi_private_no_interference,spillover_treated,0.1731328632,0,-0.1731328632,True,8,4.345555248e-05,0.9619636783
complex,200,8,1600,1,15,design_ht,direct_low,0.09860674353,-0.06139898093,-0.1600057245,True,0,0,0
complex,200,8,1600,1,15,design_ht,direct_high,0.1616022877,0.1706213604,0.009019072774,True,0,0,0
complex,200,8,1600,1,15,design_ht,spillover_control,0.110137319,0.1414716516,0.03133433257,True,0,0,0
complex,200,8,1600,1,15,design_ht,spillover_treated,0.1731328632,0.373491993,0.2003591298,True,0,0,0
complex,200,8,1600,1,15,doi_nonprivate_generic,direct_low,0.09860674353,0.09971775967,0.001111016137,True,76,0.005282303922,4.636250006
complex,200,8,1600,1,15,doi_nonprivate_generic,direct_high,0.1616022877,0.1569020199,-0.004700267799,True,76,0.005282303922,4.636250006
complex,200,8,1600,1,15,doi_nonprivate_generic,spillover_control,0.110137319,0.1147798949,0.004642575818,True,76,0.005282303922,4.636250006
complex,200,8,1600,1,15,doi_nonprivate_generic,spillover_treated,0.1731328632,0.1719641551,-0.001168708118,True,76,0.005282303922,4.636250006
complex,200,8,1600,1,15,doi_private_generic,direct_low,0.09860674353,-0.0009322973292,-0.09953904086,True,63,0.002877085695,4.702576419
complex,200,8,1600,1,15,doi_private_generic,direct_high,0.1616022877,0.1938129614,0.03221067373,True,63,0.002877085695,4.702576419
complex,200,8,1600,1,15,doi_private_generic,spillover_control,0.110137319,0.09631330195,-0.01382401709,True,63,0.002877085695,4.702576419
complex,200,8,1600,1,15,doi_private_generic,spillover_treated,0.1731328632,0.2910585607,0.1179256975,True,63,0.002877085695,4.702576419
complex,200,8,1600,1,15,doi_private_no_interference,direct_low,0.09860674353,0.2170179989,0.1184112554,True,10,8.482010869e-05,1.926034095
complex,200,8,1600,1,15,doi_private_no_interference,direct_high,0.1616022877,0.2170179989,0.05541571125,True,10,8.482010869e-05,1.926034095
complex,200,8,1600,1,15,doi_private_no_interference,spillover_control,0.110137319,0,-0.110137319,True,10,8.482010869e-05,1.926034095
complex,200,8,1600,1,15,doi_private_no_interference,spillover_treated,0.1731328632,0,-0.1731328632,True,10,8.482010869e-05,1.926034095
complex,200,8,1600,2,15,design_ht,direct_low,0.09860674353,0.05569249954,-0.04291424399,True,0,0,0
complex,200,8,1600,2,15,design_ht,direct_high,0.1616022877,0.1738983812,0.01229609355,True,0,0,0
complex,200,8,1600,2,15,design_ht,spillover_control,0.110137319,0.08031191115,-0.02982540789,True,0,0,0
complex,200,8,1600,2,15,design_ht,spillover_treated,0.1731328632,0.1985177928,0.02538492964,True,0,0,0
complex,200,8,1600,2,15,doi_nonprivate_generic,direct_low,0.09860674353,0.09971775967,0.001111016137,True,76,0.005282303922,4.636250006
complex,200,8,1600,2,15,doi_nonprivate_generic,direct_high,0.1616022877,0.1569020199,-0.004700267799,True,76,0.005282303922,4.636250006
complex,200,8,1600,2,15,doi_nonprivate_generic,spillover_control,0.110137319,0.1147798949,0.004642575818,True,76,0.005282303922,4.636250006
complex,200,8,1600,2,15,doi_nonprivate_generic,spillover_treated,0.1731328632,0.1719641551,-0.001168708118,True,76,0.005282303922,4.636250006
complex,200,8,1600,2,15,doi_private_generic,direct_low,0.09860674353,0.05824448566,-0.04036225787,True,89,0.0100445753,6.96925645
complex,200,8,1600,2,15,doi_private_generic,direct_high,0.1616022877,0.1562030601,-0.005399227614,True,89,0.0100445753,6.96925645
complex,200,8,1600,2,15,doi_private_generic,spillover_control,0.110137319,0.1040342287,-0.006103090372,True,89,0.0100445753,6.96925645
complex,200,8,1600,2,15,doi_private_generic,spillover_treated,0.1731328632,0.2019928031,0.02885993988,True,89,0.0100445753,6.96925645
complex,200,8,1600,2,15,doi_private_no_interference,direct_low,0.09860674353,0.205975356,0.1073686125,True,10,0.0001037042135,1.289521914
complex,200,8,1600,2,15,doi_private_no_interference,direct_high,0.1616022877,0.205975356,0.04437306837,True,10,0.0001037042135,1.289521914
complex,200,8,1600,2,15,doi_private_no_interference,spillover_control,0.110137319,0,-0.110137319,True,10,0.0001037042135,1.289521914
complex,200,8,1600,2,15,doi_private_no_interference,spillover_treated,0.1731328632,0,-0.1731328632,True,10,0.0001037042135,1.289521914
complex,200,8,1600,0.5,16,design_ht,direct_low,0.09860674353,0.3699592039,0.2713524604,True,0,0,0
complex,200,8,1600,0.5,16,design_ht,direct_high,0.1616022877,0.1380738027,-0.023528485,True,0,0,0
complex,200,8,1600,0.5,16,design_ht,spillover_control,0.110137319,0.1991344998,0.08899718074,True,0,0,0
complex,200,8,1600,0.5,16,design_ht,spillover_treated,0.1731328632,-0.03275090145,-0.2058837646,True,0,0,0
complex,200,8,1600,0.5,16,doi_nonprivate_generic,direct_low,0.09860674353,0.102289151,0.003682407439,True,71,0.004779180408,4.609670976
complex,200,8,1600,0.5,16,doi_nonprivate_generic,direct_high,0.1616022877,0.1602174166,-0.001384871062,True,71,0.004779180408,4.609670976
complex,200,8,1600,0.5,16,doi_nonprivate_generic,spillover_control,0.110137319,0.1147398845,0.004602565455,True,71,0.004779180408,4.609670976
complex,200,8,1600,0.5,16,doi_nonprivate_generic,spillover_treated,0.1731328632,0.1726681501,-0.0004647130458,True,71,0.004779180408,4.609670976
complex,200,8,1600,0.5,16,doi_private_generic,direct_low,0.09860674353,0.2061825147,0.1075757711,True,55,0.0002815634579,3.998801835
complex,200,8,1600,0.5,16,doi_private_generic,direct_high,0.1616022877,0.1179611053,-0.04364118239,True,55,0.0002815634579,3.998801835
complex,200,8,1600,0.5,16,doi_private_generic,spillover_control,0.110137319,0.2864928656,0.1763555466,True,55,0.0002815634579,3.998801835
complex,200,8,1600,0.5,16,doi_private_generic,spillover_treated,0.1731328632,0.1982714562,0.02513859305,True,55,0.0002815634579,3.998801835
complex,200,8,1600,0.5,16,doi_private_no_interference,direct_low,0.09860674353,0.3161901907,0.2175834471,True,11,5.610215786e-06,1.620346206
complex,200,8,1600,0.5,16,doi_private_no_interference,direct_high,0.1616022877,0.3161901907,0.154587903,True,11,5.610215786e-06,1.620346206
complex,200,8,1600,0.5,16,doi_private_no_interference,spillover_control,0.110137319,0,-0.110137319,True,11,5.610215786e-06,1.620346206
complex,200,8,1600,0.5,16,doi_private_no_interference,spillover_treated,0.1731328632,0,-0.1731328632,True,11,5.610215786e-06,1.620346206
complex,200,8,1600,1,16,design_ht,direct_low,0.09860674353,0.1512945093,0.05268776576,True,0,0,0
complex,200,8,1600,1,16,design_ht,direct_high,0.1616022877,0.1889489395,0.02734665184,True,0,0,0
complex,200,8,1600,1,16,design_ht,spillover_control,0.110137319,0.1231186358,0.01298131676,True,0,0,0
complex,200,8,1600,1,16,design_ht,spillover_treated,0.1731328632,0.160773066,-0.01235979716,True,0,0,0
complex,200,8,1600,1,16,doi_nonprivate_generic,direct_low,0.09860674353,0.102289151,0.003682407439,True,71,0.004779180408,4.609670976
complex,200,8,1600,1,16,doi_nonprivate_generic,direct_high,0.1616022877,0.1602174166,-0.001384871062,True,71,0.004779180408,4.609670976
complex,200,8,1600,1,16,doi_nonprivate_generic,spillover_control,0.110137319,0.1147398845,0.004602565455,True,71,0.004779180408,4.609670976
complex,200,8,1600,1,16,doi_nonprivate_generic,spillover_treated,0.1731328632,0.1726681501,-0.0004647130458,True,71,0.004779180408,4.609670976
complex,200,8,1600,1,16,doi_private_generic,direct_low,0.09860674353,0.176079418,0.07747267448,True,57,0.001943581958,3.328345168
complex,200,8,1600,1,16,doi_private_generic,direct_high,0.1616022877,0.1346438437,-0.02695844395,True,57,0.001943581958,3.328345168
complex,200,8,1600,1,16,doi_private_generic,spillover_control,0.110137319,0.2158840525,0.1057467334,True,57,0.001943581958,3.328345168
complex,200,8,1600,1,16,doi_private_generic,spillover_treated,0.1731328632,0.1744484782,0.001315615021,True,57,0.001943581958,3.328345168
complex,200,8,1600,1,16,doi_private_no_interference,direct_low,0.09860674353,0.2696584036,0.17105166,True,9,0.0001304883265,1.700057545
complex,200,8,1600,1,16,doi_private_no_interference,direct_high,0.1616022877,0.2696584036,0.1080561159,True,9,0.0001304883265,1.700057545
complex,200,8,1600,1,16,doi_private_no_interference,spillover_control,0.110137319,0,-0.110137319,True,9,0.0001304883265,1.700057545
complex,200,8,1600,1,16,doi_private_no_interference,spillover_treated,0.1731328632,0,-0.1731328632,True,9,0.0001304883265,1.700057545
complex,200,8,1600,2,16,design_ht,direct_low,0.09860674353,0.1203935289,0.02178678536,True,0,0,0
complex,200,8,1600,2,16,design_ht,direct_high,0.1616022877,0.1145508816,-0.04705140611,True,0,0,0
complex,200,8,1600,2,16,design_ht,spillover_control,0.110137319,0.05984999943,-0.05028731961,True,0,0,0
complex,200,8,1600,2,16,design_ht,spillover_treated,0.1731328632,0.0540073521,-0.1191255111,True,0,0,0
complex,200,8,1600,2,16,doi_nonprivate_generic,direct_low,0.09860674353,0.102289151,0.003682407439,True,71,0.004779180408,4.609670976
complex,200,8,1600,2,16,doi_nonprivate_generic,direct_high,0.1616022877,0.1602174166,-0.001384871062,True,71,0.004779180408,4.609670976
complex,200,8,1600,2,16,doi_nonprivate_generic,spillover_control,0.110137319,0.1147398845,0.004602565455,True,71,0.004779180408,4.609670976
complex,200,8,1600,2,16,doi_nonprivate_generic,spillover_treated,0.1731328632,0.1726681501,-0.0004647130458,True,71,0.004779180408,4.609670976
complex,200,8,1600,2,16,doi_private_generic,direct_low,0.09860674353,0.09193410403,-0.006672639502,True,68,0.01093082301,2.228672435
complex,200,8,1600,2,16,doi_private_generic,direct_high,0.1616022877,0.0712414566,-0.09036083108,True,68,0.01093082301,2.228672435
complex,200,8,1600,2,16,doi_private_generic,spillover_control,0.110137319,0.1519236576,0.04178633858,True,68,0.01093082301,2.228672435
complex,200,8,1600,2,16,doi_private_generic,spillover_treated,0.1731328632,0.1312310102,-0.041901853,True,68,0.01093082301,2.228672435
complex,200,8,1600,2,16,doi_private_no_interference,direct_low,0.09860674353,0.16676834,0.06816159651,True,9,5.818221421e-05,1.538504957
complex,200,8,1600,2,16,doi_private_no_interference,direct_high,0.1616022877,0.16676834,0.005166052367,True,9,5.818221421e-05,1.538504957
complex,200,8,1600,2,16,doi_private_no_interference,spillover_control,0.110137319,0,-0.110137319,True,9,5.818221421e-05,1.538504957
complex,200,8,1600,2,16,doi_private_no_interference,spillover_treated,0.1731328632,0,-0.1731328632,True,9,5.818221421e-05,1.538504957
complex,200,8,1600,0.5,17,design_ht,direct_low,0.09860674353,0.07811205619,-0.02049468734,True,0,0,0
complex,200,8,1600,0.5,17,design_ht,direct_high,0.1616022877,0.2036923308,0.0420900431,True,0,0,0
complex,200,8,1600,0.5,17,design_ht,spillover_control,0.110137319,0.2195150702,0.1093777512,True,0,0,0
complex,200,8,1600,0.5,17,design_ht,spillover_treated,0.1731328632,0.3450953448,0.1719624816,True,0,0,0
complex,200,8,1600,0.5,17,doi_nonprivate_generic,direct_low,0.09860674353,0.09872489792,0.0001181543869,True,69,0.002722936091,4.579444537
complex,200,8,1600,0.5,17,doi_nonprivate_generic,direct_high,0.1616022877,0.1575794688,-0.004022818868,True,69,0.002722936091,4.579444537
complex,200,8,1600,0.5,17,doi_nonprivate_generic,spillover_control,0.110137319,0.1156073696,0.005470050595,True,69,0.002722936091,4.579444537
complex,200,8,1600,0.5,17,doi_nonprivate_generic,spillover_treated,0.1731328632,0.1744619405,0.00132907734,True,69,0.002722936091,4.579444537
complex,200,8,1600,0.5,17,doi_private_generic,direct_low,0.09860674353,0.2138628248,0.1152560813,True,44,0.00110446851,3.152156533
complex,200,8,1600,0.5,17,doi_private_generic,direct_high,0.1616022877,0.236947954,0.07534566633,True,44,0.00110446851,3.152156533
complex,200,8,1600,0.5,17,doi_private_generic,spillover_control,0.110137319,0.1284185738,0.01828125479,True,44,0.00110446851,3.152156533
complex,200,8,1600,0.5,17,doi_private_generic,spillover_treated,0.1731328632,0.151503703,-0.02162916013,True,44,0.00110446851,3.152156533
complex,200,8,1600,0.5,17,doi_private_no_interference,direct_low,0.09860674353,0.3203723319,0.2217655884,True,9,4.375957056e-05,1.815482633
complex,200,8,1600,0.5,17,doi_private_no_interference,direct_high,0.1616022877,0.3203723319,0.1587700442,True,9,4.375957056e-05,1.815482633
complex,200,8,1600,0.5,17,doi_private_no_interference,spillover_control,0.110137319,0,-0.110137319,True,9,4.375957056e-05,1.815482633
complex,200,8,1600,0.5,17,doi_private_no_interference,spillover_treated,0.1731328632,0,-0.1731328632,True,9,4.375957056e-05,1.815482633
complex,200,8,1600,1,17,design_ht,direct_low,0.09860674353,0.07039061999,-0.02821612355,True,0,0,0
complex,200,8,1600,1,17,design_ht,direct_high,0.1616022877,0.20167968,0.0400773923,True,0,0,0
complex,200,8,1600,1,17,design_ht,spillover_control,0.110137319,0.04503088604,-0.06510643299,True,0,0,0
complex,200,8,1600,1,17,design_ht,spillover_treated,0.1731328632,0.176319946,0.003187082855,True,0,0,0
complex,200,8,1600,1,17,doi_nonprivate_generic,direct_low,0.09860674353,0.09872489792,0.0001181543869,True,69,0.002722936091,4.579444537
complex,200,8,1600,1,17,doi_nonprivate_generic,direct_high,0.1616022877,0.1575794688,-0.004022818868,True,69,0.002722936091,4.579444537
complex,200,8,1600,1,17,doi_nonprivate_generic,spillover_control,0.110137319,0.1156073696,0.005470050595,True,69,0.002722936091,4.579444537
complex,200,8,1600,1,17,doi_nonprivate_generic,spillover_treated,0.1731328632,0.1744619405,0.00132907734,True,69,0.002722936091,4.579444537
complex,200,8,1600,1,17,doi_private_generic,direct_low,0.09860674353,0.1079356284,0.009328884854,True,56,0.001782477939,2.786133858
complex,200,8,1600,1,17,doi_private_generic,direct_high,0.1616022877,0.1883553028,0.02675301512,True,56,0.001782477939,2.786133858
complex,200,8,1600,1,17,doi_private_generic,spillover_control,0.110137319,0.05797454768,-0.05216277136,True,56,0.001782477939,2.786133858
complex,200,8,1600,1,17,doi_private_generic,spillover_treated,0.1731328632,0.1383942221,-0.03473864109,True,56,0.001782477939,2.786133858
complex,200,8,1600,1,17,doi_private_no_interference,direct_low,0.09860674353,0.2108858778,0.1122791342,True,10,4.013688783e-05,1.423392867
complex,200,8,1600,1,17,doi_private_no_interference,direct_high,0.1616022877,0.2108858778,0.04928359009,True,10,4.013688783e-05,1.423392867
complex,200,8,1600,1,17,doi_private_no_interference,spillover_control,0.110137319,0,-0.110137319,True,10,4.013688783e-05,1.423392867
complex,200,8,1600,1,17,doi_private_no_interference,spillover_treated,0.1731328632,0,-0.1731328632,True,10,4.013688783e-05,1.423392867
complex,200,8,1600,2,17,design_ht,direct_low,0.09860674353,0.04399382275,-0.05461292078,True,0,0,0
complex,200,8,1600,2,17,design_ht,direct_high,0.1616022877,0.2144007338,0.0527984461,True,0,0,0
complex,200,8,1600,2,17,design_ht,spillover_control,0.110137319,0.1183961759,0.008258856838,True,0,0,0
complex,200,8,1600,2,17,design_ht,spillover_treated,0.1731328632,0.2888030869,0.1156702237,True,0,0,0
complex,200,8,1600,2,17,doi_nonprivate_generic,direct_low,0.09860674353,0.09872489792,0.0001181543869,True,69,0.002722936091,4.579444537
complex,200,8,1600,2,17,doi_nonprivate_generic,direct_high,0.1616022877,0.1575794688,-0.004022818868,True,69,0.002722936091,4.579444537
complex,200,8,1600,2,17,doi_nonprivate_generic,spillover_control,0.110137319,0.1156073696,0.005470050595,True,69,0.002722936091,4.579444537
complex,200,8,1600,2,17,doi_nonprivate_generic,spillover_treated,0.1731328632,0.1744619405,0.00132907734,True,69,0.002722936091,4.579444537
complex,200,8,1600,2,17,doi_private_generic,direct_low,0.09860674353,0.1128652,0.01425845648,True,73,0.000760459345,6.193030821
complex,200,8,1600,2,17,doi_private_generic,direct_high,0.1616022877,0.1997272149,0.03812492726,True,73,0.000760459345,6.193030821
complex,200,8,1600,2,17,doi_private_generic,spillover_control,0.110137319,0.1215077122,0.01137039311,True,73,0.000760459345,6.193030821
complex,200,8,1600,2,17,doi_private_generic,spillover_treated,0.1731328632,0.2083697271,0.03523686389,True,73,0.000760459345,6.193030821
complex,200,8,1600,2,17,doi_private_no_interference,direct_low,0.09860674353,0.2590755456,0.160468802,True,10,3.494811006e-05,1.632672873
complex,200,8,1600,2,17,doi_private_no_interference,direct_high,0.1616022877,0.2590755456,0.09747325789,True,10,3.494811006e-05,1.632672873
complex,200,8,1600,2,17,doi_private_no_interference,spillover_control,0.110137319,0,-0.110137319,True,10,3.494811006e-05,1.632672873
complex,200,8,1600,2,17,doi_private_no_interference,spillover_treated,0.1731328632,0,-0.1731328632,True,10,3.494811006e-05,1.632672873
complex,200,8,1600,0.5,18,design_ht,direct_low,0.09860674353,-0.02285722542,-0.1214639689,True,0,0,0
complex,200,8,1600,0.5,18,design_ht,direct_high,0.1616022877,0.344434056,0.1828317683,True,0,0,0
complex,200,8,1600,0.5,18,design_ht,spillover_control,0.110137319,0.05162409855,-0.05851322049,True,0,0,0
complex,200,8,1600,0.5,18,design_ht,spillover_treated,0.1731328632,0.4189153799,0.2457825168,True,0,0,0
complex,200,8,1600,0.5,18,doi_nonprivate_generic,direct_low,0.09860674353,0.1002386972,0.001631953692,True,64,0.001684583033,4.61414599
complex,200,8,1600,0.5,18,doi_nonprivate_generic,direct_high,0.1616022877,0.1584092512,-0.003193036482,True,64,0.001684583033,4.61414599
complex,200,8,1600,0.5,18,doi_nonprivate_generic,spillover_control,0.110137319,0.1172389224,0.007101603315,True,64,0.001684583033,4.61414599
complex,200,8,1600,0.5,18,doi_nonprivate_generic,spillover_treated,0.1731328632,0.1754094763,0.002276613141,True,64,0.001684583033,4.61414599
complex,200,8,1600,0.5,18,doi_private_generic,direct_low,0.09860674353,0.01787461107,-0.08073213246,True,41,0.000369984952,4.834002834
complex,200,8,1600,0.5,18,doi_private_generic,direct_high,0.1616022877,0.3912928765,0.2296905889,True,41,0.000369984952,4.834002834
complex,200,8,1600,0.5,18,doi_private_generic,spillover_control,0.110137319,0.06632926925,-0.04380804979,True,41,0.000369984952,4.834002834
complex,200,8,1600,0.5,18,doi_private_generic,spillover_treated,0.1731328632,0.4397475347,0.2666146715,True,41,0.000369984952,4.834002834
complex,200,8,1600,0.5,18,doi_private_no_interference,direct_low,0.09860674353,0.3353528815,0.2367461379,True,10,5.420239795e-05,2.20510772
complex,200,8,1600,0.5,18,doi_private_no_interference,direct_high,0.1616022877,0.3353528815,0.1737505938,True,10,5.420239795e-05,2.20510772
complex,200,8,1600,0.5,18,doi_private_no_interference,spillover_control,0.110137319,0,-0.110137319,True,10,5.420239795e-05,2.20510772
complex,200,8,1600,0.5,18,doi_private_no_interference,spillover_treated,0.1731328632,0,-0.1731328632,True,10,5.420239795e-05,2.20510772
complex,200,8,1600,1,18,design_ht,direct_low,0.09860674353,0.2465833823,0.1479766388,True,0,0,0
complex,200,8,1600,1,18,design_ht,direct_high,0.1616022877,0.1863108572,0.02470856951,True,0,0,0
complex,200,8,1600,1,18,design_ht,spillover_control,0.110137319,0.1031386232,-0.006998695793,True,0,0,0
complex,200,8,1600,1,18,design_ht,spillover_treated,0.1731328632,0.04286609814,-0.130266765,True,0,0,0
complex,200,8,1600,1,18,doi_nonprivate_generic,direct_low,0.09860674353,0.1002386972,0.001631953692,True,64,0.001684583033,4.61414599
complex,200,8,1600,1,18,doi_nonprivate_generic,direct_high,0.1616022877,0.1584092512,-0.003193036482,True,64,0.001684583033,4.61414599
complex,200,8,1600,1,18,doi_nonprivate_generic,spillover_control,0.110137319,0.1172389224,0.007101603315,True,64,0.001684583033,4.61414599
complex,200,8,1600,1,18,doi_nonprivate_generic,spillover_treated,0.1731328632,0.1754094763,0.002276613141,True,64,0.001684583033,4.61414599
complex,200,8,1600,1,18,doi_private_generic,direct_low,0.09860674353,0.2937609799,0.1951542363,True,58,0.004654718637,3.201012938
complex,200,8,1600,1,18,doi_private_generic,direct_high,0.1616022877,0.219594523,0.0579922353,True,58,0.004654718637,3.201012938
complex,200,8,1600,1,18,doi_private_generic,spillover_control,0.110137319,0.09562080204,-0.014516517,True,58,0.004654718637,3.201012938
complex,200,8,1600,1,18,doi_private_generic,spillover_treated,0.1731328632,0.02145434515,-0.151678518,True,58,0.004654718637,3.201012938
complex,200,8,1600,1,18,doi_private_no_interference,direct_low,0.09860674353,0.2894128686,0.1908061251,True,12,3.259763056e-06,2.053390357
complex,200,8,1600,1,18,doi_private_no_interference,direct_high,0.1616022877,0.2894128686,0.127810581,True,12,3.259763056e-06,2.053390357
complex,200,8,1600,1,18,doi_private_no_interference,spillover_control,0.110137319,0,-0.110137319,True,12,3.259763056e-06,2.053390357
complex,200,8,1600,1,18,doi_private_no_interference,spillover_treated,0.1731328632,0,-0.1731328632,True,12,3.259763056e-06,2.053390357
complex,200,8,1600,2,18,design_ht,direct_low,0.09860674353,0.0506920579,-0.04791468563,True,0,0,0
complex,200,8,1600,2,18,design_ht,direct_high,0.1616022877,0.2100120572,0.04840976954,True,0,0,0
complex,200,8,1600,2,18,design_ht,spillover_control,0.110137319,0.01118205882,-0.09895526022,True,0,0,0
complex,200,8,1600,2,18,design_ht,spillover_treated,0.1731328632,0.1705020581,-0.002630805052,True,0,0,0
complex,200,8,1600,2,18,doi_nonprivate_generic,direct_low,0.09860674353,0.1002386972,0.001631953692,True,64,0.001684583033,4.61414599
complex,200,8,1600,2,18,doi_nonprivate_generic,direct_high,0.1616022877,0.1584092512,-0.003193036482,True,64,0.001684583033,4.61414599
complex,200,8,1600,2,18,doi_nonprivate_generic,spillover_control,0.110137319,0.1172389224,0.007101603315,True,64,0.001684583033,4.61414599
complex,200,8,1600,2,18,doi_nonprivate_generic,spillover_treated,0.1731328632,0.1754094763,0.002276613141,True,64,0.001684583033,4.61414599
complex,200,8,1600,2,18,doi_private_generic,direct_low,0.09860674353,0.1233423868,0.02473564323,True,82,0.004214236339,2.898740071
complex,200,8,1600,2,18,doi_private_generic,direct_high,0.1616022877,0.2224149123,0.06081262462,True,82,0.004214236339,2.898740071
complex,200,8,1600,2,18,doi_private_generic,spillover_control,0.110137319,0.02541680918,-0.08472050986,True,82,0.004214236339,2.898740071
complex,200,8,1600,2,18,doi_private_generic,spillover_treated,0.1731328632,0.1244893347,-0.04864352847,True,82,0.004214236339,2.898740071
complex,200,8,1600,2,18,doi_private_no_interference,direct_low,0.09860674353,0.2197461812,0.1211394377,True,10,0.0001053808596,1.807794181
complex,200,8,1600,2,18,doi_private_no_interference,direct_high,0.1616022877,0.2197461812,0.05814389352,True,10,0.0001053808596,1.807794181
complex,200,8,1600,2,18,doi_private_no_interference,spillover_control,0.110137319,0,-0.110137319,True,10,0.0001053808596,1.807794181
complex,200,8,1600,2,18,doi_private_no_interference,spillover_treated,0.1731328632,0,-0.1731328632,True,10,0.0001053808596,1.807794181
complex,200,8,1600,0.5,19,design_ht,direct_low,0.09860674353,0.09609051405,-0.002516229484,True,0,0,0
complex,200,8,1600,0.5,19,design_ht,direct_high,0.1616022877,0.1073489506,-0.05425333706,True,0,0,0
complex,200,8,1600,0.5,19,design_ht,spillover_control,0.110137319,0.2072808802,0.09714356112,True,0,0,0
complex,200,8,1600,0.5,19,design_ht,spillover_treated,0.1731328632,0.2185393167,0.04540645354,True,0,0,0
complex,200,8,1600,0.5,19,doi_nonprivate_generic,direct_low,0.09860674353,0.1001804756,0.001573732069,True,91,0.001750242037,4.597692061
complex,200,8,1600,0.5,19,doi_nonprivate_generic,direct_high,0.1616022877,0.1560158912,-0.005586396475,True,91,0.001750242037,4.597692061
complex,200,8,1600,0.5,19,doi_nonprivate_generic,spillover_control,0.110137319,0.1147576083,0.004620289226,True,91,0.001750242037,4.597692061
complex,200,8,1600,0.5,19,doi_nonprivate_generic,spillover_treated,0.1731328632,0.1705930239,-0.002539839318,True,91,0.001750242037,4.597692061
complex,200,8,1600,0.5,19,doi_private_generic,direct_low,0.09860674353,0.09275665637,-0.005850087163,True,50,0.002199998749,4.294859472
complex,200,8,1600,0.5,19,doi_private_generic,direct_high,0.1616022877,0.1465363349,-0.01506595282,True,50,0.002199998749,4.294859472
complex,200,8,1600,0.5,19,doi_private_generic,spillover_control,0.110137319,0.07769288534,-0.0324444337,True,50,0.002199998749,4.294859472
complex,200,8,1600,0.5,19,doi_private_generic,spillover_treated,0.1731328632,0.1314725638,-0.04166029935,True,50,0.002199998749,4.294859472
complex,200,8,1600,0.5,19,doi_private_no_interference,direct_low,0.09860674353,0.1822038832,0.08359713963,True,12,9.684969128e-07,2.272625817
complex,200,8,1600,0.5,19,doi_private_no_interference,direct_high,0.1616022877,0.1822038832,0.02060159548,True,12,9.684969128e-07,2.272625817
complex,200,8,1600,0.5,19,doi_private_no_interference,spillover_control,0.110137319,0,-0.110137319,True,12,9.684969128e-07,2.272625817
complex,200,8,1600,0.5,19,doi_private_no_interference,spillover_treated,0.1731328632,0,-0.1731328632,True,12,9.684969128e-07,2.272625817
complex,200,8,1600,1,19,design_ht,direct_low,0.09860674353,0.1558666391,0.05725989553,True,0,0,0
complex,200,8,1600,1,19,design_ht,direct_high,0.1616022877,0.1855931991,0.02399091138,True,0,0,0
complex,200,8,1600,1,19,design_ht,spillover_control,0.110137319,0.1845039935,0.07436667444,True,0,0,0
complex,200,8,1600,1,19,design_ht,spillover_treated,0.1731328632,0.2142305535,0.04109769029,True,0,0,0
complex,200,8,1600,1,19,doi_nonprivate_generic,direct_low,0.09860674353,0.1001804756,0.001573732069,True,91,0.001750242037,4.597692061
complex,200,8,1600,1,19,doi_nonprivate_generic,direct_high,0.1616022877,0.1560158912,-0.005586396475,True,91,0.001750242037,4.597692061
complex,200,8,1600,1,19,doi_nonprivate_generic,spillover_control,0.110137319,0.1147576083,0.004620289226,True,91,0.001750242037,4.597692061
complex,200,8,1600,1,19,doi_nonprivate_generic,spillover_treated,0.1731328632,0.1705930239,-0.002539839318,True,91,0.001750242037,4.597692061
complex,200,8,1600,1,19,doi_private_generic,direct_low,0.09860674353,0.1508561202,0.05224937668,True,58,0.001184128048,1.67273968
complex,200,8,1600,1,19,doi_private_generic,direct_high,0.1616022877,0.1440378523,-0.0175644354,True,58,0.001184128048,1.67273968
complex,200,8,1600,1,19,doi_private_generic,spillover_control,0.110137319,0.1553325433,0.04519522428,True,58,0.001184128048,1.67273968
complex,200,8,1600,1,19,doi_private_generic,spillover_treated,0.1731328632,0.1485142754,-0.02461858779,True,58,0.001184128048,1.67273968
complex,200,8,1600,1,19,doi_private_no_interference,direct_low,0.09860674353,0.2273049262,0.1286981826,True,9,3.478699257e-05,1.189419453
complex,200,8,1600,1,19,doi_private_no_interference,direct_high,0.1616022877,0.2273049262,0.06570263848,True,9,3.478699257e-05,1.189419453
complex,200,8,1600,1,19,doi_private_no_interference,spillover_control,0.110137319,0,-0.110137319,True,9,3.478699257e-05,1.189419453
complex,200,8,1600,1,19,doi_private_no_interference,spillover_treated,0.1731328632,0,-0.1731328632,True,9,3.478699257e-05,1.189419453
complex,200,8,1600,2,19,design_ht,direct_low,0.09860674353,0.2116838225,0.113077079,True,0,0,0
complex,200,8,1600,2,19,design_ht,direct_high,0.1616022877,0.07536647019,-0.08623581748,True,0,0,0
complex,200,8,1600,2,19,design_ht,spillover_control,0.110137319,0.2294555873,0.1193182682,True,0,0,0
complex,200,8,1600,2,19,design_ht,spillover_treated,0.1731328632,0.09313823492,-0.07999462826,True,0,0,0
complex,200,8,1600,2,19,doi_nonprivate_generic,direct_low,0.09860674353,0.1001804756,0.001573732069,True,91,0.001750242037,4.597692061
complex,200,8,1600,2,19,doi_nonprivate_generic,direct_high,0.1616022877,0.1560158912,-0.005586396475,True,91,0.001750242037,4.597692061
complex,200,8,1600,2,19,doi_nonprivate_generic,spillover_control,0.110137319,0.1147576083,0.004620289226,True,91,0.001750242037,4.597692061
complex,200,8,1600,2,19,doi_nonprivate_generic,spillover_treated,0.1731328632,0.1705930239,-0.002539839318,True,91,0.001750242037,4.597692061
complex,200,8,1600,2,19,doi_private_generic,direct_low,0.09860674353,0.1968497761,0.09824303257,True,86,0.004037265666,5.548970716
complex,200,8,1600,2,19,doi_private_generic,direct_high,0.1616022877,0.06527463665,-0.09632765103,True,86,0.004037265666,5.548970716
complex,200,8,1600,2,19,doi_private_generic,spillover_control,0.110137319,0.1705645626,0.0604272436,True,86,0.004037265666,5.548970716
complex,200,8,1600,2,19,doi_private_generic,spillover_treated,0.1731328632,0.03898942319,-0.13414344,True,86,0.004037265666,5.548970716
complex,200,8,1600,2,19,doi_private_no_interference,direct_low,0.09860674353,0.1774384294,0.07883168587,True,8,6.71019778e-05,1.115462185
complex,200,8,1600,2,19,doi_private_no_interference,direct_high,0.1616022877,0.1774384294,0.01583614172,True,8,6.71019778e-05,1.115462185
complex,200,8,1600,2,19,doi_private_no_interference,spillover_control,0.110137319,0,-0.110137319,True,8,6.71019778e-05,1.115462185
complex,200,8,1600,2,19,doi_private_no_interference,spillover_treated,0.1731328632,0,-0.1731328632,True,8,6.71019778e-05,1.115462185
complex,200,8,1600,0.5,20,design_ht,direct_low,0.09860674353,0.04478735206,-0.05381939147,True,0,0,0
complex,200,8,1600,0.5,20,design_ht,direct_high,0.1616022877,0.0985542252,-0.06304806248,True,0,0,0
complex,200,8,1600,0.5,20,design_ht,spillover_control,0.110137319,0.0375,-0.07263731904,True,0,0,0
complex,200,8,1600,0.5,20,design_ht,spillover_treated,0.1731328632,0.09126687313,-0.08186599005,True,0,0,0
complex,200,8,1600,0.5,20,doi_nonprivate_generic,direct_low,0.09860674353,0.09792825604,-0.0006784874907,True,66,0.004170287773,4.593177289
complex,200,8,1600,0.5,20,doi_nonprivate_generic,direct_high,0.1616022877,0.1592882697,-0.002314017969,True,66,0.004170287773,4.593177289
complex,200,8,1600,0.5,20,doi_nonprivate_generic,spillover_control,0.110137319,0.1129241375,0.002786818506,True,66,0.004170287773,4.593177289
complex,200,8,1600,0.5,20,doi_nonprivate_generic,spillover_treated,0.1731328632,0.1742841512,0.001151288028,True,66,0.004170287773,4.593177289
complex,200,8,1600,0.5,20,doi_private_generic,direct_low,0.09860674353,0.09129517648,-0.007311567049,True,33,0.0005604634726,5.128898245
complex,200,8,1600,0.5,20,doi_private_generic,direct_high,0.1616022877,0.02160914332,-0.1399931444,True,33,0.0005604634726,5.128898245
complex,200,8,1600,0.5,20,doi_private_generic,spillover_control,0.110137319,0.1301138673,0.01997654822,True,33,0.0005604634726,5.128898245
complex,200,8,1600,0.5,20,doi_private_generic,spillover_treated,0.1731328632,0.06042783409,-0.1127050291,True,33,0.0005604634726,5.128898245
complex,200,8,1600,0.5,20,doi_private_no_interference,direct_low,0.09860674353,0.1298028698,0.03119612629,True,10,1.093316436e-06,2.450298807
complex,200,8,1600,0.5,20,doi_private_no_interference,direct_high,0.1616022877,0.1298028698,-0.03179941785,True,10,1.093316436e-06,2.450298807
complex,200,8,1600,0.5,20,doi_private_no_interference,spillover_control,0.110137319,0,-0.110137319,True,10,1.093316436e-06,2.450298807
complex,200,8,1600,0.5,20,doi_private_no_interference,spillover_treated,0.1731328632,0,-0.1731328632,True,10,1.093316436e-06,2.450298807
complex,200,8,1600,1,20,design_ht,direct_low,0.09860674353,0.2236700502,0.1250633067,True,0,0,0
complex,200,8,1600,1,20,design_ht,direct_high,0.1616022877,0.1419331325,-0.01966915514,True,0,0,0
complex,200,8,1600,1,20,design_ht,spillover_control,0.110137319,0.05102470884,-0.0591126102,True,0,0,0
complex,200,8,1600,1,20,design_ht,spillover_treated,0.1731328632,-0.03071220884,-0.203845072,True,0,0,0
complex,200,8,1600,1,20,doi_nonprivate_generic,direct_low,0.09860674353,0.09792825604,-0.0006784874907,True,66,0.004170287773,4.593177289
complex,200,8,1600,1,20,doi_nonprivate_generic,direct_high,0.1616022877,0.1592882697,-0.002314017969,True,66,0.004170287773,4.593177289
complex,200,8,1600,1,20,doi_nonprivate_generic,spillover_control,0.110137319,0.1129241375,0.002786818506,True,66,0.004170287773,4.593177289
complex,200,8,1600,1,20,doi_nonprivate_generic,spillover_treated,0.1731328632,0.1742841512,0.001151288028,True,66,0.004170287773,4.593177289
complex,200,8,1600,1,20,doi_private_generic,direct_low,0.09860674353,0.2192485722,0.1206418287,True,53,0.0007161773735,3.802985892
complex,200,8,1600,1,20,doi_private_generic,direct_high,0.1616022877,0.190747082,0.02914479433,True,53,0.0007161773735,3.802985892
complex,200,8,1600,1,20,doi_private_generic,spillover_control,0.110137319,0.02357116151,-0.08656615753,True,53,0.0007161773735,3.802985892
complex,200,8,1600,1,20,doi_private_generic,spillover_treated,0.1731328632,-0.004930328731,-0.1780631919,True,53,0.0007161773735,3.802985892
complex,200,8,1600,1,20,doi_private_no_interference,direct_low,0.09860674353,0.2126731633,0.1140664198,True,11,2.311606562e-05,1.150720519
complex,200,8,1600,1,20,doi_private_no_interference,direct_high,0.1616022877,0.2126731633,0.05107087561,True,11,2.311606562e-05,1.150720519
complex,200,8,1600,1,20,doi_private_no_interference,spillover_control,0.110137319,0,-0.110137319,True,11,2.311606562e-05,1.150720519
complex,200,8,1600,1,20,doi_private_no_interference,spillover_treated,0.1731328632,0,-0.1731328632,True,11,2.311606562e-05,1.150720519
complex,200,8,1600,2,20,design_ht,direct_low,0.09860674353,0.08812441115,-0.01048233239,True,0,0,0
complex,200,8,1600,2,20,design_ht,direct_high,0.1616022877,0.123708087,-0.03789420065,True,0,0,0
complex,200,8,1600,2,20,design_ht,spillover_control,0.110137319,0.09904852901,-0.01108879003,True,0,0,0
complex,200,8,1600,2,20,design_ht,spillover_treated,0.1731328632,0.1346322049,-0.0385006583,True,0,0,0
complex,200,8,1600,2,20,doi_nonprivate_generic,direct_low,0.09860674353,0.09792825604,-0.0006784874907,True,66,0.004170287773,4.593177289
complex,200,8,1600,2,20,doi_nonprivate_generic,direct_high,0.1616022877,0.1592882697,-0.002314017969,True,66,0.004170287773,4.593177289
complex,200,8,1600,2,20,doi_nonprivate_generic,spillover_control,0.110137319,0.1129241375,0.002786818506,True,66,0.004170287773,4.593177289
complex,200,8,1600,2,20,doi_nonprivate_generic,spillover_treated,0.1731328632,0.1742841512,0.001151288028,True,66,0.004170287773,4.593177289
complex,200,8,1600,2,20,doi_private_generic,direct_low,0.09860674353,0.1147815809,0.0161748374,True,54,0.004124913168,6.014637524
complex,200,8,1600,2,20,doi_private_generic,direct_high,0.1616022877,0.1633702846,0.001767996952,True,54,0.004124913168,6.014637524
complex,200,8,1600,2,20,doi_private_generic,spillover_control,0.110137319,0.08332120244,-0.0268161166,True,54,0.004124913168,6.014637524
complex,200,8,1600,2,20,doi_private_generic,spillover_treated,0.1731328632,0.1319099061,-0.04122295705,True,54,0.004124913168,6.014637524
complex,200,8,1600,2,20,doi_private_no_interference,direct_low,0.09860674353,0.2024761384,0.1038693948,True,10,1.083035696e-05,1.808330318
complex,200,8,1600,2,20,doi_private_no_interference,direct_high,0.1616022877,0.2024761384,0.04087385069,True,10,1.083035696e-05,1.808330318
complex,200,8,1600,2,20,doi_private_no_interference,spillover_control,0.110137319,0,-0.110137319,True,10,1.083035696e-05,1.808330318
complex,200,8,1600,2,20,doi_private_no_interference,spillover_treated,0.1731328632,0,-0.1731328632,True,10,1.083035696e-05,1.808330318
complex,200,8,1600,0.5,21,design_ht,direct_low,0.09860674353,0.3150123659,0.2164056224,True,0,0,0
complex,200,8,1600,0.5,21,design_ht,direct_high,0.1616022877,0.4327801405,0.2711778528,True,0,0,0
complex,200,8,1600,0.5,21,design_ht,spillover_control,0.110137319,-0.0899021126,-0.2000394316,True,0,0,0
complex,200,8,1600,0.5,21,design_ht,spillover_treated,0.1731328632,0.02786566198,-0.1452672012,True,0,0,0
complex,200,8,1600,0.5,21,doi_nonprivate_generic,direct_low,0.09860674353,0.09804408365,-0.0005626598787,True,71,0.003647291986,4.59808851
complex,200,8,1600,0.5,21,doi_nonprivate_generic,direct_high,0.1616022877,0.1572434794,-0.004358808247,True,71,0.003647291986,4.59808851
complex,200,8,1600,0.5,21,doi_nonprivate_generic,spillover_control,0.110137319,0.1153984238,0.005261104745,True,71,0.003647291986,4.59808851
complex,200,8,1600,0.5,21,doi_nonprivate_generic,spillover_treated,0.1731328632,0.1745978196,0.001464956377,True,71,0.003647291986,4.59808851
complex,200,8,1600,0.5,21,doi_private_generic,direct_low,0.09860674353,0.2559208982,0.1573141547,True,52,0.0006347443166,4.765675138
complex,200,8,1600,0.5,21,doi_private_generic,direct_high,0.1616022877,0.4520462739,0.2904439863,True,52,0.0006347443166,4.765675138
complex,200,8,1600,0.5,21,doi_private_generic,spillover_control,0.110137319,-0.1506089408,-0.2607462598,True,52,0.0006347443166,4.765675138
complex,200,8,1600,0.5,21,doi_private_generic,spillover_treated,0.1731328632,0.04551643495,-0.1276164282,True,52,0.0006347443166,4.765675138
complex,200,8,1600,0.5,21,doi_private_no_interference,direct_low,0.09860674353,0.3283602494,0.2297535059,True,12,1.053039749e-06,2.129788342
complex,200,8,1600,0.5,21,doi_private_no_interference,direct_high,0.1616022877,0.3283602494,0.1667579617,True,12,1.053039749e-06,2.129788342
complex,200,8,1600,0.5,21,doi_private_no_interference,spillover_control,0.110137319,0,-0.110137319,True,12,1.053039749e-06,2.129788342
complex,200,8,1600,0.5,21,doi_private_no_interference,spillover_treated,0.1731328632,0,-0.1731328632,True,12,1.053039749e-06,2.129788342
complex,200,8,1600,1,21,design_ht,direct_low,0.09860674353,0.1462999586,0.04769321506,True,0,0,0
complex,200,8,1600,1,21,design_ht,direct_high,0.1616022877,0.2528706325,0.09126834486,True,0,0,0
complex,200,8,1600,1,21,design_ht,spillover_control,0.110137319,0.08958847766,-0.02054884138,True,0,0,0
complex,200,8,1600,1,21,design_ht,spillover_treated,0.1731328632,0.1961591516,0.02302628843,True,0,0,0
complex,200,8,1600,1,21,doi_nonprivate_generic,direct_low,0.09860674353,0.09804408365,-0.0005626598787,True,71,0.003647291986,4.59808851
complex,200,8,1600,1,21,doi_nonprivate_generic,direct_high,0.1616022877,0.1572434794,-0.004358808247,True,71,0.003647291986,4.59808851
complex,200,8,1600,1,21,doi_nonprivate_generic,spillover_control,0.110137319,0.1153984238,0.005261104745,True,71,0.003647291986,4.59808851
complex,200,8,1600,1,21,doi_nonprivate_generic,spillover_treated,0.1731328632,0.1745978196,0.001464956377,True,71,0.003647291986,4.59808851
complex,200,8,1600,1,21,doi_private_generic,direct_low,0.09860674353,0.1810057318,0.0823989883,True,70,0.0006257318233,1.963789717
complex,200,8,1600,1,21,doi_private_generic,direct_high,0.1616022877,0.1571743955,-0.004427892166,True,70,0.0006257318233,1.963789717
complex,200,8,1600,1,21,doi_private_generic,spillover_control,0.110137319,0.1416990492,0.03156173013,True,70,0.0006257318233,1.963789717
complex,200,8,1600,1,21,doi_private_generic,spillover_treated,0.1731328632,0.1178677128,-0.05526515034,True,70,0.0006257318233,1.963789717
complex,200,8,1600,1,21,doi_private_no_interference,direct_low,0.09860674353,0.2529188227,0.1543120792,True,9,9.091394331e-05,1.494643141
complex,200,8,1600,1,21,doi_private_no_interference,direct_high,0.1616022877,0.2529188227,0.09131653503,True,9,9.091394331e-05,1.494643141
complex,200,8,1600,1,21,doi_private_no_interference,spillover_control,0.110137319,0,-0.110137319,True,9,9.091394331e-05,1.494643141
complex,200,8,1600,1,21,doi_private_no_interference,spillover_treated,0.1731328632,0,-0.1731328632,True,9,9.091394331e-05,1.494643141
complex,200,8,1600,2,21,design_ht,direct_low,0.09860674353,0.1028254405,0.004218696965,True,0,0,0
complex,200,8,1600,2,21,design_ht,direct_high,0.1616022877,0.1854067638,0.02380447614,True,0,0,0
complex,200,8,1600,2,21,design_ht,spillover_control,0.110137319,0.06472779363,-0.04540952541,True,0,0,0
complex,200,8,1600,2,21,design_ht,spillover_treated,0.1731328632,0.1473091169,-0.02582374624,True,0,0,0
complex,200,8,1600,2,21,doi_nonprivate_generic,direct_low,0.09860674353,0.09804408365,-0.0005626598787,True,71,0.003647291986,4.59808851
complex,200,8,1600,2,21,doi_nonprivate_generic,direct_high,0.1616022877,0.1572434794,-0.004358808247,True,71,0.003647291986,4.59808851
complex,200,8,1600,2,21,doi_nonprivate_generic,spillover_control,0.110137319,0.1153984238,0.005261104745,True,71,0.003647291986,4.59808851
complex,200,8,1600,2,21,doi_nonprivate_generic,spillover_treated,0.1731328632,0.1745978196,0.001464956377,True,71,0.003647291986,4.59808851
complex,200,8,1600,2,21,doi_private_generic,direct_low,0.09860674353,0.1108010437,0.01219430014,True,68,0.003004131306,6.812773928
complex,200,8,1600,2,21,doi_private_generic,direct_high,0.1616022877,0.1127975723,-0.04880471534,True,68,0.003004131306,6.812773928
complex,200,8,1600,2,21,doi_private_generic,spillover_control,0.110137319,0.09830680278,-0.01183051626,True,68,0.003004131306,6.812773928
complex,200,8,1600,2,21,doi_private_generic,spillover_treated,0.1731328632,0.1003033315,-0.07282953173,True,68,0.003004131306,6.812773928
complex,200,8,1600,2,21,doi_private_no_interference,direct_low,0.09860674353,0.1776341338,0.07902739022,True,10,7.592933403e-06,1.174771701
complex,200,8,1600,2,21,doi_private_no_interference,direct_high,0.1616022877,0.1776341338,0.01603184608,True,10,7.592933403e-06,1.174771701
complex,200,8,1600,2,21,doi_private_no_interference,spillover_control,0.110137319,0,-0.110137319,True,10,7.592933403e-06,1.174771701
complex,200,8,1600,2,21,doi_private_no_interference,spillover_treated,0.1731328632,0,-0.1731328632,True,10,7.592933403e-06,1.174771701
complex,200,8,1600,0.5,22,design_ht,direct_low,0.09860674353,-0.1331885632,-0.2317953067,True,0,0,0
complex,200,8,1600,0.5,22,design_ht,direct_high,0.1616022877,0.1347575351,-0.02684475256,True,0,0,0
complex,200,8,1600,0.5,22,design_ht,spillover_control,0.110137319,0.1881289293,0.07799161029,True,0,0,0
complex,200,8,1600,0.5,22,design_ht,spillover_treated,0.1731328632,0.4560750277,0.2829421645,True,0,0,0
complex,200,8,1600,0.5,22,doi_nonprivate_generic,direct_low,0.09860674353,0.09808608514,-0.0005206583947,True,82,0.005328600179,4.6191218
complex,200,8,1600,0.5,22,doi_nonprivate_generic,direct_high,0.1616022877,0.1586247345,-0.002977553151,True,82,0.005328600179,4.6191218
complex,200,8,1600,0.5,22,doi_nonprivate_generic,spillover_control,0.110137319,0.1149769875,0.004839668432,True,82,0.005328600179,4.6191218
complex,200,8,1600,0.5,22,doi_nonprivate_generic,spillover_treated,0.1731328632,0.1755156369,0.002382773676,True,82,0.005328600179,4.6191218
complex,200,8,1600,0.5,22,doi_private_generic,direct_low,0.09860674353,-0.09583896029,-0.1944457038,True,36,0.0002836871794,3.228806826
complex,200,8,1600,0.5,22,doi_private_generic,direct_high,0.1616022877,0.07513710803,-0.08646517964,True,36,0.0002836871794,3.228806826
complex,200,8,1600,0.5,22,doi_private_generic,spillover_control,0.110137319,0.2712719347,0.1611346157,True,36,0.0002836871794,3.228806826
complex,200,8,1600,0.5,22,doi_private_generic,spillover_treated,0.1731328632,0.4422480031,0.2691151399,True,36,0.0002836871794,3.228806826
complex,200,8,1600,0.5,22,doi_private_no_interference,direct_low,0.09860674353,0.1918904644,0.09328372089,True,10,4.938521352e-06,1.741679853
complex,200,8,1600,0.5,22,doi_private_no_interference,direct_high,0.1616022877,0.1918904644,0.03028817675,True,10,4.938521352e-06,1.741679853
complex,200,8,1600,0.5,22,doi_private_no_interference,spillover_control,0.110137319,0,-0.110137319,True,10,4.938521352e-06,1.741679853
complex,200,8,1600,0.5,22,doi_private_no_interference,spillover_treated,0.1731328632,0,-0.1731328632,True,10,4.938521352e-06,1.741679853
complex,200,8,1600,1,22,design_ht,direct_low,0.09860674353,0.1506413479,0.05203460436,True,0,0,0
complex,200,8,1600,1,22,design_ht,direct_high,0.1616022877,0.1979778288,0.03637554115,True,0,0,0
complex,200,8,1600,1,22,design_ht,spillover_control,0.110137319,0.06519076557,-0.04494655347,True,0,0,0
complex,200,8,1600,1,22,design_ht,spillover_treated,0.1731328632,0.1125272465,-0.06060561669,True,0,0,0
complex,200,8,1600,1,22,doi_nonprivate_generic,direct_low,0.09860674353,0.09808608514,-0.0005206583947,True,82,0.005328600179,4.6191218
complex,200,8,1600,1,22,doi_nonprivate_generic,direct_high,0.1616022877,0.1586247345,-0.002977553151,True,82,0.005328600179,4.6191218
complex,200,8,1600,1,22,doi_nonprivate_generic,spillover_control,0.110137319,0.1149769875,0.004839668432,True,82,0.005328600179,4.6191218
complex,200,8,1600,1,22,doi_nonprivate_generic,spillover_treated,0.1731328632,0.1755156369,0.002382773676,True,82,0.005328600179,4.6191218
complex,200,8,1600,1,22,doi_private_generic,direct_low,0.09860674353,0.1276439692,0.02903722571,True,51,0.001152897423,3.217203236
complex,200,8,1600,1,22,doi_private_generic,direct_high,0.1616022877,0.1937188772,0.03211658952,True,51,0.001152897423,3.217203236
complex,200,8,1600,1,22,doi_private_generic,spillover_control,0.110137319,0.08389286977,-0.02624444927,True,51,0.001152897423,3.217203236
complex,200,8,1600,1,22,doi_private_generic,spillover_treated,0.1731328632,0.1499677777,-0.02316508546,True,51,0.001152897423,3.217203236
complex,200,8,1600,1,22,doi_private_no_interference,direct_low,0.09860674353,0.2305933767,0.1319866331,True,11,5.395000982e-06,1.331902144
complex,200,8,1600,1,22,doi_private_no_interference,direct_high,0.1616022877,0.2305933767,0.06899108901,True,11,5.395000982e-06,1.331902144
complex,200,8,1600,1,22,doi_private_no_interference,spillover_control,0.110137319,0,-0.110137319,True,11,5.395000982e-06,1.331902144
complex,200,8,1600,1,22,doi_private_no_interference,spillover_treated,0.1731328632,0,-0.1731328632,True,11,5.395000982e-06,1.331902144
complex,200,8,1600,2,22,design_ht,direct_low,0.09860674353,0.1826757344,0.08406899082,True,0,0,0
complex,200,8,1600,2,22,design_ht,direct_high,0.1616022877,0.1252304406,-0.03637184706,True,0,0,0
complex,200,8,1600,2,22,design_ht,spillover_control,0.110137319,0.09479514595,-0.01534217309,True,0,0,0
complex,200,8,1600,2,22,design_ht,spillover_treated,0.1731328632,0.03734985221,-0.135783011,True,0,0,0
complex,200,8,1600,2,22,doi_nonprivate_generic,direct_low,0.09860674353,0.09808608514,-0.0005206583947,True,82,0.005328600179,4.6191218
complex,200,8,1600,2,22,doi_nonprivate_generic,direct_high,0.1616022877,0.1586247345,-0.002977553151,True,82,0.005328600179,4.6191218
complex,200,8,1600,2,22,doi_nonprivate_generic,spillover_control,0.110137319,0.1149769875,0.004839668432,True,82,0.005328600179,4.6191218
complex,200,8,1600,2,22,doi_nonprivate_generic,spillover_treated,0.1731328632,0.1755156369,0.002382773676,True,82,0.005328600179,4.6191218
complex,200,8,1600,2,22,doi_private_generic,direct_low,0.09860674353,0.09151375926,-0.007092984275,True,89,0.001214134636,7.013638594
complex,200,8,1600,2,22,doi_private_generic,direct_high,0.1616022877,0.07991278358,-0.0816895041,True,89,0.001214134636,7.013638594
complex,200,8,1600,2,22,doi_private_generic,spillover_control,0.110137319,0.184064029,0.07392670997,True,89,0.001214134636,7.013638594
complex,200,8,1600,2,22,doi_private_generic,spillover_treated,0.1731328632,0.1724630533,-0.0006698098545,True,89,0.001214134636,7.013638594
complex,200,8,1600,2,22,doi_private_no_interference,direct_low,0.09860674353,0.1928634776,0.09425673406,True,9,0.0002628444215,1.639410671
complex,200,8,1600,2,22,doi_private_no_interference,direct_high,0.1616022877,0.1928634776,0.03126118991,True,9,0.0002628444215,1.639410671
complex,200,8,1600,2,22,doi_private_no_interference,spillover_control,0.110137319,0,-0.110137319,True,9,0.0002628444215,1.639410671
complex,200,8,1600,2,22,doi_private_no_interference,spillover_treated,0.1731328632,0,-0.1731328632,True,9,0.0002628444215,1.639410671
complex,200,8,1600,0.5,23,design_ht,direct_low,0.09860674353,0.2858500138,0.1872432703,True,0,0,0
complex,200,8,1600,0.5,23,design_ht,direct_high,0.1616022877,0.05826310558,-0.1033391821,True,0,0,0
complex,200,8,1600,0.5,23,design_ht,spillover_control,0.110137319,-0.09329939442,-0.2034367135,True,0,0,0
complex,200,8,1600,0.5,23,design_ht,spillover_treated,0.1731328632,-0.3208863027,-0.4940191659,True,0,0,0
complex,200,8,1600,0.5,23,doi_nonprivate_generic,direct_low,0.09860674353,0.09787349539,-0.0007332481383,True,90,0.001247939691,4.570731684
complex,200,8,1600,0.5,23,doi_nonprivate_generic,direct_high,0.1616022877,0.1560876064,-0.005514681277,True,90,0.001247939691,4.570731684
complex,200,8,1600,0.5,23,doi_nonprivate_generic,spillover_control,0.110137319,0.1135441387,0.003406819676,True,90,0.001247939691,4.570731684
complex,200,8,1600,0.5,23,doi_nonprivate_generic,spillover_treated,0.1731328632,0.1717582497,-0.001374613463,True,90,0.001247939691,4.570731684
complex,200,8,1600,0.5,23,doi_private_generic,direct_low,0.09860674353,0.1685738653,0.0699671218,True,45,0.002043319943,4.026039856
complex,200,8,1600,0.5,23,doi_private_generic,direct_high,0.1616022877,0.1061089624,-0.05549332531,True,45,0.002043319943,4.026039856
complex,200,8,1600,0.5,23,doi_private_generic,spillover_control,0.110137319,0.007714452981,-0.1024228661,True,45,0.002043319943,4.026039856
complex,200,8,1600,0.5,23,doi_private_generic,spillover_treated,0.1731328632,-0.05475044999,-0.2278833132,True,45,0.002043319943,4.026039856
complex,200,8,1600,0.5,23,doi_private_no_interference,direct_low,0.09860674353,0.1246138309,0.02600708734,True,8,6.033281143e-05,1.587079542
complex,200,8,1600,0.5,23,doi_private_no_interference,direct_high,0.1616022877,0.1246138309,-0.0369884568,True,8,6.033281143e-05,1.587079542
complex,200,8,1600,0.5,23,doi_private_no_interference,spillover_control,0.110137319,0,-0.110137319,True,8,6.033281143e-05,1.587079542
complex,200,8,1600,0.5,23,doi_private_no_interference,spillover_treated,0.1731328632,0,-0.1731328632,True,8,6.033281143e-05,1.587079542
complex,200,8,1600,1,23,design_ht,direct_low,0.09860674353,0.07012081953,-0.028485924,True,0,0,0
complex,200,8,1600,1,23,design_ht,direct_high,0.1616022877,0.1954551167,0.03385282905,True,0,0,0
complex,200,8,1600,1,23,design_ht,spillover_control,0.110137319,-0.02373092745,-0.1338682465,True,0,0,0
complex,200,8,1600,1,23,design_ht,spillover_treated,0.1731328632,0.1016033697,-0.07152949344,True,0,0,0
complex,200,8,1600,1,23,doi_nonprivate_generic,direct_low,0.09860674353,0.09787349539,-0.0007332481383,True,90,0.001247939691,4.570731684
complex,200,8,1600,1,23,doi_nonprivate_generic,direct_high,0.1616022877,0.1560876064,-0.005514681277,True,90,0.001247939691,4.570731684
complex,200,8,1600,1,23,doi_nonprivate_generic,spillover_control,0.110137319,0.1135441387,0.003406819676,True,90,0.001247939691,4.570731684
complex,200,8,1600,1,23,doi_nonprivate_generic,spillover_treated,0.1731328632,0.1717582497,-0.001374613463,True,90,0.001247939691,4.570731684
complex,200,8,1600,1,23,doi_private_generic,direct_low,0.09860674353,0.1073864145,0.008779670945,True,76,0.0008214712017,4.179705879
complex,200,8,1600,1,23,doi_private_generic,direct_high,0.1616022877,0.2138672206,0.05226493292,True,76,0.0008214712017,4.179705879
complex,200,8,1600,1,23,doi_private_generic,spillover_control,0.110137319,0.06597754578,-0.04415977326,True,76,0.0008214712017,4.179705879
complex,200,8,1600,1,23,doi_private_generic,spillover_treated,0.1731328632,0.1724583519,-0.0006745112903,True,76,0.0008214712017,4.179705879
complex,200,8,1600,1,23,doi_private_no_interference,direct_low,0.09860674353,0.2242638259,0.1256570823,True,12,3.217837741e-06,1.838361131
complex,200,8,1600,1,23,doi_private_no_interference,direct_high,0.1616022877,0.2242638259,0.0626615382,True,12,3.217837741e-06,1.838361131
complex,200,8,1600,1,23,doi_private_no_interference,spillover_control,0.110137319,0,-0.110137319,True,12,3.217837741e-06,1.838361131
complex,200,8,1600,1,23,doi_private_no_interference,spillover_treated,0.1731328632,0,-0.1731328632,True,12,3.217837741e-06,1.838361131
complex,200,8,1600,2,23,design_ht,direct_low,0.09860674353,-0.02506764676,-0.1236743903,True,0,0,0
complex,200,8,1600,2,23,design_ht,direct_high,0.1616022877,0.1156242639,-0.04597802374,True,0,0,0
complex,200,8,1600,2,23,design_ht,spillover_control,0.110137319,0.005094116603,-0.1050432024,True,0,0,0
complex,200,8,1600,2,23,design_ht,spillover_treated,0.1731328632,0.1457860273,-0.02734683589,True,0,0,0
complex,200,8,1600,2,23,doi_nonprivate_generic,direct_low,0.09860674353,0.09787349539,-0.0007332481383,True,90,0.001247939691,4.570731684
complex,200,8,1600,2,23,doi_nonprivate_generic,direct_high,0.1616022877,0.1560876064,-0.005514681277,True,90,0.001247939691,4.570731684
complex,200,8,1600,2,23,doi_nonprivate_generic,spillover_control,0.110137319,0.1135441387,0.003406819676,True,90,0.001247939691,4.570731684
complex,200,8,1600,2,23,doi_nonprivate_generic,spillover_treated,0.1731328632,0.1717582497,-0.001374613463,True,90,0.001247939691,4.570731684
complex,200,8,1600,2,23,doi_private_generic,direct_low,0.09860674353,0.01421451362,-0.08439222991,True,74,0.00540938091,4.490773409
complex,200,8,1600,2,23,doi_private_generic,direct_high,0.1616022877,0.1426963162,-0.01890597147,True,74,0.00540938091,4.490773409
complex,200,8,1600,2,23,doi_private_generic,spillover_control,0.110137319,0.08192016146,-0.02821715758,True,74,0.00540938091,4.490773409
complex,200,8,1600,2,23,doi_private_generic,spillover_treated,0.1731328632,0.2104019641,0.03726910087,True,74,0.00540938091,4.490773409
complex,200,8,1600,2,23,doi_private_no_interference,direct_low,0.09860674353,0.1582391875,0.05963244397,True,12,1.933094919e-05,1.630634743
complex,200,8,1600,2,23,doi_private_no_interference,direct_high,0.1616022877,0.1582391875,-0.003363100172,True,12,1.933094919e-05,1.630634743
complex,200,8,1600,2,23,doi_private_no_interference,spillover_control,0.110137319,0,-0.110137319,True,12,1.933094919e-05,1.630634743
complex,200,8,1600,2,23,doi_private_no_interference,spillover_treated,0.1731328632,0,-0.1731328632,True,12,1.933094919e-05,1.630634743
complex,200,8,1600,0.5,24,design_ht,direct_low,0.09860674353,-0.03157093657,-0.1301776801,True,0,0,0
complex,200,8,1600,0.5,24,design_ht,direct_high,0.1616022877,0.2228994083,0.06129712058,True,0,0,0
complex,200,8,1600,0.5,24,design_ht,spillover_control,0.110137319,0.005656781607,-0.1044805374,True,0,0,0
complex,200,8,1600,0.5,24,design_ht,spillover_treated,0.1731328632,0.2601271264,0.08699426325,True,0,0,0
complex,200,8,1600,0.5,24,doi_nonprivate_generic,direct_low,0.09860674353,0.09772460391,-0.0008821396207,True,80,0.005454474511,4.576775599
complex,200,8,1600,0.5,24,doi_nonprivate_generic,direct_high,0.1616022877,0.1583519431,-0.003250344567,True,80,0.005454474511,4.576775599
complex,200,8,1600,0.5,24,doi_nonprivate_generic,spillover_control,0.110137319,0.1170653428,0.006928023731,True,80,0.005454474511,4.576775599
complex,200,8,1600,0.5,24,doi_nonprivate_generic,spillover_treated,0.1731328632,0.177692682,0.004559818785,True,80,0.005454474511,4.576775599
complex,200,8,1600,0.5,24,doi_private_generic,direct_low,0.09860674353,-0.03852796825,-0.1371347118,True,48,0.000396824308,3.971212904
complex,200,8,1600,0.5,24,doi_private_generic,direct_high,0.1616022877,0.2365887751,0.07498648742,True,48,0.000396824308,3.971212904
complex,200,8,1600,0.5,24,doi_private_generic,spillover_control,0.110137319,0.04505719047,-0.06508012856,True,48,0.000396824308,3.971212904
complex,200,8,1600,0.5,24,doi_private_generic,spillover_treated,0.1731328632,0.3201739338,0.1470410706,True,48,0.000396824308,3.971212904
complex,200,8,1600,0.5,24,doi_private_no_interference,direct_low,0.09860674353,0.2085249656,0.109918222,True,11,3.779435732e-06,1.689300062
complex,200,8,1600,0.5,24,doi_private_no_interference,direct_high,0.1616022877,0.2085249656,0.04692267788,True,11,3.779435732e-06,1.689300062
complex,200,8,1600,0.5,24,doi_private_no_interference,spillover_control,0.110137319,0,-0.110137319,True,11,3.779435732e-06,1.689300062
complex,200,8,1600,0.5,24,doi_private_no_interference,spillover_treated,0.1731328632,0,-0.1731328632,True,11,3.779435732e-06,1.689300062
complex,200,8,1600,1,24,design_ht,direct_low,0.09860674353,0.1900245218,0.09141777831,True,0,0,0
complex,200,8,1600,1,24,design_ht,direct_high,0.1616022877,0.2791006451,0.1174983574,True,0,0,0
complex,200,8,1600,1,24,design_ht,spillover_control,0.110137319,0.01251362325,-0.09762369579,True,0,0,0
complex,200,8,1600,1,24,design_ht,spillover_treated,0.1731328632,0.1015897465,-0.07154311669,True,0,0,0
complex,200,8,1600,1,24,doi_nonprivate_generic,direct_low,0.09860674353,0.09772460391,-0.0008821396207,True,80,0.005454474511,4.576775599
complex,200,8,1600,1,24,doi_nonprivate_generic,direct_high,0.1616022877,0.1583519431,-0.003250344567,True,80,0.005454474511,4.576775599
complex,200,8,1600,1,24,doi_nonprivate_generic,spillover_control,0.110137319,0.1170653428,0.006928023731,True,80,0.005454474511,4.576775599
complex,200,8,1600,1,24,doi_nonprivate_generic,spillover_treated,0.1731328632,0.177692682,0.004559818785,True,80,0.005454474511,4.576775599
complex,200,8,1600,1,24,doi_private_generic,direct_low,0.09860674353,0.1835597613,0.08495301774,True,56,0.0006722498169,6.532758076
complex,200,8,1600,1,24,doi_private_generic,direct_high,0.1616022877,0.2143718709,0.05276958322,True,56,0.0006722498169,6.532758076
complex,200,8,1600,1,24,doi_private_generic,spillover_control,0.110137319,0.1345234809,0.02438616183,True,56,0.0006722498169,6.532758076
complex,200,8,1600,1,24,doi_private_generic,spillover_treated,0.1731328632,0.1653355905,-0.007797272696,True,56,0.0006722498169,6.532758076
complex,200,8,1600,1,24,doi_private_no_interference,direct_low,0.09860674353,0.294739991,0.1961332475,True,12,2.797227624e-06,1.857952592
complex,200,8,1600,1,24,doi_private_no_interference,direct_high,0.1616022877,0.294739991,0.1331377034,True,12,2.797227624e-06,1.857952592
complex,200,8,1600,1,24,doi_private_no_interference,spillover_control,0.110137319,0,-0.110137319,True,12,2.797227624e-06,1.857952592
complex,200,8,1600,1,24,doi_private_no_interference,spillover_treated,0.1731328632,0,-0.1731328632,True,12,2.797227624e-06,1.857952592
complex,200,8,1600,2,24,design_ht,direct_low,0.09860674353,-0.02145352912,-0.1200602727,True,0,0,0
complex,200,8,1600,2,24,design_ht,direct_high,0.1616022877,0.1438986756,-0.01770361203,True,0,0,0
complex,200,8,1600,2,24,design_ht,spillover_control,0.110137319,0.002621764161,-0.1075155549,True,0,0,0
complex,200,8,1600,2,24,design_ht,spillover_treated,0.1731328632,0.1679739689,-0.005158894251,True,0,0,0
complex,200,8,1600,2,24,doi_nonprivate_generic,direct_low,0.09860674353,0.09772460391,-0.0008821396207,True,80,0.005454474511,4.576775599
complex,200,8,1600,2,24,doi_nonprivate_generic,direct_high,0.1616022877,0.1583519431,-0.003250344567,True,80,0.005454474511,4.576775599
complex,200,8,1600,2,24,doi_nonprivate_generic,spillover_control,0.110137319,0.1170653428,0.006928023731,True,80,0.005454474511,4.576775599
complex,200,8,1600,2,24,doi_nonprivate_generic,spillover_treated,0.1731328632,0.177692682,0.004559818785,True,80,0.005454474511,4.576775599
complex,200,8,1600,2,24,doi_private_generic,direct_low,0.09860674353,-0.04391774377,-0.1425244873,True,79,0.003056742321,3.02131444
complex,200,8,1600,2,24,doi_private_generic,direct_high,0.1616022877,0.1831274618,0.02152517411,True,79,0.003056742321,3.02131444
complex,200,8,1600,2,24,doi_private_generic,spillover_control,0.110137319,0.01662449083,-0.09351282821,True,79,0.003056742321,3.02131444
complex,200,8,1600,2,24,doi_private_generic,spillover_treated,0.1731328632,0.2436696964,0.0705368332,True,79,0.003056742321,3.02131444
complex,200,8,1600,2,24,doi_private_no_interference,direct_low,0.09860674353,0.1404437318,0.04183698827,True,9,2.244477118e-05,1.201934246
complex,200,8,1600,2,24,doi_private_no_interference,direct_high,0.1616022877,0.1404437318,-0.02115855587,True,9,2.244477118e-05,1.201934246
complex,200,8,1600,2,24,doi_private_no_interference,spillover_control,0.110137319,0,-0.110137319,True,9,2.244477118e-05,1.201934246
complex,200,8,1600,2,24,doi_private_no_interference,spillover_treated,0.1731328632,0,-0.1731328632,True,9,2.244477118e-05,1.201934246
complex,200,8,1600,0.5,25,design_ht,direct_low,0.09860674353,-0.1421129576,-0.2407197012,True,0,0,0
complex,200,8,1600,0.5,25,design_ht,direct_high,0.1616022877,0.1104123521,-0.05118993561,True,0,0,0
complex,200,8,1600,0.5,25,design_ht,spillover_control,0.110137319,-0.005922591528,-0.1160599106,True,0,0,0
complex,200,8,1600,0.5,25,design_ht,spillover_treated,0.1731328632,0.2466027182,0.07346985499,True,0,0,0
complex,200,8,1600,0.5,25,doi_nonprivate_generic,direct_low,0.09860674353,0.09831700214,-0.0002897413953,True,69,0.00453969253,4.571953885
complex,200,8,1600,0.5,25,doi_nonprivate_generic,direct_high,0.1616022877,0.1580168639,-0.003585423733,True,69,0.00453969253,4.571953885
complex,200,8,1600,0.5,25,doi_nonprivate_generic,spillover_control,0.110137319,0.1152174989,0.005080179841,True,69,0.00453969253,4.571953885
complex,200,8,1600,0.5,25,doi_nonprivate_generic,spillover_treated,0.1731328632,0.1749173607,0.001784497503,True,69,0.00453969253,4.571953885
complex,200,8,1600,0.5,25,doi_private_generic,direct_low,0.09860674353,-0.2178655541,-0.3164722976,True,52,0.0009655166243,3.700254705
complex,200,8,1600,0.5,25,doi_private_generic,direct_high,0.1616022877,-0.02458652491,-0.1861888126,True,52,0.0009655166243,3.700254705
complex,200,8,1600,0.5,25,doi_private_generic,spillover_control,0.110137319,0.02491575624,-0.0852215628,True,52,0.0009655166243,3.700254705
complex,200,8,1600,0.5,25,doi_private_generic,spillover_treated,0.1731328632,0.2181947854,0.0450619222,True,52,0.0009655166243,3.700254705
complex,200,8,1600,0.5,25,doi_private_no_interference,direct_low,0.09860674353,-0.009933411271,-0.1085401548,True,9,3.788362858e-06,1.369130581
complex,200,8,1600,0.5,25,doi_private_no_interference,direct_high,0.1616022877,-0.009933411271,-0.1715356989,True,9,3.788362858e-06,1.369130581
complex,200,8,1600,0.5,25,doi_private_no_interference,spillover_control,0.110137319,0,-0.110137319,True,9,3.788362858e-06,1.369130581
complex,200,8,1600,0.5,25,doi_private_no_interference,spillover_treated,0.1731328632,0,-0.1731328632,True,9,3.788362858e-06,1.369130581
complex,200,8,1600,1,25,design_ht,direct_low,0.09860674353,-0.07611464232,-0.1747213859,True,0,0,0
complex,200,8,1600,1,25,design_ht,direct_high,0.1616022877,0.2757703414,0.1141680537,True,0,0,0
complex,200,8,1600,1,25,design_ht,spillover_control,0.110137319,0.07219567395,-0.03794164509,True,0,0,0
complex,200,8,1600,1,25,design_ht,spillover_treated,0.1731328632,0.4240806576,0.2509477945,True,0,0,0
complex,200,8,1600,1,25,doi_nonprivate_generic,direct_low,0.09860674353,0.09831700214,-0.0002897413953,True,69,0.00453969253,4.571953885
complex,200,8,1600,1,25,doi_nonprivate_generic,direct_high,0.1616022877,0.1580168639,-0.003585423733,True,69,0.00453969253,4.571953885
complex,200,8,1600,1,25,doi_nonprivate_generic,spillover_control,0.110137319,0.1152174989,0.005080179841,True,69,0.00453969253,4.571953885
complex,200,8,1600,1,25,doi_nonprivate_generic,spillover_treated,0.1731328632,0.1749173607,0.001784497503,True,69,0.00453969253,4.571953885
complex,200,8,1600,1,25,doi_private_generic,direct_low,0.09860674353,0.009195497193,-0.08941124634,True,69,0.0008356392961,3.48939023
complex,200,8,1600,1,25,doi_private_generic,direct_high,0.1616022877,0.1588537913,-0.002748496354,True,69,0.0008356392961,3.48939023
complex,200,8,1600,1,25,doi_private_generic,spillover_control,0.110137319,0.09771405459,-0.01242326445,True,69,0.0008356392961,3.48939023
complex,200,8,1600,1,25,doi_private_generic,spillover_treated,0.1731328632,0.2473723487,0.07423948554,True,69,0.0008356392961,3.48939023
complex,200,8,1600,1,25,doi_private_no_interference,direct_low,0.09860674353,0.1989401155,0.100333372,True,9,1.424731463e-06,1.0200628
complex,200,8,1600,1,25,doi_private_no_interference,direct_high,0.1616022877,0.1989401155,0.03733782786,True,9,1.424731463e-06,1.0200628
complex,200,8,1600,1,25,doi_private_no_interference,spillover_control,0.110137319,0,-0.110137319,True,9,1.424731463e-06,1.0200628
complex,200,8,1600,1,25,doi_private_no_interference,spillover_treated,0.1731328632,0,-0.1731328632,True,9,1.424731463e-06,1.0200628
complex,200,8,1600,2,25,design_ht,direct_low,0.09860674353,0.08134441103,-0.0172623325,True,0,0,0
complex,200,8,1600,2,25,design_ht,direct_high,0.1616022877,0.3158272042,0.1542249165,True,0,0,0
complex,200,8,1600,2,25,design_ht,spillover_control,0.110137319,0.05846441149,-0.05167290755,True,0,0,0
complex,200,8,1600,2,25,design_ht,spillover_treated,0.1731328632,0.2929472047,0.1198143415,True,0,0,0
complex,200,8,1600,2,25,doi_nonprivate_generic,direct_low,0.09860674353,0.09831700214,-0.0002897413953,True,69,0.00453969253,4.571953885
complex,200,8,1600,2,25,doi_nonprivate_generic,direct_high,0.1616022877,0.1580168639,-0.003585423733,True,69,0.00453969253,4.571953885
complex,200,8,1600,2,25,doi_nonprivate_generic,spillover_control,0.110137319,0.1152174989,0.005080179841,True,69,0.00453969253,4.571953885
complex,200,8,1600,2,25,doi_nonprivate_generic,spillover_treated,0.1731328632,0.1749173607,0.001784497503,True,69,0.00453969253,4.571953885
complex,200,8,1600,2,25,doi_private_generic,direct_low,0.09860674353,0.1150400732,0.01643332964,True,62,0.002666387668,7.018786634
complex,200,8,1600,2,25,doi_private_generic,direct_high,0.1616022877,0.2162202385,0.05461795083,True,62,0.002666387668,7.018786634
complex,200,8,1600,2,25,doi_private_generic,spillover_control,0.110137319,0.08726491617,-0.02287240287,True,62,0.002666387668,7.018786634
complex,200,8,1600,2,25,doi_private_generic,spillover_treated,0.1731328632,0.1884450815,0.01531221832,True,62,0.002666387668,7.018786634
complex,200,8,1600,2,25,doi_private_no_interference,direct_low,0.09860674353,0.2606597318,0.1620529882,True,11,4.94019282e-06,1.613805212
complex,200,8,1600,2,25,doi_private_no_interference,direct_high,0.1616022877,0.2606597318,0.09905744411,True,11,4.94019282e-06,1.613805212
complex,200,8,1600,2,25,doi_private_no_interference,spillover_control,0.110137319,0,-0.110137319,True,11,4.94019282e-06,1.613805212
complex,200,8,1600,2,25,doi_private_no_interference,spillover_treated,0.1731328632,0,-0.1731328632,True,11,4.94019282e-06,1.613805212
complex,200,8,1600,0.5,26,design_ht,direct_low,0.09860674353,0.2023210983,0.1037143548,True,0,0,0
complex,200,8,1600,0.5,26,design_ht,direct_high,0.1616022877,0.2515495562,0.08994726852,True,0,0,0
complex,200,8,1600,0.5,26,design_ht,spillover_control,0.110137319,0.1960710983,0.08593377929,True,0,0,0
complex,200,8,1600,0.5,26,design_ht,spillover_treated,0.1731328632,0.2452995562,0.07216669301,True,0,0,0
complex,200,8,1600,0.5,26,doi_nonprivate_generic,direct_low,0.09860674353,0.09861880424,1.206071264e-05,True,72,0.005729862265,4.61237407
complex,200,8,1600,0.5,26,doi_nonprivate_generic,direct_high,0.1616022877,0.1591186354,-0.002483652232,True,72,0.005729862265,4.61237407
complex,200,8,1600,0.5,26,doi_nonprivate_generic,spillover_control,0.110137319,0.1139574609,0.003820141893,True,72,0.005729862265,4.61237407
complex,200,8,1600,0.5,26,doi_nonprivate_generic,spillover_treated,0.1731328632,0.1744572921,0.001324428949,True,72,0.005729862265,4.61237407
complex,200,8,1600,0.5,26,doi_private_generic,direct_low,0.09860674353,0.3378949758,0.2392882323,True,57,0.0003432390482,3.710821862
complex,200,8,1600,0.5,26,doi_private_generic,direct_high,0.1616022877,0.1098706216,-0.05173166605,True,57,0.0003432390482,3.710821862
complex,200,8,1600,0.5,26,doi_private_generic,spillover_control,0.110137319,0.2688705035,0.1587331845,True,57,0.0003432390482,3.710821862
complex,200,8,1600,0.5,26,doi_private_generic,spillover_treated,0.1731328632,0.0408461493,-0.1322867139,True,57,0.0003432390482,3.710821862
complex,200,8,1600,0.5,26,doi_private_no_interference,direct_low,0.09860674353,0.3359221338,0.2373153902,True,9,6.361218274e-05,1.737907485
complex,200,8,1600,0.5,26,doi_private_no_interference,direct_high,0.1616022877,0.3359221338,0.1743198461,True,9,6.361218274e-05,1.737907485
complex,200,8,1600,0.5,26,doi_private_no_interference,spillover_control,0.110137319,0,-0.110137319,True,9,6.361218274e-05,1.737907485
complex,200,8,1600,0.5,26,doi_private_no_interference,spillover_treated,0.1731328632,0,-0.1731328632,True,9,6.361218274e-05,1.737907485
complex,200,8,1600,1,26,design_ht,direct_low,0.09860674353,-0.02166969628,-0.1202764398,True,0,0,0
complex,200,8,1600,1,26,design_ht,direct_high,0.1616022877,0.3215951958,0.1599929081,True,0,0,0
complex,200,8,1600,1,26,design_ht,spillover_control,0.110137319,-0.05496911396,-0.165106433,True,0,0,0
complex,200,8,1600,1,26,design_ht,spillover_treated,0.1731328632,0.2882957781,0.1151629149,True,0,0,0
complex,200,8,1600,1,26,doi_nonprivate_generic,direct_low,0.09860674353,0.09861880424,1.206071264e-05,True,72,0.005729862265,4.61237407
complex,200,8,1600,1,26,doi_nonprivate_generic,direct_high,0.1616022877,0.1591186354,-0.002483652232,True,72,0.005729862265,4.61237407
complex,200,8,1600,1,26,doi_nonprivate_generic,spillover_control,0.110137319,0.1139574609,0.003820141893,True,72,0.005729862265,4.61237407
complex,200,8,1600,1,26,doi_nonprivate_generic,spillover_treated,0.1731328632,0.1744572921,0.001324428949,True,72,0.005729862265,4.61237407
complex,200,8,1600,1,26,doi_private_generic,direct_low,0.09860674353,0.03097470592,-0.06763203761,True,65,0.001298850844,4.366672715
complex,200,8,1600,1,26,doi_private_generic,direct_high,0.1616022877,0.1987888897,0.03718660204,True,65,0.001298850844,4.366672715
complex,200,8,1600,1,26,doi_private_generic,spillover_control,0.110137319,0.02118726142,-0.08895005762,True,65,0.001298850844,4.366672715
complex,200,8,1600,1,26,doi_private_generic,spillover_treated,0.1731328632,0.1890014452,0.01586858203,True,65,0.001298850844,4.366672715
complex,200,8,1600,1,26,doi_private_no_interference,direct_low,0.09860674353,0.1999185449,0.1013118014,True,10,3.681529992e-05,1.392807643
complex,200,8,1600,1,26,doi_private_no_interference,direct_high,0.1616022877,0.1999185449,0.03831625723,True,10,3.681529992e-05,1.392807643
complex,200,8,1600,1,26,doi_private_no_interference,spillover_control,0.110137319,0,-0.110137319,True,10,3.681529992e-05,1.392807643
complex,200,8,1600,1,26,doi_private_no_interference,spillover_treated,0.1731328632,0,-0.1731328632,True,10,3.681529992e-05,1.392807643
complex,200,8,1600,2,26,design_ht,direct_low,0.09860674353,0.03490426405,-0.06370247949,True,0,0,0
complex,200,8,1600,2,26,design_ht,direct_high,0.1616022877,0.2994960281,0.1378937404,True,0,0,0
complex,200,8,1600,2,26,design_ht,spillover_control,0.110137319,0.02044779351,-0.08968952553,True,0,0,0
complex,200,8,1600,2,26,design_ht,spillover_treated,0.1731328632,0.2850395576,0.1119066944,True,0,0,0
complex,200,8,1600,2,26,doi_nonprivate_generic,direct_low,0.09860674353,0.09861880424,1.206071264e-05,True,72,0.005729862265,4.61237407
complex,200,8,1600,2,26,doi_nonprivate_generic,direct_high,0.1616022877,0.1591186354,-0.002483652232,True,72,0.005729862265,4.61237407
complex,200,8,1600,2,26,doi_nonprivate_generic,spillover_control,0.110137319,0.1139574609,0.003820141893,True,72,0.005729862265,4.61237407
complex,200,8,1600,2,26,doi_nonprivate_generic,spillover_treated,0.1731328632,0.1744572921,0.001324428949,True,72,0.005729862265,4.61237407
complex,200,8,1600,2,26,doi_private_generic,direct_low,0.09860674353,0.1259078253,0.02730108179,True,82,0.001308188809,4.608409111
complex,200,8,1600,2,26,doi_private_generic,direct_high,0.1616022877,0.1843049317,0.02270264403,True,82,0.001308188809,4.608409111
complex,200,8,1600,2,26,doi_private_generic,spillover_control,0.110137319,0.09527123524,-0.0148660838,True,82,0.001308188809,4.608409111
complex,200,8,1600,2,26,doi_private_generic,spillover_treated,0.1731328632,0.1536683416,-0.01946452157,True,82,0.001308188809,4.608409111
complex,200,8,1600,2,26,doi_private_no_interference,direct_low,0.09860674353,0.2393854402,0.1407786967,True,11,5.500870774e-07,1.715632738
complex,200,8,1600,2,26,doi_private_no_interference,direct_high,0.1616022877,0.2393854402,0.07778315251,True,11,5.500870774e-07,1.715632738
complex,200,8,1600,2,26,doi_private_no_interference,spillover_control,0.110137319,0,-0.110137319,True,11,5.500870774e-07,1.715632738
complex,200,8,1600,2,26,doi_private_no_interference,spillover_treated,0.1731328632,0,-0.1731328632,True,11,5.500870774e-07,1.715632738
complex,200,8,1600,0.5,27,design_ht,direct_low,0.09860674353,0.06255512665,-0.03605161689,True,0,0,0
complex,200,8,1600,0.5,27,design_ht,direct_high,0.1616022877,0.3208117603,0.1592094726,True,0,0,0
complex,200,8,1600,0.5,27,design_ht,spillover_control,0.110137319,0.1195960845,0.009458765464,True,0,0,0
complex,200,8,1600,0.5,27,design_ht,spillover_treated,0.1731328632,0.3778527182,0.204719855,True,0,0,0
complex,200,8,1600,0.5,27,doi_nonprivate_generic,direct_low,0.09860674353,0.09626583295,-0.00234091058,True,92,0.006021979886,4.508731754
complex,200,8,1600,0.5,27,doi_nonprivate_generic,direct_high,0.1616022877,0.1566037338,-0.004998553863,True,92,0.006021979886,4.508731754
complex,200,8,1600,0.5,27,doi_nonprivate_generic,spillover_control,0.110137319,0.1138703631,0.003733044031,True,92,0.006021979886,4.508731754
complex,200,8,1600,0.5,27,doi_nonprivate_generic,spillover_treated,0.1731328632,0.1742082639,0.001075400748,True,92,0.006021979886,4.508731754
complex,200,8,1600,0.5,27,doi_private_generic,direct_low,0.09860674353,0.18606702,0.08746027642,True,43,0.0001538040881,5.486667272
complex,200,8,1600,0.5,27,doi_private_generic,direct_high,0.1616022877,0.2587356076,0.09713331992,True,43,0.0001538040881,5.486667272
complex,200,8,1600,0.5,27,doi_private_generic,spillover_control,0.110137319,0.03212059429,-0.07801672475,True,43,0.0001538040881,5.486667272
complex,200,8,1600,0.5,27,doi_private_generic,spillover_treated,0.1731328632,0.1047891819,-0.06834368125,True,43,0.0001538040881,5.486667272
complex,200,8,1600,0.5,27,doi_private_no_interference,direct_low,0.09860674353,0.2414132625,0.1428065189,True,11,4.748080883e-05,1.797235318
complex,200,8,1600,0.5,27,doi_private_no_interference,direct_high,0.1616022877,0.2414132625,0.0798109748,True,11,4.748080883e-05,1.797235318
complex,200,8,1600,0.5,27,doi_private_no_interference,spillover_control,0.110137319,0,-0.110137319,True,11,4.748080883e-05,1.797235318
complex,200,8,1600,0.5,27,doi_private_no_interference,spillover_treated,0.1731328632,0,-0.1731328632,True,11,4.748080883e-05,1.797235318
complex,200,8,1600,1,27,design_ht,direct_low,0.09860674353,-0.08758993349,-0.186196677,True,0,0,0
complex,200,8,1600,1,27,design_ht,direct_high,0.1616022877,0.2076344428,0.0460321551,True,0,0,0
complex,200,8,1600,1,27,design_ht,spillover_control,0.110137319,0.1045721298,-0.005565189271,True,0,0,0
complex,200,8,1600,1,27,design_ht,spillover_treated,0.1731328632,0.399796506,0.2266636428,True,0,0,0
complex,200,8,1600,1,27,doi_nonprivate_generic,direct_low,0.09860674353,0.09626583295,-0.00234091058,True,92,0.006021979886,4.508731754
complex,200,8,1600,1,27,doi_nonprivate_generic,direct_high,0.1616022877,0.1566037338,-0.004998553863,True,92,0.006021979886,4.508731754
complex,200,8,1600,1,27,doi_nonprivate_generic,spillover_control,0.110137319,0.1138703631,0.003733044031,True,92,0.006021979886,4.508731754
complex,200,8,1600,1,27,doi_nonprivate_generic,spillover_treated,0.1731328632,0.1742082639,0.001075400748,True,92,0.006021979886,4.508731754
complex,200,8,1600,1,27,doi_private_generic,direct_low,0.09860674353,-0.01536472972,-0.1139714733,True,73,0.003176270115,3.666876707
complex,200,8,1600,1,27,doi_private_generic,direct_high,0.1616022877,0.07912179553,-0.08248049215,True,73,0.003176270115,3.666876707
complex,200,8,1600,1,27,doi_private_generic,spillover_control,0.110137319,0.07001714029,-0.04012017875,True,73,0.003176270115,3.666876707
complex,200,8,1600,1,27,doi_private_generic,spillover_treated,0.1731328632,0.1645036655,-0.008629197639,True,73,0.003176270115,3.666876707
complex,200,8,1600,1,27,doi_private_no_interference,direct_low,0.09860674353,0.1180192987,0.01941255522,True,9,3.487187661e-05,1.357667015
complex,200,8,1600,1,27,doi_private_no_interference,direct_high,0.1616022877,0.1180192987,-0.04358298893,True,9,3.487187661e-05,1.357667015
complex,200,8,1600,1,27,doi_private_no_interference,spillover_control,0.110137319,0,-0.110137319,True,9,3.487187661e-05,1.357667015
complex,200,8,1600,1,27,doi_private_no_interference,spillover_treated,0.1731328632,0,-0.1731328632,True,9,3.487187661e-05,1.357667015
complex,200,8,1600,2,27,design_ht,direct_low,0.09860674353,0.03787985233,-0.0607268912,True,0,0,0
complex,200,8,1600,2,27,design_ht,direct_high,0.1616022877,0.1579477935,-0.003654494163,True,0,0,0
complex,200,8,1600,2,27,design_ht,spillover_control,0.110137319,0.2877163224,0.1775790034,True,0,0,0
complex,200,8,1600,2,27,design_ht,spillover_treated,0.1731328632,0.4077842636,0.2346514004,True,0,0,0
complex,200,8,1600,2,27,doi_nonprivate_generic,direct_low,0.09860674353,0.09626583295,-0.00234091058,True,92,0.006021979886,4.508731754
complex,200,8,1600,2,27,doi_nonprivate_generic,direct_high,0.1616022877,0.1566037338,-0.004998553863,True,92,0.006021979886,4.508731754
complex,200,8,1600,2,27,doi_nonprivate_generic,spillover_control,0.110137319,0.1138703631,0.003733044031,True,92,0.006021979886,4.508731754
complex,200,8,1600,2,27,doi_nonprivate_generic,spillover_treated,0.1731328632,0.1742082639,0.001075400748,True,92,0.006021979886,4.508731754
complex,200,8,1600,2,27,doi_private_generic,direct_low,0.09860674353,0.08049767927,-0.01810906426,True,82,0.002275497183,4.140619852
complex,200,8,1600,2,27,doi_private_generic,direct_high,0.1616022877,0.0974940923,-0.06410819538,True,82,0.002275497183,4.140619852
complex,200,8,1600,2,27,doi_private_generic,spillover_control,0.110137319,0.1641356583,0.05399833922,True,82,0.002275497183,4.140619852
complex,200,8,1600,2,27,doi_private_generic,spillover_treated,0.1731328632,0.1811320713,0.0079992081,True,82,0.002275497183,4.140619852
complex,200,8,1600,2,27,doi_private_no_interference,direct_low,0.09860674353,0.2060698622,0.1074631187,True,10,2.53064003e-06,1.170457388
complex,200,8,1600,2,27,doi_private_no_interference,direct_high,0.1616022877,0.2060698622,0.04446757455,True,10,2.53064003e-06,1.170457388
complex,200,8,1600,2,27,doi_private_no_interference,spillover_control,0.110137319,0,-0.110137319,True,10,2.53064003e-06,1.170457388
complex,200,8,1600,2,27,doi_private_no_interference,spillover_treated,0.1731328632,0,-0.1731328632,True,10,2.53064003e-06,1.170457388
complex,200,8,1600,0.5,28,design_ht,direct_low,0.09860674353,0.1735542252,0.07494748167,True,0,0,0
complex,200,8,1600,0.5,28,design_ht,direct_high,0.1616022877,-0.0335289155,-0.1951312032,True,0,0,0
complex,200,8,1600,0.5,28,design_ht,spillover_control,0.110137319,0.2909945913,0.1808572723,True,0,0,0
complex,200,8,1600,0.5,28,design_ht,spillover_treated,0.1731328632,0.08391145061,-0.08922141257,True,0,0,0
complex,200,8,1600,0.5,28,doi_nonprivate_generic,direct_low,0.09860674353,0.09852312456,-8.361896694e-05,True,86,0.003388802977,4.614502819
complex,200,8,1600,0.5,28,doi_nonprivate_generic,direct_high,0.1616022877,0.160773925,-0.0008283626605,True,86,0.003388802977,4.614502819
complex,200,8,1600,0.5,28,doi_nonprivate_generic,spillover_control,0.110137319,0.112914672,0.002777352973,True,86,0.003388802977,4.614502819
complex,200,8,1600,0.5,28,doi_nonprivate_generic,spillover_treated,0.1731328632,0.1751654725,0.00203260928,True,86,0.003388802977,4.614502819
complex,200,8,1600,0.5,28,doi_private_generic,direct_low,0.09860674353,0.1479437291,0.04933698556,True,45,0.0003033496137,4.544204733
complex,200,8,1600,0.5,28,doi_private_generic,direct_high,0.1616022877,-0.05006195902,-0.2116642467,True,45,0.0003033496137,4.544204733
complex,200,8,1600,0.5,28,doi_private_generic,spillover_control,0.110137319,0.3365037029,0.2263663839,True,45,0.0003033496137,4.544204733
complex,200,8,1600,0.5,28,doi_private_generic,spillover_treated,0.1731328632,0.1384980148,-0.03463484837,True,45,0.0003033496137,4.544204733
complex,200,8,1600,0.5,28,doi_private_no_interference,direct_low,0.09860674353,0.181688643,0.08308189943,True,11,2.424468325e-06,1.236359852
complex,200,8,1600,0.5,28,doi_private_no_interference,direct_high,0.1616022877,0.181688643,0.02008635529,True,11,2.424468325e-06,1.236359852
complex,200,8,1600,0.5,28,doi_private_no_interference,spillover_control,0.110137319,0,-0.110137319,True,11,2.424468325e-06,1.236359852
complex,200,8,1600,0.5,28,doi_private_no_interference,spillover_treated,0.1731328632,0,-0.1731328632,True,11,2.424468325e-06,1.236359852
complex,200,8,1600,1,28,design_ht,direct_low,0.09860674353,0.1019731074,0.003366363901,True,0,0,0
complex,200,8,1600,1,28,design_ht,direct_high,0.1616022877,0.198273066,0.03667077835,True,0,0,0
complex,200,8,1600,1,28,design_ht,spillover_control,0.110137319,0.1368604619,0.02672314281,True,0,0,0
complex,200,8,1600,1,28,design_ht,spillover_treated,0.1731328632,0.2331604204,0.06002755726,True,0,0,0
complex,200,8,1600,1,28,doi_nonprivate_generic,direct_low,0.09860674353,0.09852312456,-8.361896694e-05,True,86,0.003388802977,4.614502819
complex,200,8,1600,1,28,doi_nonprivate_generic,direct_high,0.1616022877,0.160773925,-0.0008283626605,True,86,0.003388802977,4.614502819
complex,200,8,1600,1,28,doi_nonprivate_generic,spillover_control,0.110137319,0.112914672,0.002777352973,True,86,0.003388802977,4.614502819
complex,200,8,1600,1,28,doi_nonprivate_generic,spillover_treated,0.1731328632,0.1751654725,0.00203260928,True,86,0.003388802977,4.614502819
complex,200,8,1600,1,28,doi_private_generic,direct_low,0.09860674353,0.06822941467,-0.03037732886,True,59,0.0004524063088,5.334581424
complex,200,8,1600,1,28,doi_private_generic,direct_high,0.1616022877,0.1902984366,0.02869614894,True,59,0.0004524063088,5.334581424
complex,200,8,1600,1,28,doi_private_generic,spillover_control,0.110137319,0.1681483076,0.05801098857,True,59,0.0004524063088,5.334581424
complex,200,8,1600,1,28,doi_private_generic,spillover_treated,0.1731328632,0.2902173296,0.1170844664,True,59,0.0004524063088,5.334581424
complex,200,8,1600,1,28,doi_private_no_interference,direct_low,0.09860674353,0.2618567951,0.1632500515,True,11,5.966787534e-05,1.390779408
complex,200,8,1600,1,28,doi_private_no_interference,direct_high,0.1616022877,0.2618567951,0.1002545074,True,11,5.966787534e-05,1.390779408
complex,200,8,1600,1,28,doi_private_no_interference,spillover_control,0.110137319,0,-0.110137319,True,11,5.966787534e-05,1.390779408
complex,200,8,1600,1,28,doi_private_no_interference,spillover_treated,0.1731328632,0,-0.1731328632,True,11,5.966787534e-05,1.390779408
complex,200,8,1600,2,28,design_ht,direct_low,0.09860674353,0.001752794198,-0.09685394933,True,0,0,0
complex,200,8,1600,2,28,design_ht,direct_high,0.1616022877,0.08330088157,-0.07830140611,True,0,0,0
complex,200,8,1600,2,28,design_ht,spillover_control,0.110137319,0.1816974991,0.07156018004,True,0,0,0
complex,200,8,1600,2,28,design_ht,spillover_treated,0.1731328632,0.2632455865,0.09011272327,True,0,0,0
complex,200,8,1600,2,28,doi_nonprivate_generic,direct_low,0.09860674353,0.09852312456,-8.361896694e-05,True,86,0.003388802977,4.614502819
complex,200,8,1600,2,28,doi_nonprivate_generic,direct_high,0.1616022877,0.160773925,-0.0008283626605,True,86,0.003388802977,4.614502819
complex,200,8,1600,2,28,doi_nonprivate_generic,spillover_control,0.110137319,0.112914672,0.002777352973,True,86,0.003388802977,4.614502819
complex,200,8,1600,2,28,doi_nonprivate_generic,spillover_treated,0.1731328632,0.1751654725,0.00203260928,True,86,0.003388802977,4.614502819
complex,200,8,1600,2,28,doi_private_generic,direct_low,0.09860674353,0.01979798604,-0.07880875749,True,61,0.002245073779,3.901881215
complex,200,8,1600,2,28,doi_private_generic,direct_high,0.1616022877,0.1191768671,-0.04242542056,True,61,0.002245073779,3.901881215
complex,200,8,1600,2,28,doi_private_generic,spillover_control,0.110137319,0.140477382,0.03034006296,True,61,0.002245073779,3.901881215
complex,200,8,1600,2,28,doi_private_generic,spillover_treated,0.1731328632,0.2398562631,0.06672339989,True,61,0.002245073779,3.901881215
complex,200,8,1600,2,28,doi_private_no_interference,direct_low,0.09860674353,0.1773153599,0.07870861637,True,8,8.883637515e-05,1.282942767
complex,200,8,1600,2,28,doi_private_no_interference,direct_high,0.1616022877,0.1773153599,0.01571307223,True,8,8.883637515e-05,1.282942767
complex,200,8,1600,2,28,doi_private_no_interference,spillover_control,0.110137319,0,-0.110137319,True,8,8.883637515e-05,1.282942767
complex,200,8,1600,2,28,doi_private_no_interference,spillover_treated,0.1731328632,0,-0.1731328632,True,8,8.883637515e-05,1.282942767
complex,200,8,1600,0.5,29,design_ht,direct_low,0.09860674353,0.1816941337,0.08308739014,True,0,0,0
complex,200,8,1600,0.5,29,design_ht,direct_high,0.1616022877,0.1511605492,-0.01044173851,True,0,0,0
complex,200,8,1600,0.5,29,design_ht,spillover_control,0.110137319,-0.04147755641,-0.1516148754,True,0,0,0
complex,200,8,1600,0.5,29,design_ht,spillover_treated,0.1731328632,-0.07201114091,-0.2451440041,True,0,0,0
complex,200,8,1600,0.5,29,doi_nonprivate_generic,direct_low,0.09860674353,0.09559260293,-0.003014140601,True,70,0.007391904812,4.532330672
complex,200,8,1600,0.5,29,doi_nonprivate_generic,direct_high,0.1616022877,0.1590805876,-0.002521700101,True,70,0.007391904812,4.532330672
complex,200,8,1600,0.5,29,doi_nonprivate_generic,spillover_control,0.110137319,0.1135491775,0.003411858438,True,70,0.007391904812,4.532330672
complex,200,8,1600,0.5,29,doi_nonprivate_generic,spillover_treated,0.1731328632,0.1770371621,0.003904298938,True,70,0.007391904812,4.532330672
complex,200,8,1600,0.5,29,doi_private_generic,direct_low,0.09860674353,0.2400315093,0.1414247658,True,49,0.0006909645404,3.856440712
complex,200,8,1600,0.5,29,doi_private_generic,direct_high,0.1616022877,0.06671784408,-0.0948844436,True,49,0.0006909645404,3.856440712
complex,200,8,1600,0.5,29,doi_private_generic,spillover_control,0.110137319,0.097594683,-0.01254263604,True,49,0.0006909645404,3.856440712
complex,200,8,1600,0.5,29,doi_private_generic,spillover_treated,0.1731328632,-0.07571898221,-0.2488518454,True,49,0.0006909645404,3.856440712
complex,200,8,1600,0.5,29,doi_private_no_interference,direct_low,0.09860674353,0.1703186446,0.07171190112,True,10,1.403975503e-06,1.593960867
complex,200,8,1600,0.5,29,doi_private_no_interference,direct_high,0.1616022877,0.1703186446,0.008716356973,True,10,1.403975503e-06,1.593960867
complex,200,8,1600,0.5,29,doi_private_no_interference,spillover_control,0.110137319,0,-0.110137319,True,10,1.403975503e-06,1.593960867
complex,200,8,1600,0.5,29,doi_private_no_interference,spillover_treated,0.1731328632,0,-0.1731328632,True,10,1.403975503e-06,1.593960867
complex,200,8,1600,1,29,design_ht,direct_low,0.09860674353,0.08679596511,-0.01181077842,True,0,0,0
complex,200,8,1600,1,29,design_ht,direct_high,0.1616022877,0.1389098795,-0.02269240815,True,0,0,0
complex,200,8,1600,1,29,design_ht,spillover_control,0.110137319,0.001806863709,-0.1083304553,True,0,0,0
complex,200,8,1600,1,29,design_ht,spillover_treated,0.1731328632,0.05392077812,-0.1192120851,True,0,0,0
complex,200,8,1600,1,29,doi_nonprivate_generic,direct_low,0.09860674353,0.09559260293,-0.003014140601,True,70,0.007391904812,4.532330672
complex,200,8,1600,1,29,doi_nonprivate_generic,direct_high,0.1616022877,0.1590805876,-0.002521700101,True,70,0.007391904812,4.532330672
complex,200,8,1600,1,29,doi_nonprivate_generic,spillover_control,0.110137319,0.1135491775,0.003411858438,True,70,0.007391904812,4.532330672
complex,200,8,1600,1,29,doi_nonprivate_generic,spillover_treated,0.1731328632,0.1770371621,0.003904298938,True,70,0.007391904812,4.532330672
complex,200,8,1600,1,29,doi_private_generic,direct_low,0.09860674353,0.05123350296,-0.04737324057,True,63,0.0003010665764,3.925251342
complex,200,8,1600,1,29,doi_private_generic,direct_high,0.1616022877,0.09728779228,-0.06431449539,True,63,0.0003010665764,3.925251342
complex,200,8,1600,1,29,doi_private_generic,spillover_control,0.110137319,0.1520482981,0.04191097904,True,63,0.0003010665764,3.925251342
complex,200,8,1600,1,29,doi_private_generic,spillover_treated,0.1731328632,0.1981025874,0.02496972422,True,63,0.0003010665764,3.925251342
complex,200,8,1600,1,29,doi_private_no_interference,direct_low,0.09860674353,0.1675500089,0.06894326541,True,10,2.607591324e-06,1.492892898
complex,200,8,1600,1,29,doi_private_no_interference,direct_high,0.1616022877,0.1675500089,0.00594772127,True,10,2.607591324e-06,1.492892898
complex,200,8,1600,1,29,doi_private_no_interference,spillover_control,0.110137319,0,-0.110137319,True,10,2.607591324e-06,1.492892898
complex,200,8,1600,1,29,doi_private_no_interference,spillover_treated,0.1731328632,0,-0.1731328632,True,10,2.607591324e-06,1.492892898
complex,200,8,1600,2,29,design_ht,direct_low,0.09860674353,0.1994283813,0.1008216378,True,0,0,0
complex,200,8,1600,2,29,design_ht,direct_high,0.1616022877,0.1710588225,0.009456534845,True,0,0,0
complex,200,8,1600,2,29,design_ht,spillover_control,0.110137319,0.03595014607,-0.07418717297,True,0,0,0
complex,200,8,1600,2,29,design_ht,spillover_treated,0.1731328632,0.007580587252,-0.1655522759,True,0,0,0
complex,200,8,1600,2,29,doi_nonprivate_generic,direct_low,0.09860674353,0.09559260293,-0.003014140601,True,70,0.007391904812,4.532330672
complex,200,8,1600,2,29,doi_nonprivate_generic,direct_high,0.1616022877,0.1590805876,-0.002521700101,True,70,0.007391904812,4.532330672
complex,200,8,1600,2,29,doi_nonprivate_generic,spillover_control,0.110137319,0.1135491775,0.003411858438,True,70,0.007391904812,4.532330672
complex,200,8,1600,2,29,doi_nonprivate_generic,spillover_treated,0.1731328632,0.1770371621,0.003904298938,True,70,0.007391904812,4.532330672
complex,200,8,1600,2,29,doi_private_generic,direct_low,0.09860674353,0.1448424952,0.04623575169,True,70,0.001203083823,3.452719493
complex,200,8,1600,2,29,doi_private_generic,direct_high,0.1616022877,0.2271943826,0.06559209489,True,70,0.001203083823,3.452719493
complex,200,8,1600,2,29,doi_private_generic,spillover_control,0.110137319,0.05767702626,-0.05246029278,True,70,0.001203083823,3.452719493
complex,200,8,1600,2,29,doi_private_generic,spillover_treated,0.1731328632,0.1400289136,-0.03310394957,True,70,0.001203083823,3.452719493
complex,200,8,1600,2,29,doi_private_no_interference,direct_low,0.09860674353,0.2376319399,0.1390251964,True,11,1.845167897e-05,1.382312712
complex,200,8,1600,2,29,doi_private_no_interference,direct_high,0.1616022877,0.2376319399,0.07602965222,True,11,1.845167897e-05,1.382312712
complex,200,8,1600,2,29,doi_private_no_interference,spillover_control,0.110137319,0,-0.110137319,True,11,1.845167897e-05,1.382312712
complex,200,8,1600,2,29,doi_private_no_interference,spillover_treated,0.1731328632,0,-0.1731328632,True,11,1.845167897e-05,1.382312712
complex,200,8,1600,0.5,30,design_ht,direct_low,0.09860674353,-0.01776777458,-0.1163745181,True,0,0,0
complex,200,8,1600,0.5,30,design_ht,direct_high,0.1616022877,-0.08951310558,-0.2511153932,True,0,0,0
complex,200,8,1600,0.5,30,design_ht,spillover_control,0.110137319,0.2577250138,0.1475876948,True,0,0,0
complex,200,8,1600,0.5,30,design_ht,spillover_treated,0.1731328632,0.1859796828,0.01284681965,True,0,0,0
complex,200,8,1600,0.5,30,doi_nonprivate_generic,direct_low,0.09860674353,0.09988507313,0.001278329601,True,80,0.01144578679,4.659558277
complex,200,8,1600,0.5,30,doi_nonprivate_generic,direct_high,0.1616022877,0.1592260694,-0.00237621829,True,80,0.01144578679,4.659558277
complex,200,8,1600,0.5,30,doi_nonprivate_generic,spillover_control,0.110137319,0.1155527906,0.005415471592,True,80,0.01144578679,4.659558277
complex,200,8,1600,0.5,30,doi_nonprivate_generic,spillover_treated,0.1731328632,0.1748937869,0.001760923701,True,80,0.01144578679,4.659558277
complex,200,8,1600,0.5,30,doi_private_generic,direct_low,0.09860674353,-0.03475113068,-0.1333578742,True,27,0.001548579032,2.809700793
complex,200,8,1600,0.5,30,doi_private_generic,direct_high,0.1616022877,0.01998769102,-0.1416145967,True,27,0.001548579032,2.809700793
complex,200,8,1600,0.5,30,doi_private_generic,spillover_control,0.110137319,0.1485793058,0.03844198676,True,27,0.001548579032,2.809700793
complex,200,8,1600,0.5,30,doi_private_generic,spillover_treated,0.1731328632,0.2033181275,0.03018526432,True,27,0.001548579032,2.809700793
complex,200,8,1600,0.5,30,doi_private_no_interference,direct_low,0.09860674353,0.08580688584,-0.01279985769,True,8,8.93107179e-05,1.442258996
complex,200,8,1600,0.5,30,doi_private_no_interference,direct_high,0.1616022877,0.08580688584,-0.07579540183,True,8,8.93107179e-05,1.442258996
complex,200,8,1600,0.5,30,doi_private_no_interference,spillover_control,0.110137319,0,-0.110137319,True,8,8.93107179e-05,1.442258996
complex,200,8,1600,0.5,30,doi_private_no_interference,spillover_treated,0.1731328632,0,-0.1731328632,True,8,8.93107179e-05,1.442258996
complex,200,8,1600,1,30,design_ht,direct_low,0.09860674353,0.0475281614,-0.05107858214,True,0,0,0
complex,200,8,1600,1,30,design_ht,direct_high,0.1616022877,0.04040788278,-0.1211944049,True,0,0,0
complex,200,8,1600,1,30,design_ht,spillover_control,0.110137319,0.2347229204,0.1245856014,True,0,0,0
complex,200,8,1600,1,30,design_ht,spillover_treated,0.1731328632,0.2276026418,0.05446977865,True,0,0,0
complex,200,8,1600,1,30,doi_nonprivate_generic,direct_low,0.09860674353,0.09988507313,0.001278329601,True,80,0.01144578679,4.659558277
complex,200,8,1600,1,30,doi_nonprivate_generic,direct_high,0.1616022877,0.1592260694,-0.00237621829,True,80,0.01144578679,4.659558277
complex,200,8,1600,1,30,doi_nonprivate_generic,spillover_control,0.110137319,0.1155527906,0.005415471592,True,80,0.01144578679,4.659558277
complex,200,8,1600,1,30,doi_nonprivate_generic,spillover_treated,0.1731328632,0.1748937869,0.001760923701,True,80,0.01144578679,4.659558277
complex,200,8,1600,1,30,doi_private_generic,direct_low,0.09860674353,0.1284813447,0.0298746012,True,81,0.000900729186,3.178823787
complex,200,8,1600,1,30,doi_private_generic,direct_high,0.1616022877,0.04461494467,-0.116987343,True,81,0.000900729186,3.178823787
complex,200,8,1600,1,30,doi_private_generic,spillover_control,0.110137319,0.2383076983,0.1281703793,True,81,0.000900729186,3.178823787
complex,200,8,1600,1,30,doi_private_generic,spillover_treated,0.1731328632,0.1544412983,-0.01869156491,True,81,0.000900729186,3.178823787
complex,200,8,1600,1,30,doi_private_no_interference,direct_low,0.09860674353,0.1972085616,0.09860181809,True,10,5.814240343e-05,1.059410822
complex,200,8,1600,1,30,doi_private_no_interference,direct_high,0.1616022877,0.1972085616,0.03560627394,True,10,5.814240343e-05,1.059410822
complex,200,8,1600,1,30,doi_private_no_interference,spillover_control,0.110137319,0,-0.110137319,True,10,5.814240343e-05,1.059410822
complex,200,8,1600,1,30,doi_private_no_interference,spillover_treated,0.1731328632,0,-0.1731328632,True,10,5.814240343e-05,1.059410822
complex,200,8,1600,2,30,design_ht,direct_low,0.09860674353,0.206167499,0.1075607554,True,0,0,0
complex,200,8,1600,2,30,design_ht,direct_high,0.1616022877,0.105474705,-0.05612758267,True,0,0,0
complex,200,8,1600,2,30,design_ht,spillover_control,0.110137319,0.1335045579,0.02336723886,True,0,0,0
complex,200,8,1600,2,30,design_ht,spillover_treated,0.1731328632,0.03281176393,-0.1403210993,True,0,0,0
complex,200,8,1600,2,30,doi_nonprivate_generic,direct_low,0.09860674353,0.09988507313,0.001278329601,True,80,0.01144578679,4.659558277
complex,200,8,1600,2,30,doi_nonprivate_generic,direct_high,0.1616022877,0.1592260694,-0.00237621829,True,80,0.01144578679,4.659558277
complex,200,8,1600,2,30,doi_nonprivate_generic,spillover_control,0.110137319,0.1155527906,0.005415471592,True,80,0.01144578679,4.659558277
complex,200,8,1600,2,30,doi_nonprivate_generic,spillover_treated,0.1731328632,0.1748937869,0.001760923701,True,80,0.01144578679,4.659558277
complex,200,8,1600,2,30,doi_private_generic,direct_low,0.09860674353,0.1318633207,0.03325657715,True,59,0.001441150418,2.593857736
complex,200,8,1600,2,30,doi_private_generic,direct_high,0.1616022877,0.1279215978,-0.03368068986,True,59,0.001441150418,2.593857736
complex,200,8,1600,2,30,doi_private_generic,spillover_control,0.110137319,0.1577539975,0.0476166785,True,59,0.001441150418,2.593857736
complex,200,8,1600,2,30,doi_private_generic,spillover_treated,0.1731328632,0.1538122747,-0.0193205885,True,59,0.001441150418,2.593857736
complex,200,8,1600,2,30,doi_private_no_interference,direct_low,0.09860674353,0.2175381584,0.1189314149,True,10,7.042119209e-05,1.609643666
complex,200,8,1600,2,30,doi_private_no_interference,direct_high,0.1616022877,0.2175381584,0.05593587076,True,10,7.042119209e-05,1.609643666
complex,200,8,1600,2,30,doi_private_no_interference,spillover_control,0.110137319,0,-0.110137319,True,10,7.042119209e-05,1.609643666
complex,200,8,1600,2,30,doi_private_no_interference,spillover_treated,0.1731328632,0,-0.1731328632,True,10,7.042119209e-05,1.609643666
complex,200,8,1600,0.5,31,design_ht,direct_low,0.09860674353,0.0782481971,-0.02035854643,True,0,0,0
complex,200,8,1600,0.5,31,design_ht,direct_high,0.1616022877,0.008788253512,-0.1528140342,True,0,0,0
complex,200,8,1600,0.5,31,design_ht,spillover_control,0.110137319,0.2284945913,0.1183572723,True,0,0,0
complex,200,8,1600,0.5,31,design_ht,spillover_treated,0.1731328632,0.1590346477,-0.01409821546,True,0,0,0
complex,200,8,1600,0.5,31,doi_nonprivate_generic,direct_low,0.09860674353,0.09692624554,-0.001680497989,True,81,0.00101334611,4.558735925
complex,200,8,1600,0.5,31,doi_nonprivate_generic,direct_high,0.1616022877,0.159639164,-0.001963123689,True,81,0.00101334611,4.558735925
complex,200,8,1600,0.5,31,doi_nonprivate_generic,spillover_control,0.110137319,0.1154851692,0.005347850111,True,81,0.00101334611,4.558735925
complex,200,8,1600,0.5,31,doi_nonprivate_generic,spillover_treated,0.1731328632,0.1781980876,0.005065224411,True,81,0.00101334611,4.558735925
complex,200,8,1600,0.5,31,doi_private_generic,direct_low,0.09860674353,-0.1134491988,-0.2120559423,True,53,0.0006464872282,5.725215098
complex,200,8,1600,0.5,31,doi_private_generic,direct_high,0.1616022877,-0.03545802674,-0.1970603144,True,53,0.0006464872282,5.725215098
complex,200,8,1600,0.5,31,doi_private_generic,spillover_control,0.110137319,0.2710655077,0.1609281887,True,53,0.0006464872282,5.725215098
complex,200,8,1600,0.5,31,doi_private_generic,spillover_treated,0.1731328632,0.3490566797,0.1759238166,True,53,0.0006464872282,5.725215098
complex,200,8,1600,0.5,31,doi_private_no_interference,direct_low,0.09860674353,0.1584689617,0.05986221817,True,10,5.984133369e-06,1.923617732
complex,200,8,1600,0.5,31,doi_private_no_interference,direct_high,0.1616022877,0.1584689617,-0.003133325972,True,10,5.984133369e-06,1.923617732
complex,200,8,1600,0.5,31,doi_private_no_interference,spillover_control,0.110137319,0,-0.110137319,True,10,5.984133369e-06,1.923617732
complex,200,8,1600,0.5,31,doi_private_no_interference,spillover_treated,0.1731328632,0,-0.1731328632,True,10,5.984133369e-06,1.923617732
complex,200,8,1600,1,31,design_ht,direct_low,0.09860674353,0.07307957581,-0.02552716773,True,0,0,0
complex,200,8,1600,1,31,design_ht,direct_high,0.1616022877,0.1834929079,0.02189062021,True,0,0,0
complex,200,8,1600,1,31,design_ht,spillover_control,0.110137319,0.06421693022,-0.04592038882,True,0,0,0
complex,200,8,1600,1,31,design_ht,spillover_treated,0.1731328632,0.1746302623,0.001497399124,True,0,0,0
complex,200,8,1600,1,31,doi_nonprivate_generic,direct_low,0.09860674353,0.09692624554,-0.001680497989,True,81,0.00101334611,4.558735925
complex,200,8,1600,1,31,doi_nonprivate_generic,direct_high,0.1616022877,0.159639164,-0.001963123689,True,81,0.00101334611,4.558735925
complex,200,8,1600,1,31,doi_nonprivate_generic,spillover_control,0.110137319,0.1154851692,0.005347850111,True,81,0.00101334611,4.558735925
complex,200,8,1600,1,31,doi_nonprivate_generic,spillover_treated,0.1731328632,0.1781980876,0.005065224411,True,81,0.00101334611,4.558735925
complex,200,8,1600,1,31,doi_private_generic,direct_low,0.09860674353,0.1234849753,0.02487823179,True,60,0.003675896837,5.744636822
complex,200,8,1600,1,31,doi_private_generic,direct_high,0.1616022877,0.12284712,-0.03875516763,True,60,0.003675896837,5.744636822
complex,200,8,1600,1,31,doi_private_generic,spillover_control,0.110137319,0.1372288807,0.02709156166,True,60,0.003675896837,5.744636822
complex,200,8,1600,1,31,doi_private_generic,spillover_treated,0.1731328632,0.1365910254,-0.03654183777,True,60,0.003675896837,5.744636822
complex,200,8,1600,1,31,doi_private_no_interference,direct_low,0.09860674353,0.2119253103,0.1133185668,True,10,3.608963259e-05,1.342696737
complex,200,8,1600,1,31,doi_private_no_interference,direct_high,0.1616022877,0.2119253103,0.05032302264,True,10,3.608963259e-05,1.342696737
complex,200,8,1600,1,31,doi_private_no_interference,spillover_control,0.110137319,0,-0.110137319,True,10,3.608963259e-05,1.342696737
complex,200,8,1600,1,31,doi_private_no_interference,spillover_treated,0.1731328632,0,-0.1731328632,True,10,3.608963259e-05,1.342696737
complex,200,8,1600,2,31,design_ht,direct_low,0.09860674353,0.1738032341,0.07519649059,True,0,0,0
complex,200,8,1600,2,31,design_ht,direct_high,0.1616022877,0.1602707342,-0.001331553437,True,0,0,0
complex,200,8,1600,2,31,design_ht,spillover_control,0.110137319,0.1130426462,0.002905327144,True,0,0,0
complex,200,8,1600,2,31,design_ht,spillover_treated,0.1731328632,0.0995101463,-0.07362271688,True,0,0,0
complex,200,8,1600,2,31,doi_nonprivate_generic,direct_low,0.09860674353,0.09692624554,-0.001680497989,True,81,0.00101334611,4.558735925
complex,200,8,1600,2,31,doi_nonprivate_generic,direct_high,0.1616022877,0.159639164,-0.001963123689,True,81,0.00101334611,4.558735925
complex,200,8,1600,2,31,doi_nonprivate_generic,spillover_control,0.110137319,0.1154851692,0.005347850111,True,81,0.00101334611,4.558735925
complex,200,8,1600,2,31,doi_nonprivate_generic,spillover_treated,0.1731328632,0.1781980876,0.005065224411,True,81,0.00101334611,4.558735925
complex,200,8,1600,2,31,doi_private_generic,direct_low,0.09860674353,0.1411872865,0.04258054301,True,55,0.002241846346,5.301714532
complex,200,8,1600,2,31,doi_private_generic,direct_high,0.1616022877,0.1513469473,-0.01025534034,True,55,0.002241846346,5.301714532
complex,200,8,1600,2,31,doi_private_generic,spillover_control,0.110137319,0.1510802887,0.04094296965,True,55,0.002241846346,5.301714532
complex,200,8,1600,2,31,doi_private_generic,spillover_treated,0.1731328632,0.1612399495,-0.0118929137,True,55,0.002241846346,5.301714532
complex,200,8,1600,2,31,doi_private_no_interference,direct_low,0.09860674353,0.2430100834,0.1444033399,True,11,3.966330529e-05,1.446949757
complex,200,8,1600,2,31,doi_private_no_interference,direct_high,0.1616022877,0.2430100834,0.08140779575,True,11,3.966330529e-05,1.446949757
complex,200,8,1600,2,31,doi_private_no_interference,spillover_control,0.110137319,0,-0.110137319,True,11,3.966330529e-05,1.446949757
complex,200,8,1600,2,31,doi_private_no_interference,spillover_treated,0.1731328632,0,-0.1731328632,True,11,3.966330529e-05,1.446949757
complex,200,8,1600,0.5,32,design_ht,direct_low,0.09860674353,0.09055045764,-0.008056285893,True,0,0,0
complex,200,8,1600,0.5,32,design_ht,direct_high,0.1616022877,0.06933027458,-0.09227201309,True,0,0,0
complex,200,8,1600,0.5,32,design_ht,spillover_control,0.110137319,0.1941811899,0.08404387082,True,0,0,0
complex,200,8,1600,0.5,32,design_ht,spillover_treated,0.1731328632,0.1729610068,-0.0001718563772,True,0,0,0
complex,200,8,1600,0.5,32,doi_nonprivate_generic,direct_low,0.09860674353,0.09605140019,-0.002555343337,True,68,0.002117761059,4.597445956
complex,200,8,1600,0.5,32,doi_nonprivate_generic,direct_high,0.1616022877,0.1590934403,-0.002508847331,True,68,0.002117761059,4.597445956
complex,200,8,1600,0.5,32,doi_nonprivate_generic,spillover_control,0.110137319,0.1130556777,0.002918358689,True,68,0.002117761059,4.597445956
complex,200,8,1600,0.5,32,doi_nonprivate_generic,spillover_treated,0.1731328632,0.1760977179,0.002964854695,True,68,0.002117761059,4.597445956
complex,200,8,1600,0.5,32,doi_private_generic,direct_low,0.09860674353,0.03859903908,-0.06000770445,True,47,0.0002676249704,3.286971258
complex,200,8,1600,0.5,32,doi_private_generic,direct_high,0.1616022877,0.1726457982,0.01104351052,True,47,0.0002676249704,3.286971258
complex,200,8,1600,0.5,32,doi_private_generic,spillover_control,0.110137319,0.1799964193,0.0698591003,True,47,0.0002676249704,3.286971258
complex,200,8,1600,0.5,32,doi_private_generic,spillover_treated,0.1731328632,0.3140431785,0.1409103153,True,47,0.0002676249704,3.286971258
complex,200,8,1600,0.5,32,doi_private_no_interference,direct_low,0.09860674353,0.241708622,0.1431018785,True,10,4.65948975e-05,1.611774244
complex,200,8,1600,0.5,32,doi_private_no_interference,direct_high,0.1616022877,0.241708622,0.08010633434,True,10,4.65948975e-05,1.611774244
complex,200,8,1600,0.5,32,doi_private_no_interference,spillover_control,0.110137319,0,-0.110137319,True,10,4.65948975e-05,1.611774244
complex,200,8,1600,0.5,32,doi_private_no_interference,spillover_treated,0.1731328632,0,-0.1731328632,True,10,4.65948975e-05,1.611774244
complex,200,8,1600,1,32,design_ht,direct_low,0.09860674353,-0.05659611069,-0.1552028542,True,0,0,0
complex,200,8,1600,1,32,design_ht,direct_high,0.1616022877,0.1460437814,-0.01555850629,True,0,0,0
complex,200,8,1600,1,32,design_ht,spillover_control,0.110137319,0.0171756865,-0.09296163254,True,0,0,0
complex,200,8,1600,1,32,design_ht,spillover_treated,0.1731328632,0.2198155786,0.04668271539,True,0,0,0
complex,200,8,1600,1,32,doi_nonprivate_generic,direct_low,0.09860674353,0.09605140019,-0.002555343337,True,68,0.002117761059,4.597445956
complex,200,8,1600,1,32,doi_nonprivate_generic,direct_high,0.1616022877,0.1590934403,-0.002508847331,True,68,0.002117761059,4.597445956
complex,200,8,1600,1,32,doi_nonprivate_generic,spillover_control,0.110137319,0.1130556777,0.002918358689,True,68,0.002117761059,4.597445956
complex,200,8,1600,1,32,doi_nonprivate_generic,spillover_treated,0.1731328632,0.1760977179,0.002964854695,True,68,0.002117761059,4.597445956
complex,200,8,1600,1,32,doi_private_generic,direct_low,0.09860674353,0.01493445383,-0.0836722897,True,77,0.001780124918,4.690287451
complex,200,8,1600,1,32,doi_private_generic,direct_high,0.1616022877,0.1410030565,-0.0205992312,True,77,0.001780124918,4.690287451
complex,200,8,1600,1,32,doi_private_generic,spillover_control,0.110137319,0.1092676917,-0.0008696273835,True,77,0.001780124918,4.690287451
complex,200,8,1600,1,32,doi_private_generic,spillover_treated,0.1731328632,0.2353362943,0.06220343111,True,77,0.001780124918,4.690287451
complex,200,8,1600,1,32,doi_private_no_interference,direct_low,0.09860674353,0.1716312764,0.0730245329,True,8,7.98450525e-06,0.8493176321
complex,200,8,1600,1,32,doi_private_no_interference,direct_high,0.1616022877,0.1716312764,0.01002898876,True,8,7.98450525e-06,0.8493176321
complex,200,8,1600,1,32,doi_private_no_interference,spillover_control,0.110137319,0,-0.110137319,True,8,7.98450525e-06,0.8493176321
complex,200,8,1600,1,32,doi_private_no_interference,spillover_treated,0.1731328632,0,-0.1731328632,True,8,7.98450525e-06,0.8493176321
complex,200,8,1600,2,32,design_ht,direct_low,0.09860674353,0.1297001461,0.03109340254,True,0,0,0
complex,200,8,1600,2,32,design_ht,direct_high,0.1616022877,0.2659766159,0.1043743282,True,0,0,0
complex,200,8,1600,2,32,design_ht,spillover_control,0.110137319,-0.002745147672,-0.1128824667,True,0,0,0
complex,200,8,1600,2,32,design_ht,spillover_treated,0.1731328632,0.1335313222,-0.03960154101,True,0,0,0
complex,200,8,1600,2,32,doi_nonprivate_generic,direct_low,0.09860674353,0.09605140019,-0.002555343337,True,68,0.002117761059,4.597445956
complex,200,8,1600,2,32,doi_nonprivate_generic,direct_high,0.1616022877,0.1590934403,-0.002508847331,True,68,0.002117761059,4.597445956
complex,200,8,1600,2,32,doi_nonprivate_generic,spillover_control,0.110137319,0.1130556777,0.002918358689,True,68,0.002117761059,4.597445956
complex,200,8,1600,2,32,doi_nonprivate_generic,spillover_treated,0.1731328632,0.1760977179,0.002964854695,True,68,0.002117761059,4.597445956
complex,200,8,1600,2,32,doi_private_generic,direct_low,0.09860674353,0.1624114053,0.06380466173,True,60,0.0006106410378,2.209267731
complex,200,8,1600,2,32,doi_private_generic,direct_high,0.1616022877,0.2793465244,0.1177442367,True,60,0.0006106410378,2.209267731
complex,200,8,1600,2,32,doi_private_generic,spillover_control,0.110137319,0.06687064594,-0.0432666731,True,60,0.0006106410378,2.209267731
complex,200,8,1600,2,32,doi_private_generic,spillover_treated,0.1731328632,0.1838057651,0.01067290192,True,60,0.0006106410378,2.209267731
complex,200,8,1600,2,32,doi_private_no_interference,direct_low,0.09860674353,0.2900384515,0.191431708,True,11,6.435885588e-05,1.912590257
complex,200,8,1600,2,32,doi_private_no_interference,direct_high,0.1616022877,0.2900384515,0.1284361639,True,11,6.435885588e-05,1.912590257
complex,200,8,1600,2,32,doi_private_no_interference,spillover_control,0.110137319,0,-0.110137319,True,11,6.435885588e-05,1.912590257
complex,200,8,1600,2,32,doi_private_no_interference,spillover_treated,0.1731328632,0,-0.1731328632,True,11,6.435885588e-05,1.912590257
complex,200,8,1600,0.5,33,design_ht,direct_low,0.09860674353,0.2080588942,0.1094521507,True,0,0,0
complex,200,8,1600,0.5,33,design_ht,direct_high,0.1616022877,0.3859732109,0.2243709233,True,0,0,0
complex,200,8,1600,0.5,33,design_ht,spillover_control,0.110137319,-0.1432248521,-0.2533621711,True,0,0,0
complex,200,8,1600,0.5,33,design_ht,spillover_treated,0.1731328632,0.03468946466,-0.1384433985,True,0,0,0
complex,200,8,1600,0.5,33,doi_nonprivate_generic,direct_low,0.09860674353,0.09740503961,-0.001201703917,True,80,0.003280079606,4.541585098
complex,200,8,1600,0.5,33,doi_nonprivate_generic,direct_high,0.1616022877,0.153685179,-0.007917108625,True,80,0.003280079606,4.541585098
complex,200,8,1600,0.5,33,doi_nonprivate_generic,spillover_control,0.110137319,0.1179468989,0.007809579898,True,80,0.003280079606,4.541585098
complex,200,8,1600,0.5,33,doi_nonprivate_generic,spillover_treated,0.1731328632,0.1742270384,0.001094175189,True,80,0.003280079606,4.541585098
complex,200,8,1600,0.5,33,doi_private_generic,direct_low,0.09860674353,0.1666359174,0.06802917384,True,42,0.0004523812663,6.090830607
complex,200,8,1600,0.5,33,doi_private_generic,direct_high,0.1616022877,0.4095876301,0.2479853424,True,42,0.0004523812663,6.090830607
complex,200,8,1600,0.5,33,doi_private_generic,spillover_control,0.110137319,-0.1130844402,-0.2232217592,True,42,0.0004523812663,6.090830607
complex,200,8,1600,0.5,33,doi_private_generic,spillover_treated,0.1731328632,0.1298672726,-0.04326559062,True,42,0.0004523812663,6.090830607
complex,200,8,1600,0.5,33,doi_private_no_interference,direct_low,0.09860674353,0.2767818073,0.1781750638,True,11,4.450461876e-05,2.284471978
complex,200,8,1600,0.5,33,doi_private_no_interference,direct_high,0.1616022877,0.2767818073,0.1151795196,True,11,4.450461876e-05,2.284471978
complex,200,8,1600,0.5,33,doi_private_no_interference,spillover_control,0.110137319,0,-0.110137319,True,11,4.450461876e-05,2.284471978
complex,200,8,1600,0.5,33,doi_private_no_interference,spillover_treated,0.1731328632,0,-0.1731328632,True,11,4.450461876e-05,2.284471978
complex,200,8,1600,1,33,design_ht,direct_low,0.09860674353,0.2315334237,0.1329266802,True,0,0,0
complex,200,8,1600,1,33,design_ht,direct_high,0.1616022877,0.2259365851,0.06433429742,True,0,0,0
complex,200,8,1600,1,33,design_ht,spillover_control,0.110137319,-0.1124745633,-0.2226118823,True,0,0,0
complex,200,8,1600,1,33,design_ht,spillover_treated,0.1731328632,-0.1180714019,-0.291204265,True,0,0,0
complex,200,8,1600,1,33,doi_nonprivate_generic,direct_low,0.09860674353,0.09740503961,-0.001201703917,True,80,0.003280079606,4.541585098
complex,200,8,1600,1,33,doi_nonprivate_generic,direct_high,0.1616022877,0.153685179,-0.007917108625,True,80,0.003280079606,4.541585098
complex,200,8,1600,1,33,doi_nonprivate_generic,spillover_control,0.110137319,0.1179468989,0.007809579898,True,80,0.003280079606,4.541585098
complex,200,8,1600,1,33,doi_nonprivate_generic,spillover_treated,0.1731328632,0.1742270384,0.001094175189,True,80,0.003280079606,4.541585098
complex,200,8,1600,1,33,doi_private_generic,direct_low,0.09860674353,0.08382093324,-0.01478581029,True,65,0.0006183350776,2.762374418
complex,200,8,1600,1,33,doi_private_generic,direct_high,0.1616022877,0.2634448996,0.1018426119,True,65,0.0006183350776,2.762374418
complex,200,8,1600,1,33,doi_private_generic,spillover_control,0.110137319,-0.07682770493,-0.186965024,True,65,0.0006183350776,2.762374418
complex,200,8,1600,1,33,doi_private_generic,spillover_treated,0.1731328632,0.1027962614,-0.07033660176,True,65,0.0006183350776,2.762374418
complex,200,8,1600,1,33,doi_private_no_interference,direct_low,0.09860674353,0.173322,0.07471525651,True,9,1.256361464e-06,0.9443057683
complex,200,8,1600,1,33,doi_private_no_interference,direct_high,0.1616022877,0.173322,0.01171971237,True,9,1.256361464e-06,0.9443057683
complex,200,8,1600,1,33,doi_private_no_interference,spillover_control,0.110137319,0,-0.110137319,True,9,1.256361464e-06,0.9443057683
complex,200,8,1600,1,33,doi_private_no_interference,spillover_treated,0.1731328632,0,-0.1731328632,True,9,1.256361464e-06,0.9443057683
complex,200,8,1600,2,33,design_ht,direct_low,0.09860674353,0.142716764,0.04411002051,True,0,0,0
complex,200,8,1600,2,33,design_ht,direct_high,0.1616022877,0.1972816166,0.03567932893,True,0,0,0
complex,200,8,1600,2,33,design_ht,spillover_control,0.110137319,0.004238528779,-0.1058987903,True,0,0,0
complex,200,8,1600,2,33,design_ht,spillover_treated,0.1731328632,0.05880338134,-0.1143294818,True,0,0,0
complex,200,8,1600,2,33,doi_nonprivate_generic,direct_low,0.09860674353,0.09740503961,-0.001201703917,True,80,0.003280079606,4.541585098
complex,200,8,1600,2,33,doi_nonprivate_generic,direct_high,0.1616022877,0.153685179,-0.007917108625,True,80,0.003280079606,4.541585098
complex,200,8,1600,2,33,doi_nonprivate_generic,spillover_control,0.110137319,0.1179468989,0.007809579898,True,80,0.003280079606,4.541585098
complex,200,8,1600,2,33,doi_nonprivate_generic,spillover_treated,0.1731328632,0.1742270384,0.001094175189,True,80,0.003280079606,4.541585098
complex,200,8,1600,2,33,doi_private_generic,direct_low,0.09860674353,0.06885125499,-0.02975548854,True,60,0.002722014856,7.2121235
complex,200,8,1600,2,33,doi_private_generic,direct_high,0.1616022877,0.169164783,0.007562495339,True,60,0.002722014856,7.2121235
complex,200,8,1600,2,33,doi_private_generic,spillover_control,0.110137319,0.08659713611,-0.02354018293,True,60,0.002722014856,7.2121235
complex,200,8,1600,2,33,doi_private_generic,spillover_treated,0.1731328632,0.1869106641,0.01377780095,True,60,0.002722014856,7.2121235
complex,200,8,1600,2,33,doi_private_no_interference,direct_low,0.09860674353,0.202541602,0.1039348585,True,10,7.919597171e-05,1.211361172
complex,200,8,1600,2,33,doi_private_no_interference,direct_high,0.1616022877,0.202541602,0.04093931437,True,10,7.919597171e-05,1.211361172
complex,200,8,1600,2,33,doi_private_no_interference,spillover_control,0.110137319,0,-0.110137319,True,10,7.919597171e-05,1.211361172
complex,200,8,1600,2,33,doi_private_no_interference,spillover_treated,0.1731328632,0,-0.1731328632,True,10,7.919597171e-05,1.211361172
complex,200,8,1600,0.5,34,design_ht,direct_low,0.09860674353,-0.06795904214,-0.1665657857,True,0,0,0
complex,200,8,1600,0.5,34,design_ht,direct_high,0.1616022877,0.2659329928,0.1043307051,True,0,0,0
complex,200,8,1600,0.5,34,design_ht,spillover_control,0.110137319,0.2145747041,0.1044373851,True,0,0,0
complex,200,8,1600,0.5,34,design_ht,spillover_treated,0.1731328632,0.548466739,0.3753338758,True,0,0,0
complex,200,8,1600,0.5,34,doi_nonprivate_generic,direct_low,0.09860674353,0.100721049,0.002114305498,True,73,0.002642155366,4.580089831
complex,200,8,1600,0.5,34,doi_nonprivate_generic,direct_high,0.1616022877,0.1568142541,-0.004788033561,True,73,0.002642155366,4.580089831
complex,200,8,1600,0.5,34,doi_nonprivate_generic,spillover_control,0.110137319,0.1162587115,0.006121392508,True,73,0.002642155366,4.580089831
complex,200,8,1600,0.5,34,doi_nonprivate_generic,spillover_treated,0.1731328632,0.1723519166,-0.0007809465513,True,73,0.002642155366,4.580089831
complex,200,8,1600,0.5,34,doi_private_generic,direct_low,0.09860674353,-0.01837048209,-0.1169772256,True,48,0.0008483936671,7.621008714
complex,200,8,1600,0.5,34,doi_private_generic,direct_high,0.1616022877,0.1197136615,-0.04188862613,True,48,0.0008483936671,7.621008714
complex,200,8,1600,0.5,34,doi_private_generic,spillover_control,0.110137319,0.1519814059,0.04184408682,True,48,0.0008483936671,7.621008714
complex,200,8,1600,0.5,34,doi_private_generic,spillover_treated,0.1731328632,0.2900655495,0.1169326863,True,48,0.0008483936671,7.621008714
complex,200,8,1600,0.5,34,doi_private_no_interference,direct_low,0.09860674353,0.1973164071,0.09870966357,True,9,3.597770097e-05,0.8610707981
complex,200,8,1600,0.5,34,doi_private_no_interference,direct_high,0.1616022877,0.1973164071,0.03571411943,True,9,3.597770097e-05,0.8610707981
complex,200,8,1600,0.5,34,doi_private_no_interference,spillover_control,0.110137319,0,-0.110137319,True,9,3.597770097e-05,0.8610707981
complex,200,8,1600,0.5,34,doi_private_no_interference,spillover_treated,0.1731328632,0,-0.1731328632,True,9,3.597770097e-05,0.8610707981
complex,200,8,1600,1,34,design_ht,direct_low,0.09860674353,0.03335029116,-0.06525645237,True,0,0,0
complex,200,8,1600,1,34,design_ht,direct_high,0.1616022877,0.09409611069,-0.06750617698,True,0,0,0
complex,200,8,1600,1,34,design_ht,spillover_control,0.110137319,0.2680341516,0.1578968326,True,0,0,0
complex,200,8,1600,1,34,design_ht,spillover_treated,0.1731328632,0.3287799711,0.155647108,True,0,0,0
complex,200,8,1600,1,34,doi_nonprivate_generic,direct_low,0.09860674353,0.100721049,0.002114305498,True,73,0.002642155366,4.580089831
complex,200,8,1600,1,34,doi_nonprivate_generic,direct_high,0.1616022877,0.1568142541,-0.004788033561,True,73,0.002642155366,4.580089831
complex,200,8,1600,1,34,doi_nonprivate_generic,spillover_control,0.110137319,0.1162587115,0.006121392508,True,73,0.002642155366,4.580089831
complex,200,8,1600,1,34,doi_nonprivate_generic,spillover_treated,0.1731328632,0.1723519166,-0.0007809465513,True,73,0.002642155366,4.580089831
complex,200,8,1600,1,34,doi_private_generic,direct_low,0.09860674353,0.002423720277,-0.09618302325,True,91,0.002555564419,6.694815154
complex,200,8,1600,1,34,doi_private_generic,direct_high,0.1616022877,0.039995631,-0.1216066567,True,91,0.002555564419,6.694815154
complex,200,8,1600,1,34,doi_private_generic,spillover_control,0.110137319,0.1722819983,0.06214467922,True,91,0.002555564419,6.694815154
complex,200,8,1600,1,34,doi_private_generic,spillover_treated,0.1731328632,0.209853909,0.0367210458,True,91,0.002555564419,6.694815154
complex,200,8,1600,1,34,doi_private_no_interference,direct_low,0.09860674353,0.1342641744,0.03565743086,True,9,4.539053738e-05,0.8211887741
complex,200,8,1600,1,34,doi_private_no_interference,direct_high,0.1616022877,0.1342641744,-0.02733811328,True,9,4.539053738e-05,0.8211887741
complex,200,8,1600,1,34,doi_private_no_interference,spillover_control,0.110137319,0,-0.110137319,True,9,4.539053738e-05,0.8211887741
complex,200,8,1600,1,34,doi_private_no_interference,spillover_treated,0.1731328632,0,-0.1731328632,True,9,4.539053738e-05,0.8211887741
complex,200,8,1600,2,34,design_ht,direct_low,0.09860674353,0.03866852947,-0.05993821407,True,0,0,0
complex,200,8,1600,2,34,design_ht,direct_high,0.1616022877,0.293503969,0.1319016814,True,0,0,0
complex,200,8,1600,2,34,design_ht,spillover_control,0.110137319,0.174048529,0.06391120997,True,0,0,0
complex,200,8,1600,2,34,design_ht,spillover_treated,0.1731328632,0.4288839686,0.2557511054,True,0,0,0
complex,200,8,1600,2,34,doi_nonprivate_generic,direct_low,0.09860674353,0.100721049,0.002114305498,True,73,0.002642155366,4.580089831
complex,200,8,1600,2,34,doi_nonprivate_generic,direct_high,0.1616022877,0.1568142541,-0.004788033561,True,73,0.002642155366,4.580089831
complex,200,8,1600,2,34,doi_nonprivate_generic,spillover_control,0.110137319,0.1162587115,0.006121392508,True,73,0.002642155366,4.580089831
complex,200,8,1600,2,34,doi_nonprivate_generic,spillover_treated,0.1731328632,0.1723519166,-0.0007809465513,True,73,0.002642155366,4.580089831
complex,200,8,1600,2,34,doi_private_generic,direct_low,0.09860674353,0.07092169131,-0.02768505222,True,69,0.001428643986,4.887912025
complex,200,8,1600,2,34,doi_private_generic,direct_high,0.1616022877,0.1628349232,0.001232635518,True,69,0.001428643986,4.887912025
complex,200,8,1600,2,34,doi_private_generic,spillover_control,0.110137319,0.1392851817,0.02914786268,True,69,0.001428643986,4.887912025
complex,200,8,1600,2,34,doi_private_generic,spillover_treated,0.1731328632,0.2311984136,0.05806555042,True,69,0.001428643986,4.887912025
complex,200,8,1600,2,34,doi_private_no_interference,direct_low,0.09860674353,0.2283202197,0.1297134761,True,10,2.294372903e-05,1.358104308
complex,200,8,1600,2,34,doi_private_no_interference,direct_high,0.1616022877,0.2283202197,0.06671793198,True,10,2.294372903e-05,1.358104308
complex,200,8,1600,2,34,doi_private_no_interference,spillover_control,0.110137319,0,-0.110137319,True,10,2.294372903e-05,1.358104308
complex,200,8,1600,2,34,doi_private_no_interference,spillover_treated,0.1731328632,0,-0.1731328632,True,10,2.294372903e-05,1.358104308
complex,200,8,1600,0.5,35,design_ht,direct_low,0.09860674353,0.0006548169445,-0.09795192659,True,0,0,0
complex,200,8,1600,0.5,35,design_ht,direct_high,0.1616022877,0.3173528799,0.1557505923,True,0,0,0
complex,200,8,1600,0.5,35,design_ht,spillover_control,0.110137319,-0.03138614091,-0.14152346,True,0,0,0
complex,200,8,1600,0.5,35,design_ht,spillover_treated,0.1731328632,0.2853119221,0.1121790589,True,0,0,0
complex,200,8,1600,0.5,35,doi_nonprivate_generic,direct_low,0.09860674353,0.09592482818,-0.002681915357,True,75,0.001583476148,4.648285179
complex,200,8,1600,0.5,35,doi_nonprivate_generic,direct_high,0.1616022877,0.1593756957,-0.002226591933,True,75,0.001583476148,4.648285179
complex,200,8,1600,0.5,35,doi_nonprivate_generic,spillover_control,0.110137319,0.1110298327,0.0008925137048,True,75,0.001583476148,4.648285179
complex,200,8,1600,0.5,35,doi_nonprivate_generic,spillover_treated,0.1731328632,0.1744807003,0.001347837128,True,75,0.001583476148,4.648285179
complex,200,8,1600,0.5,35,doi_private_generic,direct_low,0.09860674353,0.0528795208,-0.04572722273,True,46,0.0005976078915,3.071276151
complex,200,8,1600,0.5,35,doi_private_generic,direct_high,0.1616022877,0.3844909629,0.2228886752,True,46,0.0005976078915,3.071276151
complex,200,8,1600,0.5,35,doi_private_generic,spillover_control,0.110137319,0.04722942276,-0.06290789628,True,46,0.0005976078915,3.071276151
complex,200,8,1600,0.5,35,doi_private_generic,spillover_treated,0.1731328632,0.3788408649,0.2057080017,True,46,0.0005976078915,3.071276151
complex,200,8,1600,0.5,35,doi_private_no_interference,direct_low,0.09860674353,0.3067573962,0.2081506527,True,9,4.43387451e-06,1.637944586
complex,200,8,1600,0.5,35,doi_private_no_interference,direct_high,0.1616022877,0.3067573962,0.1451551085,True,9,4.43387451e-06,1.637944586
complex,200,8,1600,0.5,35,doi_private_no_interference,spillover_control,0.110137319,0,-0.110137319,True,9,4.43387451e-06,1.637944586
complex,200,8,1600,0.5,35,doi_private_no_interference,spillover_treated,0.1731328632,0,-0.1731328632,True,9,4.43387451e-06,1.637944586
complex,200,8,1600,1,35,design_ht,direct_low,0.09860674353,0.417241993,0.3186352495,True,0,0,0
complex,200,8,1600,1,35,design_ht,direct_high,0.1616022877,0.02921420557,-0.1323880821,True,0,0,0
complex,200,8,1600,1,35,design_ht,spillover_control,0.110137319,0.1824563856,0.07231906651,True,0,0,0
complex,200,8,1600,1,35,design_ht,spillover_treated,0.1731328632,-0.2055714019,-0.378704265,True,0,0,0
complex,200,8,1600,1,35,doi_nonprivate_generic,direct_low,0.09860674353,0.09592482818,-0.002681915357,True,75,0.001583476148,4.648285179
complex,200,8,1600,1,35,doi_nonprivate_generic,direct_high,0.1616022877,0.1593756957,-0.002226591933,True,75,0.001583476148,4.648285179
complex,200,8,1600,1,35,doi_nonprivate_generic,spillover_control,0.110137319,0.1110298327,0.0008925137048,True,75,0.001583476148,4.648285179
complex,200,8,1600,1,35,doi_nonprivate_generic,spillover_treated,0.1731328632,0.1744807003,0.001347837128,True,75,0.001583476148,4.648285179
complex,200,8,1600,1,35,doi_private_generic,direct_low,0.09860674353,0.3032717864,0.2046650428,True,67,0.0006461869925,4.732691782
complex,200,8,1600,1,35,doi_private_generic,direct_high,0.1616022877,0.09379352753,-0.06780876015,True,67,0.0006461869925,4.732691782
complex,200,8,1600,1,35,doi_private_generic,spillover_control,0.110137319,0.2367077738,0.1265704548,True,67,0.0006461869925,4.732691782
complex,200,8,1600,1,35,doi_private_generic,spillover_treated,0.1731328632,0.02722951497,-0.1459033482,True,67,0.0006461869925,4.732691782
complex,200,8,1600,1,35,doi_private_no_interference,direct_low,0.09860674353,0.279052869,0.1804461254,True,12,5.115012855e-06,1.729665136
complex,200,8,1600,1,35,doi_private_no_interference,direct_high,0.1616022877,0.279052869,0.1174505813,True,12,5.115012855e-06,1.729665136
complex,200,8,1600,1,35,doi_private_no_interference,spillover_control,0.110137319,0,-0.110137319,True,12,5.115012855e-06,1.729665136
complex,200,8,1600,1,35,doi_private_no_interference,spillover_treated,0.1731328632,0,-0.1731328632,True,12,5.115012855e-06,1.729665136
complex,200,8,1600,2,35,design_ht,direct_low,0.09860674353,0.2217516165,0.123144873,True,0,0,0
complex,200,8,1600,2,35,design_ht,direct_high,0.1616022877,0.13664294,-0.02495934764,True,0,0,0
complex,200,8,1600,2,35,design_ht,spillover_control,0.110137319,0.01332808748,-0.09680923156,True,0,0,0
complex,200,8,1600,2,35,design_ht,spillover_treated,0.1731328632,-0.07178058897,-0.2449134522,True,0,0,0
complex,200,8,1600,2,35,doi_nonprivate_generic,direct_low,0.09860674353,0.09592482818,-0.002681915357,True,75,0.001583476148,4.648285179
complex,200,8,1600,2,35,doi_nonprivate_generic,direct_high,0.1616022877,0.1593756957,-0.002226591933,True,75,0.001583476148,4.648285179
complex,200,8,1600,2,35,doi_nonprivate_generic,spillover_control,0.110137319,0.1110298327,0.0008925137048,True,75,0.001583476148,4.648285179
complex,200,8,1600,2,35,doi_nonprivate_generic,spillover_treated,0.1731328632,0.1744807003,0.001347837128,True,75,0.001583476148,4.648285179
complex,200,8,1600,2,35,doi_private_generic,direct_low,0.09860674353,0.1751221362,0.07651539262,True,74,0.001798642192,4.921698099
complex,200,8,1600,2,35,doi_private_generic,direct_high,0.1616022877,0.1561968435,-0.005405444205,True,74,0.001798642192,4.921698099
complex,200,8,1600,2,35,doi_private_generic,spillover_control,0.110137319,0.1405845873,0.03044726824,True,74,0.001798642192,4.921698099
complex,200,8,1600,2,35,doi_private_generic,spillover_treated,0.1731328632,0.1216592946,-0.05147356858,True,74,0.001798642192,4.921698099
complex,200,8,1600,2,35,doi_private_no_interference,direct_low,0.09860674353,0.2279464583,0.1293397148,True,10,0.0001290243173,1.601263957
complex,200,8,1600,2,35,doi_private_no_interference,direct_high,0.1616022877,0.2279464583,0.06634417064,True,10,0.0001290243173,1.601263957
complex,200,8,1600,2,35,doi_private_no_interference,spillover_control,0.110137319,0,-0.110137319,True,10,0.0001290243173,1.601263957
complex,200,8,1600,2,35,doi_private_no_interference,spillover_treated,0.1731328632,0,-0.1731328632,True,10,0.0001290243173,1.601263957
complex,200,8,1600,0.5,36,design_ht,direct_low,0.09860674353,0.3575888729,0.2589821294,True,0,0,0
complex,200,8,1600,0.5,36,design_ht,direct_high,0.1616022877,0.09868389421,-0.06291839347,True,0,0,0
complex,200,8,1600,0.5,36,design_ht,spillover_control,0.110137319,0.1818238027,0.07168648364,True,0,0,0
complex,200,8,1600,0.5,36,design_ht,spillover_treated,0.1731328632,-0.07708117603,-0.2502140392,True,0,0,0
complex,200,8,1600,0.5,36,doi_nonprivate_generic,direct_low,0.09860674353,0.09791247184,-0.0006942716888,True,77,0.00169243866,4.615437695
complex,200,8,1600,0.5,36,doi_nonprivate_generic,direct_high,0.1616022877,0.157325918,-0.004276369628,True,77,0.00169243866,4.615437695
complex,200,8,1600,0.5,36,doi_nonprivate_generic,spillover_control,0.110137319,0.1146788171,0.004541498019,True,77,0.00169243866,4.615437695
complex,200,8,1600,0.5,36,doi_nonprivate_generic,spillover_treated,0.1731328632,0.1740922633,0.0009594000803,True,77,0.00169243866,4.615437695
complex,200,8,1600,0.5,36,doi_private_generic,direct_low,0.09860674353,0.2934373426,0.1948305991,True,52,0.0002724741389,4.191622372
complex,200,8,1600,0.5,36,doi_private_generic,direct_high,0.1616022877,0.1282221183,-0.03338016939,True,52,0.0002724741389,4.191622372
complex,200,8,1600,0.5,36,doi_private_generic,spillover_control,0.110137319,0.2165127972,0.1063754782,True,52,0.0002724741389,4.191622372
complex,200,8,1600,0.5,36,doi_private_generic,spillover_treated,0.1731328632,0.05129757293,-0.1218352903,True,52,0.0002724741389,4.191622372
complex,200,8,1600,0.5,36,doi_private_no_interference,direct_low,0.09860674353,0.2812506093,0.1826438658,True,9,2.887847131e-06,1.48410795
complex,200,8,1600,0.5,36,doi_private_no_interference,direct_high,0.1616022877,0.2812506093,0.1196483216,True,9,2.887847131e-06,1.48410795
complex,200,8,1600,0.5,36,doi_private_no_interference,spillover_control,0.110137319,0,-0.110137319,True,9,2.887847131e-06,1.48410795
complex,200,8,1600,0.5,36,doi_private_no_interference,spillover_treated,0.1731328632,0,-0.1731328632,True,9,2.887847131e-06,1.48410795
complex,200,8,1600,1,36,design_ht,direct_low,0.09860674353,0.24074218,0.1421354364,True,0,0,0
complex,200,8,1600,1,36,design_ht,direct_high,0.1616022877,0.1728760818,0.01127379416,True,0,0,0
complex,200,8,1600,1,36,design_ht,spillover_control,0.110137319,0.1549318637,0.04479454467,True,0,0,0
complex,200,8,1600,1,36,design_ht,spillover_treated,0.1731328632,0.08706576557,-0.08606709761,True,0,0,0
complex,200,8,1600,1,36,doi_nonprivate_generic,direct_low,0.09860674353,0.09791247184,-0.0006942716888,True,77,0.00169243866,4.615437695
complex,200,8,1600,1,36,doi_nonprivate_generic,direct_high,0.1616022877,0.157325918,-0.004276369628,True,77,0.00169243866,4.615437695
complex,200,8,1600,1,36,doi_nonprivate_generic,spillover_control,0.110137319,0.1146788171,0.004541498019,True,77,0.00169243866,4.615437695
complex,200,8,1600,1,36,doi_nonprivate_generic,spillover_treated,0.1731328632,0.1740922633,0.0009594000803,True,77,0.00169243866,4.615437695
complex,200,8,1600,1,36,doi_private_generic,direct_low,0.09860674353,0.148972147,0.05036540344,True,74,0.000665907065,4.723003474
complex,200,8,1600,1,36,doi_private_generic,direct_high,0.1616022877,0.2437877053,0.08218541764,True,74,0.000665907065,4.723003474
complex,200,8,1600,1,36,doi_private_generic,spillover_control,0.110137319,0.1272398626,0.01710254354,True,74,0.000665907065,4.723003474
complex,200,8,1600,1,36,doi_private_generic,spillover_treated,0.1731328632,0.2220554209,0.04892255773,True,74,0.000665907065,4.723003474
complex,200,8,1600,1,36,doi_private_no_interference,direct_low,0.09860674353,0.2986728784,0.2000661349,True,12,6.197481491e-06,1.885023887
complex,200,8,1600,1,36,doi_private_no_interference,direct_high,0.1616022877,0.2986728784,0.1370705907,True,12,6.197481491e-06,1.885023887
complex,200,8,1600,1,36,doi_private_no_interference,spillover_control,0.110137319,0,-0.110137319,True,12,6.197481491e-06,1.885023887
complex,200,8,1600,1,36,doi_private_no_interference,spillover_treated,0.1731328632,0,-0.1731328632,True,12,6.197481491e-06,1.885023887
complex,200,8,1600,2,36,design_ht,direct_low,0.09860674353,0.09959191126,0.000985167728,True,0,0,0
complex,200,8,1600,2,36,design_ht,direct_high,0.1616022877,0.1133548518,-0.04824743592,True,0,0,0
complex,200,8,1600,2,36,design_ht,spillover_control,0.110137319,0.111113676,0.0009763569528,True,0,0,0
complex,200,8,1600,2,36,design_ht,spillover_treated,0.1731328632,0.1248766165,-0.04825624669,True,0,0,0
complex,200,8,1600,2,36,doi_nonprivate_generic,direct_low,0.09860674353,0.09791247184,-0.0006942716888,True,77,0.00169243866,4.615437695
complex,200,8,1600,2,36,doi_nonprivate_generic,direct_high,0.1616022877,0.157325918,-0.004276369628,True,77,0.00169243866,4.615437695
complex,200,8,1600,2,36,doi_nonprivate_generic,spillover_control,0.110137319,0.1146788171,0.004541498019,True,77,0.00169243866,4.615437695
complex,200,8,1600,2,36,doi_nonprivate_generic,spillover_treated,0.1731328632,0.1740922633,0.0009594000803,True,77,0.00169243866,4.615437695
complex,200,8,1600,2,36,doi_private_generic,direct_low,0.09860674353,0.0980715361,-0.0005352074313,True,72,0.003280030798,5.062429145
complex,200,8,1600,2,36,doi_private_generic,direct_high,0.1616022877,0.1585780126,-0.003024275057,True,72,0.003280030798,5.062429145
complex,200,8,1600,2,36,doi_private_generic,spillover_control,0.110137319,0.1027942922,-0.007343026847,True,72,0.003280030798,5.062429145
complex,200,8,1600,2,36,doi_private_generic,spillover_treated,0.1731328632,0.1633007687,-0.009832094473,True,72,0.003280030798,5.062429145
complex,200,8,1600,2,36,doi_private_no_interference,direct_low,0.09860674353,0.1991970779,0.1005903344,True,10,7.712238492e-05,1.223857803
complex,200,8,1600,2,36,doi_private_no_interference,direct_high,0.1616022877,0.1991970779,0.03759479024,True,10,7.712238492e-05,1.223857803
complex,200,8,1600,2,36,doi_private_no_interference,spillover_control,0.110137319,0,-0.110137319,True,10,7.712238492e-05,1.223857803
complex,200,8,1600,2,36,doi_private_no_interference,spillover_treated,0.1731328632,0,-0.1731328632,True,10,7.712238492e-05,1.223857803
complex,200,8,1600,0.5,37,design_ht,direct_low,0.09860674353,-0.3050570913,-0.4036638348,True,0,0,0
complex,200,8,1600,0.5,37,design_ht,direct_high,0.1616022877,-0.07805045764,-0.2396527453,True,0,0,0
complex,200,8,1600,0.5,37,design_ht,spillover_control,0.110137319,-0.03346731694,-0.143604636,True,0,0,0
complex,200,8,1600,0.5,37,design_ht,spillover_treated,0.1731328632,0.1935393167,0.02040645354,True,0,0,0
complex,200,8,1600,0.5,37,doi_nonprivate_generic,direct_low,0.09860674353,0.09751954941,-0.001087194118,True,79,0.003519155849,4.618657858
complex,200,8,1600,0.5,37,doi_nonprivate_generic,direct_high,0.1616022877,0.1566959676,-0.004906320035,True,79,0.003519155849,4.618657858
complex,200,8,1600,0.5,37,doi_nonprivate_generic,spillover_control,0.110137319,0.1144401076,0.004302788529,True,79,0.003519155849,4.618657858
complex,200,8,1600,0.5,37,doi_nonprivate_generic,spillover_treated,0.1731328632,0.1736165258,0.0004836626123,True,79,0.003519155849,4.618657858
complex,200,8,1600,0.5,37,doi_private_generic,direct_low,0.09860674353,-0.2159778281,-0.3145845716,True,40,0.0009401624941,3.092006902
complex,200,8,1600,0.5,37,doi_private_generic,direct_high,0.1616022877,-0.1639455535,-0.3255478412,True,40,0.0009401624941,3.092006902
complex,200,8,1600,0.5,37,doi_private_generic,spillover_control,0.110137319,0.1012444843,-0.008892834738,True,40,0.0009401624941,3.092006902
complex,200,8,1600,0.5,37,doi_private_generic,spillover_treated,0.1731328632,0.1532767588,-0.01985610436,True,40,0.0009401624941,3.092006902
complex,200,8,1600,0.5,37,doi_private_no_interference,direct_low,0.09860674353,-0.1105196896,-0.2091264332,True,8,1.453594762e-05,1.570065201
complex,200,8,1600,0.5,37,doi_private_no_interference,direct_high,0.1616022877,-0.1105196896,-0.2721219773,True,8,1.453594762e-05,1.570065201
complex,200,8,1600,0.5,37,doi_private_no_interference,spillover_control,0.110137319,0,-0.110137319,True,8,1.453594762e-05,1.570065201
complex,200,8,1600,0.5,37,doi_private_no_interference,spillover_treated,0.1731328632,0,-0.1731328632,True,8,1.453594762e-05,1.570065201
complex,200,8,1600,1,37,design_ht,direct_low,0.09860674353,0.03166060743,-0.0669461361,True,0,0,0
complex,200,8,1600,1,37,design_ht,direct_high,0.1616022877,0.1840561358,0.02245384812,True,0,0,0
complex,200,8,1600,1,37,design_ht,spillover_control,0.110137319,0.03007267069,-0.08006464835,True,0,0,0
complex,200,8,1600,1,37,design_ht,spillover_treated,0.1731328632,0.1824681991,0.00933533587,True,0,0,0
complex,200,8,1600,1,37,doi_nonprivate_generic,direct_low,0.09860674353,0.09751954941,-0.001087194118,True,79,0.003519155849,4.618657858
complex,200,8,1600,1,37,doi_nonprivate_generic,direct_high,0.1616022877,0.1566959676,-0.004906320035,True,79,0.003519155849,4.618657858
complex,200,8,1600,1,37,doi_nonprivate_generic,spillover_control,0.110137319,0.1144401076,0.004302788529,True,79,0.003519155849,4.618657858
complex,200,8,1600,1,37,doi_nonprivate_generic,spillover_treated,0.1731328632,0.1736165258,0.0004836626123,True,79,0.003519155849,4.618657858
complex,200,8,1600,1,37,doi_private_generic,direct_low,0.09860674353,0.1421976214,0.04359087783,True,66,0.0003900136905,2.205066197
complex,200,8,1600,1,37,doi_private_generic,direct_high,0.1616022877,0.1678615918,0.006259304098,True,66,0.0003900136905,2.205066197
complex,200,8,1600,1,37,doi_private_generic,spillover_control,0.110137319,0.05022610585,-0.05991121319,True,66,0.0003900136905,2.205066197
complex,200,8,1600,1,37,doi_private_generic,spillover_treated,0.1731328632,0.07589007626,-0.09724278692,True,66,0.0003900136905,2.205066197
complex,200,8,1600,1,37,doi_private_no_interference,direct_low,0.09860674353,0.1996772874,0.1010705438,True,10,4.42162646e-06,1.602323858
complex,200,8,1600,1,37,doi_private_no_interference,direct_high,0.1616022877,0.1996772874,0.03807499969,True,10,4.42162646e-06,1.602323858
complex,200,8,1600,1,37,doi_private_no_interference,spillover_control,0.110137319,0,-0.110137319,True,10,4.42162646e-06,1.602323858
complex,200,8,1600,1,37,doi_private_no_interference,spillover_treated,0.1731328632,0,-0.1731328632,True,10,4.42162646e-06,1.602323858
complex,200,8,1600,2,37,design_ht,direct_low,0.09860674353,0.1427569105,0.04415016693,True,0,0,0
complex,200,8,1600,2,37,design_ht,direct_high,0.1616022877,0.190542499,0.0289402113,True,0,0,0
complex,200,8,1600,2,37,design_ht,spillover_control,0.110137319,0.02650749931,-0.08362981973,True,0,0,0
complex,200,8,1600,2,37,design_ht,spillover_treated,0.1731328632,0.07429308782,-0.09883977536,True,0,0,0
complex,200,8,1600,2,37,doi_nonprivate_generic,direct_low,0.09860674353,0.09751954941,-0.001087194118,True,79,0.003519155849,4.618657858
complex,200,8,1600,2,37,doi_nonprivate_generic,direct_high,0.1616022877,0.1566959676,-0.004906320035,True,79,0.003519155849,4.618657858
complex,200,8,1600,2,37,doi_nonprivate_generic,spillover_control,0.110137319,0.1144401076,0.004302788529,True,79,0.003519155849,4.618657858
complex,200,8,1600,2,37,doi_nonprivate_generic,spillover_treated,0.1731328632,0.1736165258,0.0004836626123,True,79,0.003519155849,4.618657858
complex,200,8,1600,2,37,doi_private_generic,direct_low,0.09860674353,0.1681873286,0.06958058505,True,68,0.004350307497,4.638029054
complex,200,8,1600,2,37,doi_private_generic,direct_high,0.1616022877,0.1531024662,-0.008499821497,True,68,0.004350307497,4.638029054
complex,200,8,1600,2,37,doi_private_generic,spillover_control,0.110137319,0.1056499049,-0.004487414139,True,68,0.004350307497,4.638029054
complex,200,8,1600,2,37,doi_private_generic,spillover_treated,0.1731328632,0.0905650425,-0.08256782068,True,68,0.004350307497,4.638029054
complex,200,8,1600,2,37,doi_private_no_interference,direct_low,0.09860674353,0.2289816297,0.1303748862,True,11,4.787064627e-06,1.926391264
complex,200,8,1600,2,37,doi_private_no_interference,direct_high,0.1616022877,0.2289816297,0.06737934202,True,11,4.787064627e-06,1.926391264
complex,200,8,1600,2,37,doi_private_no_interference,spillover_control,0.110137319,0,-0.110137319,True,11,4.787064627e-06,1.926391264
complex,200,8,1600,2,37,doi_private_no_interference,spillover_treated,0.1731328632,0,-0.1731328632,True,11,4.787064627e-06,1.926391264
complex,200,8,1600,0.5,38,design_ht,direct_low,0.09860674353,-0.03652424649,-0.13513099,True,0,0,0
complex,200,8,1600,0.5,38,design_ht,direct_high,0.1616022877,0.3858986686,0.2242963809,True,0,0,0
complex,200,8,1600,0.5,38,design_ht,spillover_control,0.110137319,0.04082273946,-0.06931457958,True,0,0,0
complex,200,8,1600,0.5,38,design_ht,spillover_treated,0.1731328632,0.4632456545,0.2901127913,True,0,0,0
complex,200,8,1600,0.5,38,doi_nonprivate_generic,direct_low,0.09860674353,0.09856539168,-4.135184874e-05,True,61,0.006031035479,4.609480903
complex,200,8,1600,0.5,38,doi_nonprivate_generic,direct_high,0.1616022877,0.1565491231,-0.005053164535,True,61,0.006031035479,4.609480903
complex,200,8,1600,0.5,38,doi_nonprivate_generic,spillover_control,0.110137319,0.1165883705,0.006451051502,True,61,0.006031035479,4.609480903
complex,200,8,1600,0.5,38,doi_nonprivate_generic,spillover_treated,0.1731328632,0.174572102,0.001439238816,True,61,0.006031035479,4.609480903
complex,200,8,1600,0.5,38,doi_private_generic,direct_low,0.09860674353,0.09561176878,-0.002994974754,True,43,0.0003026482588,4.401661079
complex,200,8,1600,0.5,38,doi_private_generic,direct_high,0.1616022877,0.3625423378,0.2009400501,True,43,0.0003026482588,4.401661079
complex,200,8,1600,0.5,38,doi_private_generic,spillover_control,0.110137319,0.1198866095,0.009749290503,True,43,0.0003026482588,4.401661079
complex,200,8,1600,0.5,38,doi_private_generic,spillover_treated,0.1731328632,0.3868171786,0.2136843154,True,43,0.0003026482588,4.401661079
complex,200,8,1600,0.5,38,doi_private_no_interference,direct_low,0.09860674353,0.3477217063,0.2491149628,True,11,4.509608161e-05,2.64148957
complex,200,8,1600,0.5,38,doi_private_no_interference,direct_high,0.1616022877,0.3477217063,0.1861194187,True,11,4.509608161e-05,2.64148957
complex,200,8,1600,0.5,38,doi_private_no_interference,spillover_control,0.110137319,0,-0.110137319,True,11,4.509608161e-05,2.64148957
complex,200,8,1600,0.5,38,doi_private_no_interference,spillover_treated,0.1731328632,0,-0.1731328632,True,11,4.509608161e-05,2.64148957
complex,200,8,1600,1,38,design_ht,direct_low,0.09860674353,0.09760628138,-0.001000462151,True,0,0,0
complex,200,8,1600,1,38,design_ht,direct_high,0.1616022877,0.08547782882,-0.07612445885,True,0,0,0
complex,200,8,1600,1,38,design_ht,spillover_control,0.110137319,0.1929442181,0.08280689909,True,0,0,0
complex,200,8,1600,1,38,design_ht,spillover_treated,0.1731328632,0.1808157656,0.007682902385,True,0,0,0
complex,200,8,1600,1,38,doi_nonprivate_generic,direct_low,0.09860674353,0.09856539168,-4.135184874e-05,True,61,0.006031035479,4.609480903
complex,200,8,1600,1,38,doi_nonprivate_generic,direct_high,0.1616022877,0.1565491231,-0.005053164535,True,61,0.006031035479,4.609480903
complex,200,8,1600,1,38,doi_nonprivate_generic,spillover_control,0.110137319,0.1165883705,0.006451051502,True,61,0.006031035479,4.609480903
complex,200,8,1600,1,38,doi_nonprivate_generic,spillover_treated,0.1731328632,0.174572102,0.001439238816,True,61,0.006031035479,4.609480903
complex,200,8,1600,1,38,doi_private_generic,direct_low,0.09860674353,0.1560039967,0.05739725316,True,71,0.0009554226235,4.020526577
complex,200,8,1600,1,38,doi_private_generic,direct_high,0.1616022877,0.1037102911,-0.0578919966,True,71,0.0009554226235,4.020526577
complex,200,8,1600,1,38,doi_private_generic,spillover_control,0.110137319,0.1799880448,0.06985072571,True,71,0.0009554226235,4.020526577
complex,200,8,1600,1,38,doi_private_generic,spillover_treated,0.1731328632,0.1276943391,-0.04543852404,True,71,0.0009554226235,4.020526577
complex,200,8,1600,1,38,doi_private_no_interference,direct_low,0.09860674353,0.2262138366,0.1276070931,True,11,3.386308333e-06,1.853818614
complex,200,8,1600,1,38,doi_private_no_interference,direct_high,0.1616022877,0.2262138366,0.06461154893,True,11,3.386308333e-06,1.853818614
complex,200,8,1600,1,38,doi_private_no_interference,spillover_control,0.110137319,0,-0.110137319,True,11,3.386308333e-06,1.853818614
complex,200,8,1600,1,38,doi_private_no_interference,spillover_treated,0.1731328632,0,-0.1731328632,True,11,3.386308333e-06,1.853818614
complex,200,8,1600,2,38,design_ht,direct_low,0.09860674353,0.1580422045,0.05943546101,True,0,0,0
complex,200,8,1600,2,38,design_ht,direct_high,0.1616022877,0.06402088145,-0.09758140622,True,0,0,0
complex,200,8,1600,2,38,design_ht,spillover_control,0.110137319,0.2449445577,0.1348072386,True,0,0,0
complex,200,8,1600,2,38,design_ht,spillover_treated,0.1731328632,0.1509232346,-0.0222096286,True,0,0,0
complex,200,8,1600,2,38,doi_nonprivate_generic,direct_low,0.09860674353,0.09856539168,-4.135184874e-05,True,61,0.006031035479,4.609480903
complex,200,8,1600,2,38,doi_nonprivate_generic,direct_high,0.1616022877,0.1565491231,-0.005053164535,True,61,0.006031035479,4.609480903
complex,200,8,1600,2,38,doi_nonprivate_generic,spillover_control,0.110137319,0.1165883705,0.006451051502,True,61,0.006031035479,4.609480903
complex,200,8,1600,2,38,doi_nonprivate_generic,spillover_treated,0.1731328632,0.174572102,0.001439238816,True,61,0.006031035479,4.609480903
complex,200,8,1600,2,38,doi_private_generic,direct_low,0.09860674353,0.1955020178,0.0968952743,True,70,0.005652489889,2.979130353
complex,200,8,1600,2,38,doi_private_generic,direct_high,0.1616022877,0.1580253953,-0.003576892326,True,70,0.005652489889,2.979130353
complex,200,8,1600,2,38,doi_private_generic,spillover_control,0.110137319,0.1476230134,0.03748569436,True,70,0.005652489889,2.979130353
complex,200,8,1600,2,38,doi_private_generic,spillover_treated,0.1731328632,0.1101463909,-0.06298647227,True,70,0.005652489889,2.979130353
complex,200,8,1600,2,38,doi_private_no_interference,direct_low,0.09860674353,0.2508584703,0.1522517268,True,11,9.510776422e-05,2.248509145
complex,200,8,1600,2,38,doi_private_no_interference,direct_high,0.1616022877,0.2508584703,0.08925618266,True,11,9.510776422e-05,2.248509145
complex,200,8,1600,2,38,doi_private_no_interference,spillover_control,0.110137319,0,-0.110137319,True,11,9.510776422e-05,2.248509145
complex,200,8,1600,2,38,doi_private_no_interference,spillover_treated,0.1731328632,0,-0.1731328632,True,11,9.510776422e-05,2.248509145
complex,200,8,1600,0.5,39,design_ht,direct_low,0.09860674353,-0.07278915496,-0.1713958985,True,0,0,0
complex,200,8,1600,0.5,39,design_ht,direct_high,0.1616022877,0.08274442954,-0.07885785813,True,0,0,0
complex,200,8,1600,0.5,39,design_ht,spillover_control,0.110137319,0.03111385909,-0.07902345995,True,0,0,0
complex,200,8,1600,0.5,39,design_ht,spillover_treated,0.1731328632,0.1866474436,0.01351458041,True,0,0,0
complex,200,8,1600,0.5,39,doi_nonprivate_generic,direct_low,0.09860674353,0.09713231846,-0.001474425076,True,62,0.005313602088,4.554886253
complex,200,8,1600,0.5,39,doi_nonprivate_generic,direct_high,0.1616022877,0.1552380815,-0.006364206153,True,62,0.005313602088,4.554886253
complex,200,8,1600,0.5,39,doi_nonprivate_generic,spillover_control,0.110137319,0.1168202218,0.006682902801,True,62,0.005313602088,4.554886253
complex,200,8,1600,0.5,39,doi_nonprivate_generic,spillover_treated,0.1731328632,0.1749259849,0.001793121724,True,62,0.005313602088,4.554886253
complex,200,8,1600,0.5,39,doi_private_generic,direct_low,0.09860674353,0.1274722338,0.02886549031,True,35,0.006102892244,4.273689817
complex,200,8,1600,0.5,39,doi_private_generic,direct_high,0.1616022877,-0.04372972754,-0.2053320152,True,35,0.006102892244,4.273689817
complex,200,8,1600,0.5,39,doi_private_generic,spillover_control,0.110137319,0.1382845854,0.02814726637,True,35,0.006102892244,4.273689817
complex,200,8,1600,0.5,39,doi_private_generic,spillover_treated,0.1731328632,-0.03291737597,-0.2060502392,True,35,0.006102892244,4.273689817
complex,200,8,1600,0.5,39,doi_private_no_interference,direct_low,0.09860674353,0.0745310993,-0.02407564423,True,8,0.0001922077192,2.893149454
complex,200,8,1600,0.5,39,doi_private_no_interference,direct_high,0.1616022877,0.0745310993,-0.08707118837,True,8,0.0001922077192,2.893149454
complex,200,8,1600,0.5,39,doi_private_no_interference,spillover_control,0.110137319,0,-0.110137319,True,8,0.0001922077192,2.893149454
complex,200,8,1600,0.5,39,doi_private_no_interference,spillover_treated,0.1731328632,0,-0.1731328632,True,8,0.0001922077192,2.893149454
complex,200,8,1600,1,39,design_ht,direct_low,0.09860674353,0.0102725251,-0.08833421843,True,0,0,0
complex,200,8,1600,1,39,design_ht,direct_high,0.1616022877,0.1913562814,0.02975399371,True,0,0,0
complex,200,8,1600,1,39,design_ht,spillover_control,0.110137319,0.02856104418,-0.08157627486,True,0,0,0
complex,200,8,1600,1,39,design_ht,spillover_treated,0.1731328632,0.2096448005,0.03651193727,True,0,0,0
complex,200,8,1600,1,39,doi_nonprivate_generic,direct_low,0.09860674353,0.09713231846,-0.001474425076,True,62,0.005313602088,4.554886253
complex,200,8,1600,1,39,doi_nonprivate_generic,direct_high,0.1616022877,0.1552380815,-0.006364206153,True,62,0.005313602088,4.554886253
complex,200,8,1600,1,39,doi_nonprivate_generic,spillover_control,0.110137319,0.1168202218,0.006682902801,True,62,0.005313602088,4.554886253
complex,200,8,1600,1,39,doi_nonprivate_generic,spillover_treated,0.1731328632,0.1749259849,0.001793121724,True,62,0.005313602088,4.554886253
complex,200,8,1600,1,39,doi_private_generic,direct_low,0.09860674353,0.06109752297,-0.03750922056,True,48,0.006321093202,4.153813387
complex,200,8,1600,1,39,doi_private_generic,direct_high,0.1616022877,0.134897859,-0.0267044287,True,48,0.006321093202,4.153813387
complex,200,8,1600,1,39,doi_private_generic,spillover_control,0.110137319,0.0784726198,-0.03166469924,True,48,0.006321093202,4.153813387
complex,200,8,1600,1,39,doi_private_generic,spillover_treated,0.1731328632,0.1522729558,-0.02085990738,True,48,0.006321093202,4.153813387
complex,200,8,1600,1,39,doi_private_no_interference,direct_low,0.09860674353,0.1788260705,0.08021932699,True,10,6.738040629e-06,1.391557103
complex,200,8,1600,1,39,doi_private_no_interference,direct_high,0.1616022877,0.1788260705,0.01722378285,True,10,6.738040629e-06,1.391557103
complex,200,8,1600,1,39,doi_private_no_interference,spillover_control,0.110137319,0,-0.110137319,True,10,6.738040629e-06,1.391557103
complex,200,8,1600,1,39,doi_private_no_interference,spillover_treated,0.1731328632,0,-0.1731328632,True,10,6.738040629e-06,1.391557103
complex,200,8,1600,2,39,design_ht,direct_low,0.09860674353,-0.01031308885,-0.1089198324,True,0,0,0
complex,200,8,1600,2,39,design_ht,direct_high,0.1616022877,0.2538438222,0.0922415345,True,0,0,0
complex,200,8,1600,2,39,design_ht,spillover_control,0.110137319,0.05941514641,-0.05072217263,True,0,0,0
complex,200,8,1600,2,39,design_ht,spillover_treated,0.1731328632,0.3235720574,0.1504391943,True,0,0,0
complex,200,8,1600,2,39,doi_nonprivate_generic,direct_low,0.09860674353,0.09713231846,-0.001474425076,True,62,0.005313602088,4.554886253
complex,200,8,1600,2,39,doi_nonprivate_generic,direct_high,0.1616022877,0.1552380815,-0.006364206153,True,62,0.005313602088,4.554886253
complex,200,8,1600,2,39,doi_nonprivate_generic,spillover_control,0.110137319,0.1168202218,0.006682902801,True,62,0.005313602088,4.554886253
complex,200,8,1600,2,39,doi_nonprivate_generic,spillover_treated,0.1731328632,0.1749259849,0.001793121724,True,62,0.005313602088,4.554886253
complex,200,8,1600,2,39,doi_private_generic,direct_low,0.09860674353,0.07395245306,-0.02465429047,True,104,0.009478541421,4.910270566
complex,200,8,1600,2,39,doi_private_generic,direct_high,0.1616022877,0.1976984722,0.03609618453,True,104,0.009478541421,4.910270566
complex,200,8,1600,2,39,doi_private_generic,spillover_control,0.110137319,0.09039266601,-0.01974465303,True,104,0.009478541421,4.910270566
complex,200,8,1600,2,39,doi_private_generic,spillover_treated,0.1731328632,0.2141386851,0.04100582196,True,104,0.009478541421,4.910270566
complex,200,8,1600,2,39,doi_private_no_interference,direct_low,0.09860674353,0.2430540615,0.144447318,True,9,8.536139953e-05,1.300783074
complex,200,8,1600,2,39,doi_private_no_interference,direct_high,0.1616022877,0.2430540615,0.08145177385,True,9,8.536139953e-05,1.300783074
complex,200,8,1600,2,39,doi_private_no_interference,spillover_control,0.110137319,0,-0.110137319,True,9,8.536139953e-05,1.300783074
complex,200,8,1600,2,39,doi_private_no_interference,spillover_treated,0.1731328632,0,-0.1731328632,True,9,8.536139953e-05,1.300783074
complex,200,8,1600,0.5,40,design_ht,direct_low,0.09860674353,0.4873250277,0.3887182841,True,0,0,0
complex,200,8,1600,0.5,40,design_ht,direct_high,0.1616022877,-0.1441941337,-0.3057964213,True,0,0,0
complex,200,8,1600,0.5,40,design_ht,spillover_control,0.110137319,0.3818659855,0.2717286665,True,0,0,0
complex,200,8,1600,0.5,40,design_ht,spillover_treated,0.1731328632,-0.2496531758,-0.422786039,True,0,0,0
complex,200,8,1600,0.5,40,doi_nonprivate_generic,direct_low,0.09860674353,0.09875528072,0.0001485371858,True,95,0.003673951066,4.644318931
complex,200,8,1600,0.5,40,doi_nonprivate_generic,direct_high,0.1616022877,0.1594193653,-0.002182922398,True,95,0.003673951066,4.644318931
complex,200,8,1600,0.5,40,doi_nonprivate_generic,spillover_control,0.110137319,0.1138884067,0.003751087669,True,95,0.003673951066,4.644318931
complex,200,8,1600,0.5,40,doi_nonprivate_generic,spillover_treated,0.1731328632,0.1745524913,0.001419628086,True,95,0.003673951066,4.644318931
complex,200,8,1600,0.5,40,doi_private_generic,direct_low,0.09860674353,0.353545775,0.2549390315,True,49,0.00103060259,5.319983666
complex,200,8,1600,0.5,40,doi_private_generic,direct_high,0.1616022877,0.04542602939,-0.1161762583,True,49,0.00103060259,5.319983666
complex,200,8,1600,0.5,40,doi_private_generic,spillover_control,0.110137319,0.2300323615,0.1198950425,True,49,0.00103060259,5.319983666
complex,200,8,1600,0.5,40,doi_private_generic,spillover_treated,0.1731328632,-0.07808738408,-0.2512202473,True,49,0.00103060259,5.319983666
complex,200,8,1600,0.5,40,doi_private_no_interference,direct_low,0.09860674353,0.2373784157,0.1387716722,True,10,2.826239511e-05,1.733827586
complex,200,8,1600,0.5,40,doi_private_no_interference,direct_high,0.1616022877,0.2373784157,0.07577612807,True,10,2.826239511e-05,1.733827586
complex,200,8,1600,0.5,40,doi_private_no_interference,spillover_control,0.110137319,0,-0.110137319,True,10,2.826239511e-05,1.733827586
complex,200,8,1600,0.5,40,doi_private_no_interference,spillover_treated,0.1731328632,0,-0.1731328632,True,10,2.826239511e-05,1.733827586
complex,200,8,1600,1,40,design_ht,direct_low,0.09860674353,-0.00837572791,-0.1069824714,True,0,0,0
complex,200,8,1600,1,40,design_ht,direct_high,0.1616022877,0.06228288278,-0.09931940489,True,0,0,0
complex,200,8,1600,1,40,design_ht,spillover_control,0.110137319,0.1835828414,0.07344552233,True,0,0,0
complex,200,8,1600,1,40,design_ht,spillover_treated,0.1731328632,0.2542414521,0.08110858889,True,0,0,0
complex,200,8,1600,1,40,doi_nonprivate_generic,direct_low,0.09860674353,0.09875528072,0.0001485371858,True,95,0.003673951066,4.644318931
complex,200,8,1600,1,40,doi_nonprivate_generic,direct_high,0.1616022877,0.1594193653,-0.002182922398,True,95,0.003673951066,4.644318931
complex,200,8,1600,1,40,doi_nonprivate_generic,spillover_control,0.110137319,0.1138884067,0.003751087669,True,95,0.003673951066,4.644318931
complex,200,8,1600,1,40,doi_nonprivate_generic,spillover_treated,0.1731328632,0.1745524913,0.001419628086,True,95,0.003673951066,4.644318931
complex,200,8,1600,1,40,doi_private_generic,direct_low,0.09860674353,-0.003838463959,-0.1024452075,True,56,0.0006531093212,5.988629427
complex,200,8,1600,1,40,doi_private_generic,direct_high,0.1616022877,0.07262021698,-0.08898207069,True,56,0.0006531093212,5.988629427
complex,200,8,1600,1,40,doi_private_generic,spillover_control,0.110137319,0.2029556962,0.09281837718,True,56,0.0006531093212,5.988629427
complex,200,8,1600,1,40,doi_private_generic,spillover_treated,0.1731328632,0.2794143772,0.106281514,True,56,0.0006531093212,5.988629427
complex,200,8,1600,1,40,doi_private_no_interference,direct_low,0.09860674353,0.1877887482,0.08918200471,True,10,2.721054593e-06,1.204144743
complex,200,8,1600,1,40,doi_private_no_interference,direct_high,0.1616022877,0.1877887482,0.02618646056,True,10,2.721054593e-06,1.204144743
complex,200,8,1600,1,40,doi_private_no_interference,spillover_control,0.110137319,0,-0.110137319,True,10,2.721054593e-06,1.204144743
complex,200,8,1600,1,40,doi_private_no_interference,spillover_treated,0.1731328632,0,-0.1731328632,True,10,2.721054593e-06,1.204144743
complex,200,8,1600,2,40,design_ht,direct_low,0.09860674353,0.1239935283,0.02538678479,True,0,0,0
complex,200,8,1600,2,40,design_ht,direct_high,0.1616022877,0.1581239695,-0.00347831817,True,0,0,0
complex,200,8,1600,2,40,design_ht,spillover_control,0.110137319,0.08823294038,-0.02190437866,True,0,0,0
complex,200,8,1600,2,40,design_ht,spillover_treated,0.1731328632,0.1223633816,-0.05076948162,True,0,0,0
complex,200,8,1600,2,40,doi_nonprivate_generic,direct_low,0.09860674353,0.09875528072,0.0001485371858,True,95,0.003673951066,4.644318931
complex,200,8,1600,2,40,doi_nonprivate_generic,direct_high,0.1616022877,0.1594193653,-0.002182922398,True,95,0.003673951066,4.644318931
complex,200,8,1600,2,40,doi_nonprivate_generic,spillover_control,0.110137319,0.1138884067,0.003751087669,True,95,0.003673951066,4.644318931
complex,200,8,1600,2,40,doi_nonprivate_generic,spillover_treated,0.1731328632,0.1745524913,0.001419628086,True,95,0.003673951066,4.644318931
complex,200,8,1600,2,40,doi_private_generic,direct_low,0.09860674353,0.1558775176,0.05727077405,True,66,0.001431406975,5.669842905
complex,200,8,1600,2,40,doi_private_generic,direct_high,0.1616022877,0.1597283395,-0.001873948208,True,66,0.001431406975,5.669842905
complex,200,8,1600,2,40,doi_private_generic,spillover_control,0.110137319,0.1146309488,0.004493629805,True,66,0.001431406975,5.669842905
complex,200,8,1600,2,40,doi_private_generic,spillover_treated,0.1731328632,0.1184817707,-0.05465109246,True,66,0.001431406975,5.669842905
complex,200,8,1600,2,40,doi_private_no_interference,direct_low,0.09860674353,0.2341127988,0.1355060553,True,11,8.061462177e-05,1.387476855
complex,200,8,1600,2,40,doi_private_no_interference,direct_high,0.1616022877,0.2341127988,0.07251051114,True,11,8.061462177e-05,1.387476855
complex,200,8,1600,2,40,doi_private_no_interference,spillover_control,0.110137319,0,-0.110137319,True,11,8.061462177e-05,1.387476855
complex,200,8,1600,2,40,doi_private_no_interference,spillover_treated,0.1731328632,0,-0.1731328632,True,11,8.061462177e-05,1.387476855
complex,200,8,1600,0.5,41,design_ht,direct_low,0.09860674353,0.03020617603,-0.0684005675,True,0,0,0
complex,200,8,1600,0.5,41,design_ht,direct_high,0.1616022877,0.2762156758,0.1146133881,True,0,0,0
complex,200,8,1600,0.5,41,design_ht,spillover_control,0.110137319,0.1408778661,0.03074054707,True,0,0,0
complex,200,8,1600,0.5,41,design_ht,spillover_treated,0.1731328632,0.3868873659,0.2137545027,True,0,0,0
complex,200,8,1600,0.5,41,doi_nonprivate_generic,direct_low,0.09860674353,0.09829637178,-0.0003103717498,True,84,0.003212613633,4.508431942
complex,200,8,1600,0.5,41,doi_nonprivate_generic,direct_high,0.1616022877,0.151929517,-0.009672770711,True,84,0.003212613633,4.508431942
complex,200,8,1600,0.5,41,doi_nonprivate_generic,spillover_control,0.110137319,0.1200082356,0.009870916604,True,84,0.003212613633,4.508431942
complex,200,8,1600,0.5,41,doi_nonprivate_generic,spillover_treated,0.1731328632,0.1736413808,0.0005085176431,True,84,0.003212613633,4.508431942
complex,200,8,1600,0.5,41,doi_private_generic,direct_low,0.09860674353,-0.01102572537,-0.1096324689,True,45,0.000761741836,6.291837897
complex,200,8,1600,0.5,41,doi_private_generic,direct_high,0.1616022877,0.3214226421,0.1598203545,True,45,0.000761741836,6.291837897
complex,200,8,1600,0.5,41,doi_private_generic,spillover_control,0.110137319,-0.0262340569,-0.1363713759,True,45,0.000761741836,6.291837897
complex,200,8,1600,0.5,41,doi_private_generic,spillover_treated,0.1731328632,0.3062143106,0.1330814474,True,45,0.000761741836,6.291837897
complex,200,8,1600,0.5,41,doi_private_no_interference,direct_low,0.09860674353,0.2583922671,0.1597855236,True,10,1.597733966e-06,1.237120986
complex,200,8,1600,0.5,41,doi_private_no_interference,direct_high,0.1616022877,0.2583922671,0.09678997948,True,10,1.597733966e-06,1.237120986
complex,200,8,1600,0.5,41,doi_private_no_interference,spillover_control,0.110137319,0,-0.110137319,True,10,1.597733966e-06,1.237120986
complex,200,8,1600,0.5,41,doi_private_no_interference,spillover_treated,0.1731328632,0,-0.1731328632,True,10,1.597733966e-06,1.237120986
complex,200,8,1600,1,41,design_ht,direct_low,0.09860674353,0.0790733986,-0.01953334493,True,0,0,0
complex,200,8,1600,1,41,design_ht,direct_high,0.1616022877,0.161156427,-0.0004458607112,True,0,0,0
complex,200,8,1600,1,41,design_ht,spillover_control,0.110137319,0.213859006,0.103721687,True,0,0,0
complex,200,8,1600,1,41,design_ht,spillover_treated,0.1731328632,0.2959420344,0.1228091712,True,0,0,0
complex,200,8,1600,1,41,doi_nonprivate_generic,direct_low,0.09860674353,0.09829637178,-0.0003103717498,True,84,0.003212613633,4.508431942
complex,200,8,1600,1,41,doi_nonprivate_generic,direct_high,0.1616022877,0.151929517,-0.009672770711,True,84,0.003212613633,4.508431942
complex,200,8,1600,1,41,doi_nonprivate_generic,spillover_control,0.110137319,0.1200082356,0.009870916604,True,84,0.003212613633,4.508431942
complex,200,8,1600,1,41,doi_nonprivate_generic,spillover_treated,0.1731328632,0.1736413808,0.0005085176431,True,84,0.003212613633,4.508431942
complex,200,8,1600,1,41,doi_private_generic,direct_low,0.09860674353,0.1319062087,0.0332994652,True,79,0.0004354094004,3.274801334
complex,200,8,1600,1,41,doi_private_generic,direct_high,0.1616022877,0.1040235459,-0.05757874177,True,79,0.0004354094004,3.274801334
complex,200,8,1600,1,41,doi_private_generic,spillover_control,0.110137319,0.2123277226,0.1021904036,True,79,0.0004354094004,3.274801334
complex,200,8,1600,1,41,doi_private_generic,spillover_treated,0.1731328632,0.1844450598,0.0113121966,True,79,0.0004354094004,3.274801334
complex,200,8,1600,1,41,doi_private_no_interference,direct_low,0.09860674353,0.2310299725,0.132423229,True,11,2.861568977e-05,1.33664365
complex,200,8,1600,1,41,doi_private_no_interference,direct_high,0.1616022877,0.2310299725,0.06942768485,True,11,2.861568977e-05,1.33664365
complex,200,8,1600,1,41,doi_private_no_interference,spillover_control,0.110137319,0,-0.110137319,True,11,2.861568977e-05,1.33664365
complex,200,8,1600,1,41,doi_private_no_interference,spillover_treated,0.1731328632,0,-0.1731328632,True,11,2.861568977e-05,1.33664365
complex,200,8,1600,2,41,design_ht,direct_low,0.09860674353,0.02725529397,-0.07135144956,True,0,0,0
complex,200,8,1600,2,41,design_ht,direct_high,0.1616022877,0.1893739695,0.02777168183,True,0,0,0
complex,200,8,1600,2,41,design_ht,spillover_control,0.110137319,0.1849176462,0.07478032714,True,0,0,0
complex,200,8,1600,2,41,design_ht,spillover_treated,0.1731328632,0.3470363217,0.1739034585,True,0,0,0
complex,200,8,1600,2,41,doi_nonprivate_generic,direct_low,0.09860674353,0.09829637178,-0.0003103717498,True,84,0.003212613633,4.508431942
complex,200,8,1600,2,41,doi_nonprivate_generic,direct_high,0.1616022877,0.151929517,-0.009672770711,True,84,0.003212613633,4.508431942
complex,200,8,1600,2,41,doi_nonprivate_generic,spillover_control,0.110137319,0.1200082356,0.009870916604,True,84,0.003212613633,4.508431942
complex,200,8,1600,2,41,doi_nonprivate_generic,spillover_treated,0.1731328632,0.1736413808,0.0005085176431,True,84,0.003212613633,4.508431942
complex,200,8,1600,2,41,doi_private_generic,direct_low,0.09860674353,0.0442643548,-0.05434238873,True,66,0.001127408828,4.585744723
complex,200,8,1600,2,41,doi_private_generic,direct_high,0.1616022877,0.1444491887,-0.01715309894,True,66,0.001127408828,4.585744723
complex,200,8,1600,2,41,doi_private_generic,spillover_control,0.110137319,0.1556856549,0.04554833589,True,66,0.001127408828,4.585744723
complex,200,8,1600,2,41,doi_private_generic,spillover_treated,0.1731328632,0.2558704889,0.08273762568,True,66,0.001127408828,4.585744723
complex,200,8,1600,2,41,doi_private_no_interference,direct_low,0.09860674353,0.228850297,0.1302435534,True,10,0.0001098599091,1.804060039
complex,200,8,1600,2,41,doi_private_no_interference,direct_high,0.1616022877,0.228850297,0.06724800928,True,10,0.0001098599091,1.804060039
complex,200,8,1600,2,41,doi_private_no_interference,spillover_control,0.110137319,0,-0.110137319,True,10,0.0001098599091,1.804060039
complex,200,8,1600,2,41,doi_private_no_interference,spillover_treated,0.1731328632,0,-0.1731328632,True,10,0.0001098599091,1.804060039
complex,200,8,1600,0.5,42,design_ht,direct_low,0.09860674353,-0.04504669008,-0.1436534336,True,0,0,0
complex,200,8,1600,0.5,42,design_ht,direct_high,0.1616022877,0.06757003512,-0.09403225256,True,0,0,0
complex,200,8,1600,0.5,42,design_ht,spillover_control,0.110137319,0.04556536611,-0.06457195293,True,0,0,0
complex,200,8,1600,0.5,42,design_ht,spillover_treated,0.1731328632,0.1581820913,-0.01495077187,True,0,0,0
complex,200,8,1600,0.5,42,doi_nonprivate_generic,direct_low,0.09860674353,0.09721414956,-0.001392593968,True,72,0.003022306699,4.570294148
complex,200,8,1600,0.5,42,doi_nonprivate_generic,direct_high,0.1616022877,0.1532253996,-0.008376888033,True,72,0.003022306699,4.570294148
complex,200,8,1600,0.5,42,doi_nonprivate_generic,spillover_control,0.110137319,0.1164376489,0.006300329829,True,72,0.003022306699,4.570294148
complex,200,8,1600,0.5,42,doi_nonprivate_generic,spillover_treated,0.1731328632,0.1724488989,-0.0006839642361,True,72,0.003022306699,4.570294148
complex,200,8,1600,0.5,42,doi_private_generic,direct_low,0.09860674353,0.03019355961,-0.06841318392,True,39,0.0006867414854,5.005890479
complex,200,8,1600,0.5,42,doi_private_generic,direct_high,0.1616022877,0.1759525748,0.01435028716,True,39,0.0006867414854,5.005890479
complex,200,8,1600,0.5,42,doi_private_generic,spillover_control,0.110137319,-0.03962579884,-0.1497631179,True,39,0.0006867414854,5.005890479
complex,200,8,1600,0.5,42,doi_private_generic,spillover_treated,0.1731328632,0.1061332164,-0.0669996468,True,39,0.0006867414854,5.005890479
complex,200,8,1600,0.5,42,doi_private_no_interference,direct_low,0.09860674353,0.1185086931,0.01990194953,True,12,1.933045555e-06,2.46975188
complex,200,8,1600,0.5,42,doi_private_no_interference,direct_high,0.1616022877,0.1185086931,-0.04309359461,True,12,1.933045555e-06,2.46975188
complex,200,8,1600,0.5,42,doi_private_no_interference,spillover_control,0.110137319,0,-0.110137319,True,12,1.933045555e-06,2.46975188
complex,200,8,1600,0.5,42,doi_private_no_interference,spillover_treated,0.1731328632,0,-0.1731328632,True,12,1.933045555e-06,2.46975188
complex,200,8,1600,1,42,design_ht,direct_low,0.09860674353,0.1438535567,0.0452468132,True,0,0,0
complex,200,8,1600,1,42,design_ht,direct_high,0.1616022877,0.1003597339,-0.06124255373,True,0,0,0
complex,200,8,1600,1,42,design_ht,spillover_control,0.110137319,0.1895512274,0.07941390838,True,0,0,0
complex,200,8,1600,1,42,design_ht,spillover_treated,0.1731328632,0.1460574046,-0.02707545855,True,0,0,0
complex,200,8,1600,1,42,doi_nonprivate_generic,direct_low,0.09860674353,0.09721414956,-0.001392593968,True,72,0.003022306699,4.570294148
complex,200,8,1600,1,42,doi_nonprivate_generic,direct_high,0.1616022877,0.1532253996,-0.008376888033,True,72,0.003022306699,4.570294148
complex,200,8,1600,1,42,doi_nonprivate_generic,spillover_control,0.110137319,0.1164376489,0.006300329829,True,72,0.003022306699,4.570294148
complex,200,8,1600,1,42,doi_nonprivate_generic,spillover_treated,0.1731328632,0.1724488989,-0.0006839642361,True,72,0.003022306699,4.570294148
complex,200,8,1600,1,42,doi_private_generic,direct_low,0.09860674353,0.1357102249,0.03710348139,True,40,0.0004374234739,2.782877944
complex,200,8,1600,1,42,doi_private_generic,direct_high,0.1616022877,0.1435416909,-0.01806059681,True,40,0.0004374234739,2.782877944
complex,200,8,1600,1,42,doi_private_generic,spillover_control,0.110137319,0.2109270523,0.1007897332,True,40,0.0004374234739,2.782877944
complex,200,8,1600,1,42,doi_private_generic,spillover_treated,0.1731328632,0.2187585182,0.04562565503,True,40,0.0004374234739,2.782877944
complex,200,8,1600,1,42,doi_private_no_interference,direct_low,0.09860674353,0.265814811,0.1672080674,True,8,6.002968867e-05,1.666222249
complex,200,8,1600,1,42,doi_private_no_interference,direct_high,0.1616022877,0.265814811,0.1042125233,True,8,6.002968867e-05,1.666222249
complex,200,8,1600,1,42,doi_private_no_interference,spillover_control,0.110137319,0,-0.110137319,True,8,6.002968867e-05,1.666222249
complex,200,8,1600,1,42,doi_private_no_interference,spillover_treated,0.1731328632,0,-0.1731328632,True,8,6.002968867e-05,1.666222249
complex,200,8,1600,2,42,design_ht,direct_low,0.09860674353,0.203395587,0.1047888435,True,0,0,0
complex,200,8,1600,2,42,design_ht,direct_high,0.1616022877,0.1113849991,-0.05021728859,True,0,0,0
complex,200,8,1600,2,42,design_ht,spillover_control,0.110137319,0.09986323435,-0.01027408469,True,0,0,0
complex,200,8,1600,2,42,design_ht,spillover_treated,0.1731328632,0.007852646412,-0.1652802168,True,0,0,0
complex,200,8,1600,2,42,doi_nonprivate_generic,direct_low,0.09860674353,0.09721414956,-0.001392593968,True,72,0.003022306699,4.570294148
complex,200,8,1600,2,42,doi_nonprivate_generic,direct_high,0.1616022877,0.1532253996,-0.008376888033,True,72,0.003022306699,4.570294148
complex,200,8,1600,2,42,doi_nonprivate_generic,spillover_control,0.110137319,0.1164376489,0.006300329829,True,72,0.003022306699,4.570294148
complex,200,8,1600,2,42,doi_nonprivate_generic,spillover_treated,0.1731328632,0.1724488989,-0.0006839642361,True,72,0.003022306699,4.570294148
complex,200,8,1600,2,42,doi_private_generic,direct_low,0.09860674353,0.1578422376,0.05923549406,True,80,0.0027616463,5.680824501
complex,200,8,1600,2,42,doi_private_generic,direct_high,0.1616022877,0.1661572206,0.004554932955,True,80,0.0027616463,5.680824501
complex,200,8,1600,2,42,doi_private_generic,spillover_control,0.110137319,0.1203177777,0.01018045861,True,80,0.0027616463,5.680824501
complex,200,8,1600,2,42,doi_private_generic,spillover_treated,0.1731328632,0.1286327607,-0.04450010249,True,80,0.0027616463,5.680824501
complex,200,8,1600,2,42,doi_private_no_interference,direct_low,0.09860674353,0.2294833993,0.1308766557,True,10,8.990749004e-05,1.559561177
complex,200,8,1600,2,42,doi_private_no_interference,direct_high,0.1616022877,0.2294833993,0.06788111158,True,10,8.990749004e-05,1.559561177
complex,200,8,1600,2,42,doi_private_no_interference,spillover_control,0.110137319,0,-0.110137319,True,10,8.990749004e-05,1.559561177
complex,200,8,1600,2,42,doi_private_no_interference,spillover_treated,0.1731328632,0,-0.1731328632,True,10,8.990749004e-05,1.559561177
complex,200,8,1600,0.5,43,design_ht,direct_low,0.09860674353,0.1694469998,0.07084025625,True,0,0,0
complex,200,8,1600,0.5,43,design_ht,direct_high,0.1616022877,-0.0211585845,-0.1827608722,True,0,0,0
complex,200,8,1600,0.5,43,design_ht,spillover_control,0.110137319,0.2960030279,0.1858657088,True,0,0,0
complex,200,8,1600,0.5,43,design_ht,spillover_treated,0.1731328632,0.1053974436,-0.06773541959,True,0,0,0
complex,200,8,1600,0.5,43,doi_nonprivate_generic,direct_low,0.09860674353,0.09767001575,-0.000936727783,True,70,0.005872438069,4.665999162
complex,200,8,1600,0.5,43,doi_nonprivate_generic,direct_high,0.1616022877,0.1603320733,-0.00127021434,True,70,0.005872438069,4.665999162
complex,200,8,1600,0.5,43,doi_nonprivate_generic,spillover_control,0.110137319,0.1102911308,0.0001538117984,True,70,0.005872438069,4.665999162
complex,200,8,1600,0.5,43,doi_nonprivate_generic,spillover_treated,0.1731328632,0.1729531884,-0.0001796747583,True,70,0.005872438069,4.665999162
complex,200,8,1600,0.5,43,doi_private_generic,direct_low,0.09860674353,0.205770588,0.1071638445,True,50,0.0008821750848,5.507398195
complex,200,8,1600,0.5,43,doi_private_generic,direct_high,0.1616022877,-0.03536981031,-0.196972098,True,50,0.0008821750848,5.507398195
complex,200,8,1600,0.5,43,doi_private_generic,spillover_control,0.110137319,0.3230732662,0.2129359472,True,50,0.0008821750848,5.507398195
complex,200,8,1600,0.5,43,doi_private_generic,spillover_treated,0.1731328632,0.08193286785,-0.09119999533,True,50,0.0008821750848,5.507398195
complex,200,8,1600,0.5,43,doi_private_no_interference,direct_low,0.09860674353,0.2261812667,0.1275745232,True,11,0.0001325687831,3.050926316
complex,200,8,1600,0.5,43,doi_private_no_interference,direct_high,0.1616022877,0.2261812667,0.06457897907,True,11,0.0001325687831,3.050926316
complex,200,8,1600,0.5,43,doi_private_no_interference,spillover_control,0.110137319,0,-0.110137319,True,11,0.0001325687831,3.050926316
complex,200,8,1600,0.5,43,doi_private_no_interference,spillover_treated,0.1731328632,0,-0.1731328632,True,11,0.0001325687831,3.050926316
complex,200,8,1600,1,43,design_ht,direct_low,0.09860674353,0.1069558446,0.008349101103,True,0,0,0
complex,200,8,1600,1,43,design_ht,direct_high,0.1616022877,0.09868186371,-0.06292042397,True,0,0,0
complex,200,8,1600,1,43,design_ht,spillover_control,0.110137319,0.1704805535,0.06034323443,True,0,0,0
complex,200,8,1600,1,43,design_ht,spillover_treated,0.1731328632,0.1622065725,-0.01092629064,True,0,0,0
complex,200,8,1600,1,43,doi_nonprivate_generic,direct_low,0.09860674353,0.09767001575,-0.000936727783,True,70,0.005872438069,4.665999162
complex,200,8,1600,1,43,doi_nonprivate_generic,direct_high,0.1616022877,0.1603320733,-0.00127021434,True,70,0.005872438069,4.665999162
complex,200,8,1600,1,43,doi_nonprivate_generic,spillover_control,0.110137319,0.1102911308,0.0001538117984,True,70,0.005872438069,4.665999162
complex,200,8,1600,1,43,doi_nonprivate_generic,spillover_treated,0.1731328632,0.1729531884,-0.0001796747583,True,70,0.005872438069,4.665999162
complex,200,8,1600,1,43,doi_private_generic,direct_low,0.09860674353,0.1445211148,0.04591437129,True,72,0.001747038685,4.292106009
complex,200,8,1600,1,43,doi_private_generic,direct_high,0.1616022877,0.1174886938,-0.04411359383,True,72,0.001747038685,4.292106009
complex,200,8,1600,1,43,doi_private_generic,spillover_control,0.110137319,0.1738597474,0.06372242839,True,72,0.001747038685,4.292106009
complex,200,8,1600,1,43,doi_private_generic,spillover_treated,0.1731328632,0.1468273265,-0.02630553673,True,72,0.001747038685,4.292106009
complex,200,8,1600,1,43,doi_private_no_interference,direct_low,0.09860674353,0.234053436,0.1354466925,True,11,2.504866226e-05,2.427443396
complex,200,8,1600,1,43,doi_private_no_interference,direct_high,0.1616022877,0.234053436,0.07245114835,True,11,2.504866226e-05,2.427443396
complex,200,8,1600,1,43,doi_private_no_interference,spillover_control,0.110137319,0,-0.110137319,True,11,2.504866226e-05,2.427443396
complex,200,8,1600,1,43,doi_private_no_interference,spillover_treated,0.1731328632,0,-0.1731328632,True,11,2.504866226e-05,2.427443396
complex,200,8,1600,2,43,design_ht,direct_low,0.09860674353,0.01785279363,-0.08075394991,True,0,0,0
complex,200,8,1600,2,43,design_ht,direct_high,0.1616022877,0.1451348519,-0.0164674358,True,0,0,0
complex,200,8,1600,2,43,design_ht,spillover_control,0.110137319,0.1006786758,-0.009458643276,True,0,0,0
complex,200,8,1600,2,43,design_ht,spillover_treated,0.1731328632,0.227960734,0.05482787083,True,0,0,0
complex,200,8,1600,2,43,doi_nonprivate_generic,direct_low,0.09860674353,0.09767001575,-0.000936727783,True,70,0.005872438069,4.665999162
complex,200,8,1600,2,43,doi_nonprivate_generic,direct_high,0.1616022877,0.1603320733,-0.00127021434,True,70,0.005872438069,4.665999162
complex,200,8,1600,2,43,doi_nonprivate_generic,spillover_control,0.110137319,0.1102911308,0.0001538117984,True,70,0.005872438069,4.665999162
complex,200,8,1600,2,43,doi_nonprivate_generic,spillover_treated,0.1731328632,0.1729531884,-0.0001796747583,True,70,0.005872438069,4.665999162
complex,200,8,1600,2,43,doi_private_generic,direct_low,0.09860674353,0.07481290972,-0.02379383381,True,70,0.0006574959161,2.478602054
complex,200,8,1600,2,43,doi_private_generic,direct_high,0.1616022877,0.1284855646,-0.03311672303,True,70,0.0006574959161,2.478602054
complex,200,8,1600,2,43,doi_private_generic,spillover_control,0.110137319,0.1454547025,0.03531738344,True,70,0.0006574959161,2.478602054
complex,200,8,1600,2,43,doi_private_generic,spillover_treated,0.1731328632,0.1991273574,0.02599449421,True,70,0.0006574959161,2.478602054
complex,200,8,1600,2,43,doi_private_no_interference,direct_low,0.09860674353,0.2082129855,0.109606242,True,10,5.66815954e-06,1.490733231
complex,200,8,1600,2,43,doi_private_no_interference,direct_high,0.1616022877,0.2082129855,0.04661069785,True,10,5.66815954e-06,1.490733231
complex,200,8,1600,2,43,doi_private_no_interference,spillover_control,0.110137319,0,-0.110137319,True,10,5.66815954e-06,1.490733231
complex,200,8,1600,2,43,doi_private_no_interference,spillover_treated,0.1731328632,0,-0.1731328632,True,10,5.66815954e-06,1.490733231
complex,200,8,1600,0.5,44,design_ht,direct_low,0.09860674353,0.2988006194,0.2001938759,True,0,0,0
complex,200,8,1600,0.5,44,design_ht,direct_high,0.1616022877,0.4053099574,0.2437076697,True,0,0,0
complex,200,8,1600,0.5,44,design_ht,spillover_control,0.110137319,-0.2230355492,-0.3331728682,True,0,0,0
complex,200,8,1600,0.5,44,design_ht,spillover_treated,0.1731328632,-0.1165262112,-0.2896590743,True,0,0,0
complex,200,8,1600,0.5,44,doi_nonprivate_generic,direct_low,0.09860674353,0.09733492623,-0.001271817303,True,77,0.001901966739,4.601261038
complex,200,8,1600,0.5,44,doi_nonprivate_generic,direct_high,0.1616022877,0.1562703357,-0.005331952017,True,77,0.001901966739,4.601261038
complex,200,8,1600,0.5,44,doi_nonprivate_generic,spillover_control,0.110137319,0.1177267617,0.007589442679,True,77,0.001901966739,4.601261038
complex,200,8,1600,0.5,44,doi_nonprivate_generic,spillover_treated,0.1731328632,0.1766621711,0.003529307964,True,77,0.001901966739,4.601261038
complex,200,8,1600,0.5,44,doi_private_generic,direct_low,0.09860674353,0.2181245236,0.1195177801,True,59,0.0005511942401,5.546177065
complex,200,8,1600,0.5,44,doi_private_generic,direct_high,0.1616022877,0.2449510059,0.08334871819,True,59,0.0005511942401,5.546177065
complex,200,8,1600,0.5,44,doi_private_generic,spillover_control,0.110137319,-0.001378618987,-0.111515938,True,59,0.0005511942401,5.546177065
complex,200,8,1600,0.5,44,doi_private_generic,spillover_treated,0.1731328632,0.02544786328,-0.1476849999,True,59,0.0005511942401,5.546177065
complex,200,8,1600,0.5,44,doi_private_no_interference,direct_low,0.09860674353,0.2524188301,0.1538120866,True,7,5.704364745e-05,1.207728896
complex,200,8,1600,0.5,44,doi_private_no_interference,direct_high,0.1616022877,0.2524188301,0.09081654247,True,7,5.704364745e-05,1.207728896
complex,200,8,1600,0.5,44,doi_private_no_interference,spillover_control,0.110137319,0,-0.110137319,True,7,5.704364745e-05,1.207728896
complex,200,8,1600,0.5,44,doi_private_no_interference,spillover_treated,0.1731328632,0,-0.1731328632,True,7,5.704364745e-05,1.207728896
complex,200,8,1600,1,44,design_ht,direct_low,0.09860674353,0.2067387274,0.1081319839,True,0,0,0
complex,200,8,1600,1,44,design_ht,direct_high,0.1616022877,0.3038699046,0.142267617,True,0,0,0
complex,200,8,1600,1,44,design_ht,spillover_control,0.110137319,-0.01805777861,-0.1281950977,True,0,0,0
complex,200,8,1600,1,44,design_ht,spillover_treated,0.1731328632,0.0790733986,-0.09405946459,True,0,0,0
complex,200,8,1600,1,44,doi_nonprivate_generic,direct_low,0.09860674353,0.09733492623,-0.001271817303,True,77,0.001901966739,4.601261038
complex,200,8,1600,1,44,doi_nonprivate_generic,direct_high,0.1616022877,0.1562703357,-0.005331952017,True,77,0.001901966739,4.601261038
complex,200,8,1600,1,44,doi_nonprivate_generic,spillover_control,0.110137319,0.1177267617,0.007589442679,True,77,0.001901966739,4.601261038
complex,200,8,1600,1,44,doi_nonprivate_generic,spillover_treated,0.1731328632,0.1766621711,0.003529307964,True,77,0.001901966739,4.601261038
complex,200,8,1600,1,44,doi_private_generic,direct_low,0.09860674353,0.192734674,0.09412793042,True,58,0.001111374647,4.561971168
complex,200,8,1600,1,44,doi_private_generic,direct_high,0.1616022877,0.18063154,0.0190292523,True,58,0.001111374647,4.561971168
complex,200,8,1600,1,44,doi_private_generic,spillover_control,0.110137319,0.1239701896,0.01383287055,True,58,0.001111374647,4.561971168
complex,200,8,1600,1,44,doi_private_generic,spillover_treated,0.1731328632,0.1118670556,-0.06126580757,True,58,0.001111374647,4.561971168
complex,200,8,1600,1,44,doi_private_no_interference,direct_low,0.09860674353,0.2773871158,0.1787803723,True,11,1.710107209e-07,2.346699979
complex,200,8,1600,1,44,doi_private_no_interference,direct_high,0.1616022877,0.2773871158,0.1157848282,True,11,1.710107209e-07,2.346699979
complex,200,8,1600,1,44,doi_private_no_interference,spillover_control,0.110137319,0,-0.110137319,True,11,1.710107209e-07,2.346699979
complex,200,8,1600,1,44,doi_private_no_interference,spillover_treated,0.1731328632,0,-0.1731328632,True,11,1.710107209e-07,2.346699979
complex,200,8,1600,2,44,design_ht,direct_low,0.09860674353,0.08422485221,-0.01438189132,True,0,0,0
complex,200,8,1600,2,44,design_ht,direct_high,0.1616022877,0.1943877933,0.03278550561,True,0,0,0
complex,200,8,1600,2,44,design_ht,spillover_control,0.110137319,0.06275720489,-0.04738011415,True,0,0,0
complex,200,8,1600,2,44,design_ht,spillover_treated,0.1731328632,0.172920146,-0.0002127172278,True,0,0,0
complex,200,8,1600,2,44,doi_nonprivate_generic,direct_low,0.09860674353,0.09733492623,-0.001271817303,True,77,0.001901966739,4.601261038
complex,200,8,1600,2,44,doi_nonprivate_generic,direct_high,0.1616022877,0.1562703357,-0.005331952017,True,77,0.001901966739,4.601261038
complex,200,8,1600,2,44,doi_nonprivate_generic,spillover_control,0.110137319,0.1177267617,0.007589442679,True,77,0.001901966739,4.601261038
complex,200,8,1600,2,44,doi_nonprivate_generic,spillover_treated,0.1731328632,0.1766621711,0.003529307964,True,77,0.001901966739,4.601261038
complex,200,8,1600,2,44,doi_private_generic,direct_low,0.09860674353,0.07298863983,-0.0256181037,True,68,0.0007545397305,1.929554179
complex,200,8,1600,2,44,doi_private_generic,direct_high,0.1616022877,0.1465565035,-0.01504578416,True,68,0.0007545397305,1.929554179
complex,200,8,1600,2,44,doi_private_generic,spillover_control,0.110137319,0.1302451523,0.02010783328,True,68,0.0007545397305,1.929554179
complex,200,8,1600,2,44,doi_private_generic,spillover_treated,0.1731328632,0.203813016,0.03068015282,True,68,0.0007545397305,1.929554179
complex,200,8,1600,2,44,doi_private_no_interference,direct_low,0.09860674353,0.2164449992,0.1178382557,True,10,2.084981509e-05,1.367265043
complex,200,8,1600,2,44,doi_private_no_interference,direct_high,0.1616022877,0.2164449992,0.05484271156,True,10,2.084981509e-05,1.367265043
complex,200,8,1600,2,44,doi_private_no_interference,spillover_control,0.110137319,0,-0.110137319,True,10,2.084981509e-05,1.367265043
complex,200,8,1600,2,44,doi_private_no_interference,spillover_treated,0.1731328632,0,-0.1731328632,True,10,2.084981509e-05,1.367265043
complex,200,8,1600,0.5,45,design_ht,direct_low,0.09860674353,0.09784428161,-0.0007624619247,True,0,0,0
complex,200,8,1600,0.5,45,design_ht,direct_high,0.1616022877,0.2113816337,0.049779346,True,0,0,0
complex,200,8,1600,0.5,45,design_ht,spillover_control,0.110137319,0.02909428161,-0.08104303743,True,0,0,0
complex,200,8,1600,0.5,45,design_ht,spillover_treated,0.1731328632,0.1426316337,-0.03050122951,True,0,0,0
complex,200,8,1600,0.5,45,doi_nonprivate_generic,direct_low,0.09860674353,0.0957035328,-0.002903210728,True,75,0.003720987332,4.459615658
complex,200,8,1600,0.5,45,doi_nonprivate_generic,direct_high,0.1616022877,0.1558185942,-0.005783693496,True,75,0.003720987332,4.459615658
complex,200,8,1600,0.5,45,doi_nonprivate_generic,spillover_control,0.110137319,0.1176424504,0.007505131333,True,75,0.003720987332,4.459615658
complex,200,8,1600,0.5,45,doi_nonprivate_generic,spillover_treated,0.1731328632,0.1777575117,0.004624648565,True,75,0.003720987332,4.459615658
complex,200,8,1600,0.5,45,doi_private_generic,direct_low,0.09860674353,0.1387612417,0.04015449815,True,61,0.001744309004,5.643182748
complex,200,8,1600,0.5,45,doi_private_generic,direct_high,0.1616022877,0.09084680627,-0.07075548141,True,61,0.001744309004,5.643182748
complex,200,8,1600,0.5,45,doi_private_generic,spillover_control,0.110137319,0.1372423544,0.02710503535,True,61,0.001744309004,5.643182748
complex,200,8,1600,0.5,45,doi_private_generic,spillover_treated,0.1731328632,0.08932791897,-0.08380494421,True,61,0.001744309004,5.643182748
complex,200,8,1600,0.5,45,doi_private_no_interference,direct_low,0.09860674353,0.1999012296,0.1012944861,True,12,2.161769294e-05,2.319656241
complex,200,8,1600,0.5,45,doi_private_no_interference,direct_high,0.1616022877,0.1999012296,0.03829894196,True,12,2.161769294e-05,2.319656241
complex,200,8,1600,0.5,45,doi_private_no_interference,spillover_control,0.110137319,0,-0.110137319,True,12,2.161769294e-05,2.319656241
complex,200,8,1600,0.5,45,doi_private_no_interference,spillover_treated,0.1731328632,0,-0.1731328632,True,12,2.161769294e-05,2.319656241
complex,200,8,1600,1,45,design_ht,direct_low,0.09860674353,0.02017169302,-0.07843505051,True,0,0,0
complex,200,8,1600,1,45,design_ht,direct_high,0.1616022877,0.2449681991,0.08336591138,True,0,0,0
complex,200,8,1600,1,45,design_ht,spillover_control,0.110137319,0.04609465487,-0.06404266417,True,0,0,0
complex,200,8,1600,1,45,design_ht,spillover_treated,0.1731328632,0.2708911609,0.09775829772,True,0,0,0
complex,200,8,1600,1,45,doi_nonprivate_generic,direct_low,0.09860674353,0.0957035328,-0.002903210728,True,75,0.003720987332,4.459615658
complex,200,8,1600,1,45,doi_nonprivate_generic,direct_high,0.1616022877,0.1558185942,-0.005783693496,True,75,0.003720987332,4.459615658
complex,200,8,1600,1,45,doi_nonprivate_generic,spillover_control,0.110137319,0.1176424504,0.007505131333,True,75,0.003720987332,4.459615658
complex,200,8,1600,1,45,doi_nonprivate_generic,spillover_treated,0.1731328632,0.1777575117,0.004624648565,True,75,0.003720987332,4.459615658
complex,200,8,1600,1,45,doi_private_generic,direct_low,0.09860674353,0.01993025305,-0.07867649049,True,89,0.0009941239605,5.426449722
complex,200,8,1600,1,45,doi_private_generic,direct_high,0.1616022877,0.1197251284,-0.04187715927,True,89,0.0009941239605,5.426449722
complex,200,8,1600,1,45,doi_private_generic,spillover_control,0.110137319,0.136567116,0.02642979695,True,89,0.0009941239605,5.426449722
complex,200,8,1600,1,45,doi_private_generic,spillover_treated,0.1731328632,0.2363619914,0.06322912817,True,89,0.0009941239605,5.426449722
complex,200,8,1600,1,45,doi_private_no_interference,direct_low,0.09860674353,0.1970229915,0.09841624799,True,10,5.145070112e-06,1.656371566
complex,200,8,1600,1,45,doi_private_no_interference,direct_high,0.1616022877,0.1970229915,0.03542070385,True,10,5.145070112e-06,1.656371566
complex,200,8,1600,1,45,doi_private_no_interference,spillover_control,0.110137319,0,-0.110137319,True,10,5.145070112e-06,1.656371566
complex,200,8,1600,1,45,doi_private_no_interference,spillover_treated,0.1731328632,0,-0.1731328632,True,10,5.145070112e-06,1.656371566
complex,200,8,1600,2,45,design_ht,direct_low,0.09860674353,0.00864132355,-0.08996541998,True,0,0,0
complex,200,8,1600,2,45,design_ht,direct_high,0.1616022877,0.1778254405,0.01622315282,True,0,0,0
complex,200,8,1600,2,45,design_ht,spillover_control,0.110137319,0.07940132263,-0.03073599641,True,0,0,0
complex,200,8,1600,2,45,design_ht,spillover_treated,0.1731328632,0.2485854396,0.0754525764,True,0,0,0
complex,200,8,1600,2,45,doi_nonprivate_generic,direct_low,0.09860674353,0.0957035328,-0.002903210728,True,75,0.003720987332,4.459615658
complex,200,8,1600,2,45,doi_nonprivate_generic,direct_high,0.1616022877,0.1558185942,-0.005783693496,True,75,0.003720987332,4.459615658
complex,200,8,1600,2,45,doi_nonprivate_generic,spillover_control,0.110137319,0.1176424504,0.007505131333,True,75,0.003720987332,4.459615658
complex,200,8,1600,2,45,doi_nonprivate_generic,spillover_treated,0.1731328632,0.1777575117,0.004624648565,True,75,0.003720987332,4.459615658
complex,200,8,1600,2,45,doi_private_generic,direct_low,0.09860674353,0.0258672518,-0.07273949174,True,72,0.002697212837,4.552854719
complex,200,8,1600,2,45,doi_private_generic,direct_high,0.1616022877,0.1054578879,-0.05614439977,True,72,0.002697212837,4.552854719
complex,200,8,1600,2,45,doi_private_generic,spillover_control,0.110137319,0.1153468264,0.005209507343,True,72,0.002697212837,4.552854719
complex,200,8,1600,2,45,doi_private_generic,spillover_treated,0.1731328632,0.1949374625,0.02180459931,True,72,0.002697212837,4.552854719
complex,200,8,1600,2,45,doi_private_no_interference,direct_low,0.09860674353,0.1663502426,0.06774349907,True,10,3.511718193e-05,1.010504431
complex,200,8,1600,2,45,doi_private_no_interference,direct_high,0.1616022877,0.1663502426,0.004747954927,True,10,3.511718193e-05,1.010504431
complex,200,8,1600,2,45,doi_private_no_interference,spillover_control,0.110137319,0,-0.110137319,True,10,3.511718193e-05,1.010504431
complex,200,8,1600,2,45,doi_private_no_interference,spillover_treated,0.1731328632,0,-0.1731328632,True,10,3.511718193e-05,1.010504431
complex,200,8,1600,0.5,46,design_ht,direct_low,0.09860674353,0.07290588016,-0.02570086337,True,0,0,0
complex,200,8,1600,0.5,46,design_ht,direct_high,0.1616022877,0.1361903661,-0.02541192156,True,0,0,0
complex,200,8,1600,0.5,46,design_ht,spillover_control,0.110137319,0.1312305843,0.02109326525,True,0,0,0
complex,200,8,1600,0.5,46,design_ht,spillover_treated,0.1731328632,0.1945150702,0.02138220706,True,0,0,0
complex,200,8,1600,0.5,46,doi_nonprivate_generic,direct_low,0.09860674353,0.09656153639,-0.002045207137,True,73,0.006565362107,4.548209453
complex,200,8,1600,0.5,46,doi_nonprivate_generic,direct_high,0.1616022877,0.1562378867,-0.005364400973,True,73,0.006565362107,4.548209453
complex,200,8,1600,0.5,46,doi_nonprivate_generic,spillover_control,0.110137319,0.116903056,0.006765736938,True,73,0.006565362107,4.548209453
complex,200,8,1600,0.5,46,doi_nonprivate_generic,spillover_treated,0.1731328632,0.1765794063,0.003446543103,True,73,0.006565362107,4.548209453
complex,200,8,1600,0.5,46,doi_private_generic,direct_low,0.09860674353,0.08615783448,-0.01244890905,True,35,0.001372635037,4.250653106
complex,200,8,1600,0.5,46,doi_private_generic,direct_high,0.1616022877,0.07196491776,-0.08963736992,True,35,0.001372635037,4.250653106
complex,200,8,1600,0.5,46,doi_private_generic,spillover_control,0.110137319,0.2518919454,0.1417546264,True,35,0.001372635037,4.250653106
complex,200,8,1600,0.5,46,doi_private_generic,spillover_treated,0.1731328632,0.2376990287,0.0645661655,True,35,0.001372635037,4.250653106
complex,200,8,1600,0.5,46,doi_private_no_interference,direct_low,0.09860674353,0.2356810661,0.1370743225,True,11,7.958341791e-06,1.921546631
complex,200,8,1600,0.5,46,doi_private_no_interference,direct_high,0.1616022877,0.2356810661,0.07407877839,True,11,7.958341791e-06,1.921546631
complex,200,8,1600,0.5,46,doi_private_no_interference,spillover_control,0.110137319,0,-0.110137319,True,11,7.958341791e-06,1.921546631
complex,200,8,1600,0.5,46,doi_private_no_interference,spillover_treated,0.1731328632,0,-0.1731328632,True,11,7.958341791e-06,1.921546631
complex,200,8,1600,1,46,design_ht,direct_low,0.09860674353,-0.06144985442,-0.1600565979,True,0,0,0
complex,200,8,1600,1,46,design_ht,direct_high,0.1616022877,0.3106068223,0.1490045346,True,0,0,0
complex,200,8,1600,1,46,design_ht,spillover_control,0.110137319,-0.1322492721,-0.2423865911,True,0,0,0
complex,200,8,1600,1,46,design_ht,spillover_treated,0.1731328632,0.2398074046,0.06667454145,True,0,0,0
complex,200,8,1600,1,46,doi_nonprivate_generic,direct_low,0.09860674353,0.09656153639,-0.002045207137,True,73,0.006565362107,4.548209453
complex,200,8,1600,1,46,doi_nonprivate_generic,direct_high,0.1616022877,0.1562378867,-0.005364400973,True,73,0.006565362107,4.548209453
complex,200,8,1600,1,46,doi_nonprivate_generic,spillover_control,0.110137319,0.116903056,0.006765736938,True,73,0.006565362107,4.548209453
complex,200,8,1600,1,46,doi_nonprivate_generic,spillover_treated,0.1731328632,0.1765794063,0.003446543103,True,73,0.006565362107,4.548209453
complex,200,8,1600,1,46,doi_private_generic,direct_low,0.09860674353,-0.007873830452,-0.106480574,True,68,0.006936901549,6.106385314
complex,200,8,1600,1,46,doi_private_generic,direct_high,0.1616022877,0.2403985332,0.07879624553,True,68,0.006936901549,6.106385314
complex,200,8,1600,1,46,doi_private_generic,spillover_control,0.110137319,-0.01988466166,-0.1300219807,True,68,0.006936901549,6.106385314
complex,200,8,1600,1,46,doi_private_generic,spillover_treated,0.1731328632,0.228387702,0.05525483881,True,68,0.006936901549,6.106385314
complex,200,8,1600,1,46,doi_private_no_interference,direct_low,0.09860674353,0.1881258349,0.08951909135,True,9,0.0001053420847,1.984847414
complex,200,8,1600,1,46,doi_private_no_interference,direct_high,0.1616022877,0.1881258349,0.02652354721,True,9,0.0001053420847,1.984847414
complex,200,8,1600,1,46,doi_private_no_interference,spillover_control,0.110137319,0,-0.110137319,True,9,0.0001053420847,1.984847414
complex,200,8,1600,1,46,doi_private_no_interference,spillover_treated,0.1731328632,0,-0.1731328632,True,9,0.0001053420847,1.984847414
complex,200,8,1600,2,46,design_ht,direct_low,0.09860674353,0.006861029008,-0.09174571452,True,0,0,0
complex,200,8,1600,2,46,design_ht,direct_high,0.1616022877,0.2171592636,0.05555697591,True,0,0,0
complex,200,8,1600,2,46,design_ht,spillover_control,0.110137319,-0.03688897099,-0.14702629,True,0,0,0
complex,200,8,1600,2,46,design_ht,spillover_treated,0.1731328632,0.1734092636,0.0002764004057,True,0,0,0
complex,200,8,1600,2,46,doi_nonprivate_generic,direct_low,0.09860674353,0.09656153639,-0.002045207137,True,73,0.006565362107,4.548209453
complex,200,8,1600,2,46,doi_nonprivate_generic,direct_high,0.1616022877,0.1562378867,-0.005364400973,True,73,0.006565362107,4.548209453
complex,200,8,1600,2,46,doi_nonprivate_generic,spillover_control,0.110137319,0.116903056,0.006765736938,True,73,0.006565362107,4.548209453
complex,200,8,1600,2,46,doi_nonprivate_generic,spillover_treated,0.1731328632,0.1765794063,0.003446543103,True,73,0.006565362107,4.548209453
complex,200,8,1600,2,46,doi_private_generic,direct_low,0.09860674353,0.04958555285,-0.04902119068,True,59,0.003703888766,2.350385852
complex,200,8,1600,2,46,doi_private_generic,direct_high,0.1616022877,0.1457094251,-0.01589286255,True,59,0.003703888766,2.350385852
complex,200,8,1600,2,46,doi_private_generic,spillover_control,0.110137319,0.07777203765,-0.03236528138,True,59,0.003703888766,2.350385852
complex,200,8,1600,2,46,doi_private_generic,spillover_treated,0.1731328632,0.1738959099,0.0007630467411,True,59,0.003703888766,2.350385852
complex,200,8,1600,2,46,doi_private_no_interference,direct_low,0.09860674353,0.1808093863,0.08220264281,True,10,0.0001416675112,1.110973318
complex,200,8,1600,2,46,doi_private_no_interference,direct_high,0.1616022877,0.1808093863,0.01920709867,True,10,0.0001416675112,1.110973318
complex,200,8,1600,2,46,doi_private_no_interference,spillover_control,0.110137319,0,-0.110137319,True,10,0.0001416675112,1.110973318
complex,200,8,1600,2,46,doi_private_no_interference,spillover_treated,0.1731328632,0,-0.1731328632,True,10,0.0001416675112,1.110973318
complex,200,8,1600,0.5,47,design_ht,direct_low,0.09860674353,-0.4296486686,-0.5282554121,True,0,0,0
complex,200,8,1600,0.5,47,design_ht,direct_high,0.1616022877,0.2485412814,0.08693899371,True,0,0,0
complex,200,8,1600,0.5,47,design_ht,spillover_control,0.110137319,-0.06144323222,-0.1715805513,True,0,0,0
complex,200,8,1600,0.5,47,design_ht,spillover_treated,0.1731328632,0.6167467177,0.4436138546,True,0,0,0
complex,200,8,1600,0.5,47,doi_nonprivate_generic,direct_low,0.09860674353,0.0997324631,0.001125719571,True,62,0.005443992646,4.535912241
complex,200,8,1600,0.5,47,doi_nonprivate_generic,direct_high,0.1616022877,0.1562026536,-0.005399634031,True,62,0.005443992646,4.535912241
complex,200,8,1600,0.5,47,doi_nonprivate_generic,spillover_control,0.110137319,0.1153241929,0.00518687386,True,62,0.005443992646,4.535912241
complex,200,8,1600,0.5,47,doi_nonprivate_generic,spillover_treated,0.1731328632,0.1717943834,-0.001338479743,True,62,0.005443992646,4.535912241
complex,200,8,1600,0.5,47,doi_private_generic,direct_low,0.09860674353,-0.3457434694,-0.4443502129,True,47,0.0006406890752,7.104686094
complex,200,8,1600,0.5,47,doi_private_generic,direct_high,0.1616022877,0.2653131861,0.1037108984,True,47,0.0006406890752,7.104686094
complex,200,8,1600,0.5,47,doi_private_generic,spillover_control,0.110137319,-0.07342413116,-0.1835614502,True,47,0.0006406890752,7.104686094
complex,200,8,1600,0.5,47,doi_private_generic,spillover_treated,0.1731328632,0.5376325243,0.3644996611,True,47,0.0006406890752,7.104686094
complex,200,8,1600,0.5,47,doi_private_no_interference,direct_low,0.09860674353,0.05521489655,-0.04339184698,True,8,0.0001312361664,0.7990781796
complex,200,8,1600,0.5,47,doi_private_no_interference,direct_high,0.1616022877,0.05521489655,-0.1063873911,True,8,0.0001312361664,0.7990781796
complex,200,8,1600,0.5,47,doi_private_no_interference,spillover_control,0.110137319,0,-0.110137319,True,8,0.0001312361664,0.7990781796
complex,200,8,1600,0.5,47,doi_private_no_interference,spillover_treated,0.1731328632,0,-0.1731328632,True,8,0.0001312361664,0.7990781796
complex,200,8,1600,1,47,design_ht,direct_low,0.09860674353,0.04321220884,-0.0553945347,True,0,0,0
complex,200,8,1600,1,47,design_ht,direct_high,0.1616022877,0.09485282882,-0.06674945885,True,0,0,0
complex,200,8,1600,1,47,design_ht,spillover_control,0.110137319,0.2253851707,0.1152478516,True,0,0,0
complex,200,8,1600,1,47,design_ht,spillover_treated,0.1731328632,0.2770257907,0.1038929275,True,0,0,0
complex,200,8,1600,1,47,doi_nonprivate_generic,direct_low,0.09860674353,0.0997324631,0.001125719571,True,62,0.005443992646,4.535912241
complex,200,8,1600,1,47,doi_nonprivate_generic,direct_high,0.1616022877,0.1562026536,-0.005399634031,True,62,0.005443992646,4.535912241
complex,200,8,1600,1,47,doi_nonprivate_generic,spillover_control,0.110137319,0.1153241929,0.00518687386,True,62,0.005443992646,4.535912241
complex,200,8,1600,1,47,doi_nonprivate_generic,spillover_treated,0.1731328632,0.1717943834,-0.001338479743,True,62,0.005443992646,4.535912241
complex,200,8,1600,1,47,doi_private_generic,direct_low,0.09860674353,0.07817645086,-0.02043029267,True,59,0.001554348075,2.162160986
complex,200,8,1600,1,47,doi_private_generic,direct_high,0.1616022877,0.1249875892,-0.03661469849,True,59,0.001554348075,2.162160986
complex,200,8,1600,1,47,doi_private_generic,spillover_control,0.110137319,0.1453780402,0.03524072119,True,59,0.001554348075,2.162160986
complex,200,8,1600,1,47,doi_private_generic,spillover_treated,0.1731328632,0.1921891785,0.01905631537,True,59,0.001554348075,2.162160986
complex,200,8,1600,1,47,doi_private_no_interference,direct_low,0.09860674353,0.1973578942,0.09875115068,True,10,5.396690881e-06,1.383016387
complex,200,8,1600,1,47,doi_private_no_interference,direct_high,0.1616022877,0.1973578942,0.03575560653,True,10,5.396690881e-06,1.383016387
complex,200,8,1600,1,47,doi_private_no_interference,spillover_control,0.110137319,0,-0.110137319,True,10,5.396690881e-06,1.383016387
complex,200,8,1600,1,47,doi_private_no_interference,spillover_treated,0.1731328632,0,-0.1731328632,True,10,5.396690881e-06,1.383016387
complex,200,8,1600,2,47,design_ht,direct_low,0.09860674353,0.01532617656,-0.08328056697,True,0,0,0
complex,200,8,1600,2,47,design_ht,direct_high,0.1616022877,0.06108617565,-0.100516112,True,0,0,0
complex,200,8,1600,2,47,design_ht,spillover_control,0.110137319,0.2833685283,0.1732312093,True,0,0,0
complex,200,8,1600,2,47,design_ht,spillover_treated,0.1731328632,0.3291285274,0.1559956642,True,0,0,0
complex,200,8,1600,2,47,doi_nonprivate_generic,direct_low,0.09860674353,0.0997324631,0.001125719571,True,62,0.005443992646,4.535912241
complex,200,8,1600,2,47,doi_nonprivate_generic,direct_high,0.1616022877,0.1562026536,-0.005399634031,True,62,0.005443992646,4.535912241
complex,200,8,1600,2,47,doi_nonprivate_generic,spillover_control,0.110137319,0.1153241929,0.00518687386,True,62,0.005443992646,4.535912241
complex,200,8,1600,2,47,doi_nonprivate_generic,spillover_treated,0.1731328632,0.1717943834,-0.001338479743,True,62,0.005443992646,4.535912241
complex,200,8,1600,2,47,doi_private_generic,direct_low,0.09860674353,0.04119454078,-0.05741220275,True,72,0.003898658973,2.959023136
complex,200,8,1600,2,47,doi_private_generic,direct_high,0.1616022877,0.08866381589,-0.07293847179,True,72,0.003898658973,2.959023136
complex,200,8,1600,2,47,doi_private_generic,spillover_control,0.110137319,0.2173366642,0.1071993452,True,72,0.003898658973,2.959023136
complex,200,8,1600,2,47,doi_private_generic,spillover_treated,0.1731328632,0.2648059393,0.09167307614,True,72,0.003898658973,2.959023136
complex,200,8,1600,2,47,doi_private_no_interference,direct_low,0.09860674353,0.2020569494,0.1034502059,True,10,3.029144614e-05,1.552779684
complex,200,8,1600,2,47,doi_private_no_interference,direct_high,0.1616022877,0.2020569494,0.04045466175,True,10,3.029144614e-05,1.552779684
complex,200,8,1600,2,47,doi_private_no_interference,spillover_control,0.110137319,0,-0.110137319,True,10,3.029144614e-05,1.552779684
complex,200,8,1600,2,47,doi_private_no_interference,spillover_treated,0.1731328632,0,-0.1731328632,True,10,3.029144614e-05,1.552779684
complex,200,8,1600,0.5,48,design_ht,direct_low,0.09860674353,0.08886476054,-0.009741982996,True,0,0,0
complex,200,8,1600,0.5,48,design_ht,direct_high,0.1616022877,0.1108694295,-0.05073285813,True,0,0,0
complex,200,8,1600,0.5,48,design_ht,spillover_control,0.110137319,0.2997828448,0.1896455258,True,0,0,0
complex,200,8,1600,0.5,48,design_ht,spillover_treated,0.1731328632,0.3217875138,0.1486546506,True,0,0,0
complex,200,8,1600,0.5,48,doi_nonprivate_generic,direct_low,0.09860674353,0.09938349759,0.0007767540552,True,81,0.00286423776,4.49044924
complex,200,8,1600,0.5,48,doi_nonprivate_generic,direct_high,0.1616022877,0.1574883011,-0.004113986609,True,81,0.00286423776,4.49044924
complex,200,8,1600,0.5,48,doi_nonprivate_generic,spillover_control,0.110137319,0.116084151,0.005946831931,True,81,0.00286423776,4.49044924
complex,200,8,1600,0.5,48,doi_nonprivate_generic,spillover_treated,0.1731328632,0.1741889544,0.001056091267,True,81,0.00286423776,4.49044924
complex,200,8,1600,0.5,48,doi_private_generic,direct_low,0.09860674353,-0.06119382473,-0.1598005683,True,37,0.0008323221695,2.997991809
complex,200,8,1600,0.5,48,doi_private_generic,direct_high,0.1616022877,0.1790933574,0.01749106971,True,37,0.0008323221695,2.997991809
complex,200,8,1600,0.5,48,doi_private_generic,spillover_control,0.110137319,0.1175593119,0.007421992821,True,37,0.0008323221695,2.997991809
complex,200,8,1600,0.5,48,doi_private_generic,spillover_treated,0.1731328632,0.357846494,0.1847136308,True,37,0.0008323221695,2.997991809
complex,200,8,1600,0.5,48,doi_private_no_interference,direct_low,0.09860674353,0.1898173247,0.09121058117,True,9,1.826844688e-05,0.9446110177
complex,200,8,1600,0.5,48,doi_private_no_interference,direct_high,0.1616022877,0.1898173247,0.02821503703,True,9,1.826844688e-05,0.9446110177
complex,200,8,1600,0.5,48,doi_private_no_interference,spillover_control,0.110137319,0,-0.110137319,True,9,1.826844688e-05,0.9446110177
complex,200,8,1600,0.5,48,doi_private_no_interference,spillover_treated,0.1731328632,0,-0.1731328632,True,9,1.826844688e-05,0.9446110177
complex,200,8,1600,1,48,design_ht,direct_low,0.09860674353,-0.03620730046,-0.134814044,True,0,0,0
complex,200,8,1600,1,48,design_ht,direct_high,0.1616022877,0.1822883321,0.02068604441,True,0,0,0
complex,200,8,1600,1,48,design_ht,spillover_control,0.110137319,0.1479133321,0.03777601304,True,0,0,0
complex,200,8,1600,1,48,design_ht,spillover_treated,0.1731328632,0.3664089646,0.1932761014,True,0,0,0
complex,200,8,1600,1,48,doi_nonprivate_generic,direct_low,0.09860674353,0.09938349759,0.0007767540552,True,81,0.00286423776,4.49044924
complex,200,8,1600,1,48,doi_nonprivate_generic,direct_high,0.1616022877,0.1574883011,-0.004113986609,True,81,0.00286423776,4.49044924
complex,200,8,1600,1,48,doi_nonprivate_generic,spillover_control,0.110137319,0.116084151,0.005946831931,True,81,0.00286423776,4.49044924
complex,200,8,1600,1,48,doi_nonprivate_generic,spillover_treated,0.1731328632,0.1741889544,0.001056091267,True,81,0.00286423776,4.49044924
complex,200,8,1600,1,48,doi_private_generic,direct_low,0.09860674353,-0.04555609875,-0.1441628423,True,62,0.001673184416,4.563992445
complex,200,8,1600,1,48,doi_private_generic,direct_high,0.1616022877,0.04778025985,-0.1138220278,True,62,0.001673184416,4.563992445
complex,200,8,1600,1,48,doi_private_generic,spillover_control,0.110137319,0.1769985082,0.0668611892,True,62,0.001673184416,4.563992445
complex,200,8,1600,1,48,doi_private_generic,spillover_treated,0.1731328632,0.2703348668,0.09720200366,True,62,0.001673184416,4.563992445
complex,200,8,1600,1,48,doi_private_no_interference,direct_low,0.09860674353,0.1422124171,0.04360567361,True,9,8.375930467e-05,1.40279451
complex,200,8,1600,1,48,doi_private_no_interference,direct_high,0.1616022877,0.1422124171,-0.01938987053,True,9,8.375930467e-05,1.40279451
complex,200,8,1600,1,48,doi_private_no_interference,spillover_control,0.110137319,0,-0.110137319,True,9,8.375930467e-05,1.40279451
complex,200,8,1600,1,48,doi_private_no_interference,spillover_treated,0.1731328632,0,-0.1731328632,True,9,8.375930467e-05,1.40279451
complex,200,8,1600,2,48,design_ht,direct_low,0.09860674353,0.02425294141,-0.07435380212,True,0,0,0
complex,200,8,1600,2,48,design_ht,direct_high,0.1616022877,0.3537754394,0.1921731517,True,0,0,0
complex,200,8,1600,2,48,design_ht,spillover_control,0.110137319,0.06294823515,-0.04718908389,True,0,0,0
complex,200,8,1600,2,48,design_ht,spillover_treated,0.1731328632,0.3924707331,0.2193378699,True,0,0,0
complex,200,8,1600,2,48,doi_nonprivate_generic,direct_low,0.09860674353,0.09938349759,0.0007767540552,True,81,0.00286423776,4.49044924
complex,200,8,1600,2,48,doi_nonprivate_generic,direct_high,0.1616022877,0.1574883011,-0.004113986609,True,81,0.00286423776,4.49044924
complex,200,8,1600,2,48,doi_nonprivate_generic,spillover_control,0.110137319,0.116084151,0.005946831931,True,81,0.00286423776,4.49044924
complex,200,8,1600,2,48,doi_nonprivate_generic,spillover_treated,0.1731328632,0.1741889544,0.001056091267,True,81,0.00286423776,4.49044924
complex,200,8,1600,2,48,doi_private_generic,direct_low,0.09860674353,0.07120698509,-0.02739975844,True,72,0.004594569671,2.467661131
complex,200,8,1600,2,48,doi_private_generic,direct_high,0.1616022877,0.2187579268,0.05715563909,True,72,0.004594569671,2.467661131
complex,200,8,1600,2,48,doi_private_generic,spillover_control,0.110137319,0.08460745674,-0.0255298623,True,72,0.004594569671,2.467661131
complex,200,8,1600,2,48,doi_private_generic,spillover_treated,0.1731328632,0.2321583984,0.05902553523,True,72,0.004594569671,2.467661131
complex,200,8,1600,2,48,doi_private_no_interference,direct_low,0.09860674353,0.2478185953,0.1492118518,True,12,1.435741871e-06,1.902439692
complex,200,8,1600,2,48,doi_private_no_interference,direct_high,0.1616022877,0.2478185953,0.08621630762,True,12,1.435741871e-06,1.902439692
complex,200,8,1600,2,48,doi_private_no_interference,spillover_control,0.110137319,0,-0.110137319,True,12,1.435741871e-06,1.902439692
complex,200,8,1600,2,48,doi_private_no_interference,spillover_treated,0.1731328632,0,-0.1731328632,True,12,1.435741871e-06,1.902439692
complex,200,8,1600,0.5,49,design_ht,direct_low,0.09860674353,0.002612795873,-0.09599394766,True,0,0,0
complex,200,8,1600,0.5,49,design_ht,direct_high,0.1616022877,0.1498573872,-0.01174490049,True,0,0,0
complex,200,8,1600,0.5,49,design_ht,spillover_control,0.110137319,0.02395617603,-0.08618114301,True,0,0,0
complex,200,8,1600,0.5,49,design_ht,spillover_treated,0.1731328632,0.1712007673,-0.001932095842,True,0,0,0
complex,200,8,1600,0.5,49,doi_nonprivate_generic,direct_low,0.09860674353,0.09953469667,0.000927953138,True,88,0.001990721407,4.615708791
complex,200,8,1600,0.5,49,doi_nonprivate_generic,direct_high,0.1616022877,0.1583458255,-0.003256462186,True,88,0.001990721407,4.615708791
complex,200,8,1600,0.5,49,doi_nonprivate_generic,spillover_control,0.110137319,0.1126731564,0.002535837341,True,88,0.001990721407,4.615708791
complex,200,8,1600,0.5,49,doi_nonprivate_generic,spillover_treated,0.1731328632,0.1714842852,-0.001648577984,True,88,0.001990721407,4.615708791
complex,200,8,1600,0.5,49,doi_private_generic,direct_low,0.09860674353,-0.05511571865,-0.1537224622,True,39,0.001852024213,2.073902354
complex,200,8,1600,0.5,49,doi_private_generic,direct_high,0.1616022877,0.09937003581,-0.06223225186,True,39,0.001852024213,2.073902354
complex,200,8,1600,0.5,49,doi_private_generic,spillover_control,0.110137319,0.1271494204,0.01701210139,True,39,0.001852024213,2.073902354
complex,200,8,1600,0.5,49,doi_private_generic,spillover_treated,0.1731328632,0.2816351749,0.1085023117,True,39,0.001852024213,2.073902354
complex,200,8,1600,0.5,49,doi_private_no_interference,direct_low,0.09860674353,0.1162239297,0.01761718613,True,9,9.430011693e-06,1.123551117
complex,200,8,1600,0.5,49,doi_private_no_interference,direct_high,0.1616022877,0.1162239297,-0.04537835801,True,9,9.430011693e-06,1.123551117
complex,200,8,1600,0.5,49,doi_private_no_interference,spillover_control,0.110137319,0,-0.110137319,True,9,9.430011693e-06,1.123551117
complex,200,8,1600,0.5,49,doi_private_no_interference,spillover_treated,0.1731328632,0,-0.1731328632,True,9,9.430011693e-06,1.123551117
complex,200,8,1600,1,49,design_ht,direct_low,0.09860674353,0.2636028288,0.1649960853,True,0,0,0
complex,200,8,1600,1,49,design_ht,direct_high,0.1616022877,0.2026144553,0.04101216765,True,0,0,0
complex,200,8,1600,1,49,design_ht,spillover_control,0.110137319,0.1032539935,-0.006883325562,True,0,0,0
complex,200,8,1600,1,49,design_ht,spillover_treated,0.1731328632,0.04226561999,-0.1308672432,True,0,0,0
complex,200,8,1600,1,49,doi_nonprivate_generic,direct_low,0.09860674353,0.09953469667,0.000927953138,True,88,0.001990721407,4.615708791
complex,200,8,1600,1,49,doi_nonprivate_generic,direct_high,0.1616022877,0.1583458255,-0.003256462186,True,88,0.001990721407,4.615708791
complex,200,8,1600,1,49,doi_nonprivate_generic,spillover_control,0.110137319,0.1126731564,0.002535837341,True,88,0.001990721407,4.615708791
complex,200,8,1600,1,49,doi_nonprivate_generic,spillover_treated,0.1731328632,0.1714842852,-0.001648577984,True,88,0.001990721407,4.615708791
complex,200,8,1600,1,49,doi_private_generic,direct_low,0.09860674353,0.1600259191,0.06141917555,True,83,0.001719151129,4.261699014
complex,200,8,1600,1,49,doi_private_generic,direct_high,0.1616022877,0.2168976067,0.05529531903,True,83,0.001719151129,4.261699014
complex,200,8,1600,1,49,doi_private_generic,spillover_control,0.110137319,0.1053799145,-0.004757404519,True,83,0.001719151129,4.261699014
complex,200,8,1600,1,49,doi_private_generic,spillover_treated,0.1731328632,0.1622516021,-0.01088126104,True,83,0.001719151129,4.261699014
complex,200,8,1600,1,49,doi_private_no_interference,direct_low,0.09860674353,0.2589011765,0.1602944329,True,10,0.0002915555154,1.606315792
complex,200,8,1600,1,49,doi_private_no_interference,direct_high,0.1616022877,0.2589011765,0.09729888878,True,10,0.0002915555154,1.606315792
complex,200,8,1600,1,49,doi_private_no_interference,spillover_control,0.110137319,0,-0.110137319,True,10,0.0002915555154,1.606315792
complex,200,8,1600,1,49,doi_private_no_interference,spillover_treated,0.1731328632,0,-0.1731328632,True,10,0.0002915555154,1.606315792
complex,200,8,1600,2,49,design_ht,direct_low,0.09860674353,0.2462491167,0.1476423732,True,0,0,0
complex,200,8,1600,2,49,design_ht,direct_high,0.1616022877,0.1467382344,-0.01486405332,True,0,0,0
complex,200,8,1600,2,49,design_ht,spillover_control,0.110137319,0.1071732346,-0.002964084459,True,0,0,0
complex,200,8,1600,2,49,design_ht,spillover_treated,0.1731328632,0.007662352214,-0.165470511,True,0,0,0
complex,200,8,1600,2,49,doi_nonprivate_generic,direct_low,0.09860674353,0.09953469667,0.000927953138,True,88,0.001990721407,4.615708791
complex,200,8,1600,2,49,doi_nonprivate_generic,direct_high,0.1616022877,0.1583458255,-0.003256462186,True,88,0.001990721407,4.615708791
complex,200,8,1600,2,49,doi_nonprivate_generic,spillover_control,0.110137319,0.1126731564,0.002535837341,True,88,0.001990721407,4.615708791
complex,200,8,1600,2,49,doi_nonprivate_generic,spillover_treated,0.1731328632,0.1714842852,-0.001648577984,True,88,0.001990721407,4.615708791
complex,200,8,1600,2,49,doi_private_generic,direct_low,0.09860674353,0.1324983321,0.03389158854,True,74,0.001599037982,7.357811837
complex,200,8,1600,2,49,doi_private_generic,direct_high,0.1616022877,0.1522388329,-0.009363454777,True,74,0.001599037982,7.357811837
complex,200,8,1600,2,49,doi_private_generic,spillover_control,0.110137319,0.1207802721,0.01064295308,True,74,0.001599037982,7.357811837
complex,200,8,1600,2,49,doi_private_generic,spillover_treated,0.1731328632,0.1405207729,-0.03261209023,True,74,0.001599037982,7.357811837
complex,200,8,1600,2,49,doi_private_no_interference,direct_low,0.09860674353,0.2126864092,0.1140796656,True,10,1.040032792e-05,1.477363908
complex,200,8,1600,2,49,doi_private_no_interference,direct_high,0.1616022877,0.2126864092,0.05108412149,True,10,1.040032792e-05,1.477363908
complex,200,8,1600,2,49,doi_private_no_interference,spillover_control,0.110137319,0,-0.110137319,True,10,1.040032792e-05,1.477363908
complex,200,8,1600,2,49,doi_private_no_interference,spillover_treated,0.1731328632,0,-0.1731328632,True,10,1.040032792e-05,1.477363908
complex,200,8,1600,0.5,50,design_ht,direct_low,0.09860674353,0.09803554917,-0.0005711943652,True,0,0,0
complex,200,8,1600,0.5,50,design_ht,direct_high,0.1616022877,0.02362876756,-0.1379735201,True,0,0,0
complex,200,8,1600,0.5,50,design_ht,spillover_control,0.110137319,0.3930692954,0.2829319764,True,0,0,0
complex,200,8,1600,0.5,50,design_ht,spillover_treated,0.1731328632,0.3186625138,0.1455296506,True,0,0,0
complex,200,8,1600,0.5,50,doi_nonprivate_generic,direct_low,0.09860674353,0.1027492131,0.004142469593,True,88,0.001547594675,4.627374696
complex,200,8,1600,0.5,50,doi_nonprivate_generic,direct_high,0.1616022877,0.1579378225,-0.00366446519,True,88,0.001547594675,4.627374696
complex,200,8,1600,0.5,50,doi_nonprivate_generic,spillover_control,0.110137319,0.1155199728,0.005382653718,True,88,0.001547594675,4.627374696
complex,200,8,1600,0.5,50,doi_nonprivate_generic,spillover_treated,0.1731328632,0.1707085821,-0.002424281066,True,88,0.001547594675,4.627374696
complex,200,8,1600,0.5,50,doi_private_generic,direct_low,0.09860674353,0.03202108425,-0.06658565928,True,47,0.0002118914217,4.776097322
complex,200,8,1600,0.5,50,doi_private_generic,direct_high,0.1616022877,0.1846173742,0.02301508654,True,47,0.0002118914217,4.776097322
complex,200,8,1600,0.5,50,doi_private_generic,spillover_control,0.110137319,0.1876608373,0.07752351821,True,47,0.0002118914217,4.776097322
complex,200,8,1600,0.5,50,doi_private_generic,spillover_treated,0.1731328632,0.3402571272,0.167124264,True,47,0.0002118914217,4.776097322
complex,200,8,1600,0.5,50,doi_private_no_interference,direct_low,0.09860674353,0.2685456635,0.1699389199,True,11,4.285108986e-06,1.603129857
complex,200,8,1600,0.5,50,doi_private_no_interference,direct_high,0.1616022877,0.2685456635,0.1069433758,True,11,4.285108986e-06,1.603129857
complex,200,8,1600,0.5,50,doi_private_no_interference,spillover_control,0.110137319,0,-0.110137319,True,11,4.285108986e-06,1.603129857
complex,200,8,1600,0.5,50,doi_private_no_interference,spillover_treated,0.1731328632,0,-0.1731328632,True,11,4.285108986e-06,1.603129857
complex,200,8,1600,1,50,design_ht,direct_low,0.09860674353,-0.09341751255,-0.1920242561,True,0,0,0
complex,200,8,1600,1,50,design_ht,direct_high,0.1616022877,0.09919421813,-0.06240806955,True,0,0,0
complex,200,8,1600,1,50,design_ht,spillover_control,0.110137319,0.1267169302,0.01657961118,True,0,0,0
complex,200,8,1600,1,50,design_ht,spillover_treated,0.1731328632,0.3193286609,0.1461957977,True,0,0,0
complex,200,8,1600,1,50,doi_nonprivate_generic,direct_low,0.09860674353,0.1027492131,0.004142469593,True,88,0.001547594675,4.627374696
complex,200,8,1600,1,50,doi_nonprivate_generic,direct_high,0.1616022877,0.1579378225,-0.00366446519,True,88,0.001547594675,4.627374696
complex,200,8,1600,1,50,doi_nonprivate_generic,spillover_control,0.110137319,0.1155199728,0.005382653718,True,88,0.001547594675,4.627374696
complex,200,8,1600,1,50,doi_nonprivate_generic,spillover_treated,0.1731328632,0.1707085821,-0.002424281066,True,88,0.001547594675,4.627374696
complex,200,8,1600,1,50,doi_private_generic,direct_low,0.09860674353,-0.06592656117,-0.1645333047,True,71,0.00198706024,3.296341849
complex,200,8,1600,1,50,doi_private_generic,direct_high,0.1616022877,0.06407911253,-0.09752317515,True,71,0.00198706024,3.296341849
complex,200,8,1600,1,50,doi_private_generic,spillover_control,0.110137319,0.1640870821,0.05394976303,True,71,0.00198706024,3.296341849
complex,200,8,1600,1,50,doi_private_generic,spillover_treated,0.1731328632,0.2940927558,0.1209598926,True,71,0.00198706024,3.296341849
complex,200,8,1600,1,50,doi_private_no_interference,direct_low,0.09860674353,0.1383752658,0.03976852224,True,10,8.656864353e-06,1.078743193
complex,200,8,1600,1,50,doi_private_no_interference,direct_high,0.1616022877,0.1383752658,-0.02322702191,True,10,8.656864353e-06,1.078743193
complex,200,8,1600,1,50,doi_private_no_interference,spillover_control,0.110137319,0,-0.110137319,True,10,8.656864353e-06,1.078743193
complex,200,8,1600,1,50,doi_private_no_interference,spillover_treated,0.1731328632,0,-0.1731328632,True,10,8.656864353e-06,1.078743193
complex,200,8,1600,2,50,design_ht,direct_low,0.09860674353,0.03792073481,-0.06068600872,True,0,0,0
complex,200,8,1600,2,50,design_ht,direct_high,0.1616022877,0.2373624983,0.07576021061,True,0,0,0
complex,200,8,1600,2,50,design_ht,spillover_control,0.110137319,0.1283554406,0.01821812157,True,0,0,0
complex,200,8,1600,2,50,design_ht,spillover_treated,0.1731328632,0.3277972041,0.1546643409,True,0,0,0
complex,200,8,1600,2,50,doi_nonprivate_generic,direct_low,0.09860674353,0.1027492131,0.004142469593,True,88,0.001547594675,4.627374696
complex,200,8,1600,2,50,doi_nonprivate_generic,direct_high,0.1616022877,0.1579378225,-0.00366446519,True,88,0.001547594675,4.627374696
complex,200,8,1600,2,50,doi_nonprivate_generic,spillover_control,0.110137319,0.1155199728,0.005382653718,True,88,0.001547594675,4.627374696
complex,200,8,1600,2,50,doi_nonprivate_generic,spillover_treated,0.1731328632,0.1707085821,-0.002424281066,True,88,0.001547594675,4.627374696
complex,200,8,1600,2,50,doi_private_generic,direct_low,0.09860674353,0.1149659279,0.01635918439,True,78,0.0005959631204,2.757874304
complex,200,8,1600,2,50,doi_private_generic,direct_high,0.1616022877,0.2368559496,0.07525366189,True,78,0.0005959631204,2.757874304
complex,200,8,1600,2,50,doi_private_generic,spillover_control,0.110137319,0.09778543945,-0.01235187959,True,78,0.0005959631204,2.757874304
complex,200,8,1600,2,50,doi_private_generic,spillover_treated,0.1731328632,0.2196754611,0.04654259792,True,78,0.0005959631204,2.757874304
complex,200,8,1600,2,50,doi_private_no_interference,direct_low,0.09860674353,0.2754878957,0.1768811522,True,10,0.0001101451762,1.582415506
complex,200,8,1600,2,50,doi_private_no_interference,direct_high,0.1616022877,0.2754878957,0.113885608,True,10,0.0001101451762,1.582415506
complex,200,8,1600,2,50,doi_private_no_interference,spillover_control,0.110137319,0,-0.110137319,True,10,0.0001101451762,1.582415506
complex,200,8,1600,2,50,doi_private_no_interference,spillover_treated,0.1731328632,0,-0.1731328632,True,10,0.0001101451762,1.582415506
complex,200,8,1600,0.5,51,design_ht,direct_low,0.09860674353,-0.04107560558,-0.1396823491,True,0,0,0
complex,200,8,1600,0.5,51,design_ht,direct_high,0.1616022877,-0.2176251618,-0.3792274494,True,0,0,0
complex,200,8,1600,0.5,51,design_ht,spillover_control,0.110137319,0.2536858589,0.1435485398,True,0,0,0
complex,200,8,1600,0.5,51,design_ht,spillover_treated,0.1731328632,0.07713630268,-0.0959965605,True,0,0,0
complex,200,8,1600,0.5,51,doi_nonprivate_generic,direct_low,0.09860674353,0.09623842154,-0.002368321987,True,71,0.0086963683,4.589308015
complex,200,8,1600,0.5,51,doi_nonprivate_generic,direct_high,0.1616022877,0.1575500431,-0.004052244595,True,71,0.0086963683,4.589308015
complex,200,8,1600,0.5,51,doi_nonprivate_generic,spillover_control,0.110137319,0.11460217,0.004464850976,True,71,0.0086963683,4.589308015
complex,200,8,1600,0.5,51,doi_nonprivate_generic,spillover_treated,0.1731328632,0.1759137916,0.002780928369,True,71,0.0086963683,4.589308015
complex,200,8,1600,0.5,51,doi_private_generic,direct_low,0.09860674353,-0.03530359941,-0.1339103429,True,56,0.0008550463474,4.715007716
complex,200,8,1600,0.5,51,doi_private_generic,direct_high,0.1616022877,-0.2030746053,-0.3646768929,True,56,0.0008550463474,4.715007716
complex,200,8,1600,0.5,51,doi_private_generic,spillover_control,0.110137319,0.2516178025,0.1414804835,True,56,0.0008550463474,4.715007716
complex,200,8,1600,0.5,51,doi_private_generic,spillover_treated,0.1731328632,0.08384679664,-0.08928606654,True,56,0.0008550463474,4.715007716
complex,200,8,1600,0.5,51,doi_private_no_interference,direct_low,0.09860674353,-0.01004140847,-0.108648152,True,10,1.438692245e-05,0.3718040612
complex,200,8,1600,0.5,51,doi_private_no_interference,direct_high,0.1616022877,-0.01004140847,-0.1716436961,True,10,1.438692245e-05,0.3718040612
complex,200,8,1600,0.5,51,doi_private_no_interference,spillover_control,0.110137319,0,-0.110137319,True,10,1.438692245e-05,0.3718040612
complex,200,8,1600,0.5,51,doi_private_no_interference,spillover_treated,0.1731328632,0,-0.1731328632,True,10,1.438692245e-05,0.3718040612
complex,200,8,1600,1,51,design_ht,direct_low,0.09860674353,0.1226571549,0.02405041134,True,0,0,0
complex,200,8,1600,1,51,design_ht,direct_high,0.1616022877,0.1566996674,-0.004902620248,True,0,0,0
complex,200,8,1600,1,51,design_ht,spillover_control,0.110137319,0.1413054079,0.03116808885,True,0,0,0
complex,200,8,1600,1,51,design_ht,spillover_treated,0.1731328632,0.1753479204,0.002215057259,True,0,0,0
complex,200,8,1600,1,51,doi_nonprivate_generic,direct_low,0.09860674353,0.09623842154,-0.002368321987,True,71,0.0086963683,4.589308015
complex,200,8,1600,1,51,doi_nonprivate_generic,direct_high,0.1616022877,0.1575500431,-0.004052244595,True,71,0.0086963683,4.589308015
complex,200,8,1600,1,51,doi_nonprivate_generic,spillover_control,0.110137319,0.11460217,0.004464850976,True,71,0.0086963683,4.589308015
complex,200,8,1600,1,51,doi_nonprivate_generic,spillover_treated,0.1731328632,0.1759137916,0.002780928369,True,71,0.0086963683,4.589308015
complex,200,8,1600,1,51,doi_private_generic,direct_low,0.09860674353,0.1415970969,0.04299035338,True,67,0.00171346422,3.331185639
complex,200,8,1600,1,51,doi_private_generic,direct_high,0.1616022877,0.1509870743,-0.0106152134,True,67,0.00171346422,3.331185639
complex,200,8,1600,1,51,doi_private_generic,spillover_control,0.110137319,0.1869091633,0.07677184427,True,67,0.00171346422,3.331185639
complex,200,8,1600,1,51,doi_private_generic,spillover_treated,0.1731328632,0.1962991407,0.02316627749,True,67,0.00171346422,3.331185639
complex,200,8,1600,1,51,doi_private_no_interference,direct_low,0.09860674353,0.2563447689,0.1577380253,True,8,8.938342575e-05,1.39364028
complex,200,8,1600,1,51,doi_private_no_interference,direct_high,0.1616022877,0.2563447689,0.09474248119,True,8,8.938342575e-05,1.39364028
complex,200,8,1600,1,51,doi_private_no_interference,spillover_control,0.110137319,0,-0.110137319,True,8,8.938342575e-05,1.39364028
complex,200,8,1600,1,51,doi_private_no_interference,spillover_treated,0.1731328632,0,-0.1731328632,True,8,8.938342575e-05,1.39364028
complex,200,8,1600,2,51,design_ht,direct_low,0.09860674353,-0.02252691149,-0.121133655,True,0,0,0
complex,200,8,1600,2,51,design_ht,direct_high,0.1616022877,0.1591973519,-0.002404935804,True,0,0,0
complex,200,8,1600,2,51,design_ht,spillover_control,0.110137319,-0.002962206145,-0.1130995252,True,0,0,0
complex,200,8,1600,2,51,design_ht,spillover_treated,0.1731328632,0.1787620572,0.005629194032,True,0,0,0
complex,200,8,1600,2,51,doi_nonprivate_generic,direct_low,0.09860674353,0.09623842154,-0.002368321987,True,71,0.0086963683,4.589308015
complex,200,8,1600,2,51,doi_nonprivate_generic,direct_high,0.1616022877,0.1575500431,-0.004052244595,True,71,0.0086963683,4.589308015
complex,200,8,1600,2,51,doi_nonprivate_generic,spillover_control,0.110137319,0.11460217,0.004464850976,True,71,0.0086963683,4.589308015
complex,200,8,1600,2,51,doi_nonprivate_generic,spillover_treated,0.1731328632,0.1759137916,0.002780928369,True,71,0.0086963683,4.589308015
complex,200,8,1600,2,51,doi_private_generic,direct_low,0.09860674353,-0.01692596085,-0.1155327044,True,70,0.001349946937,6.264000144
complex,200,8,1600,2,51,doi_private_generic,direct_high,0.1616022877,0.129426023,-0.03217626463,True,70,0.001349946937,6.264000144
complex,200,8,1600,2,51,doi_private_generic,spillover_control,0.110137319,0.09823828097,-0.01189903807,True,70,0.001349946937,6.264000144
complex,200,8,1600,2,51,doi_private_generic,spillover_treated,0.1731328632,0.2445902649,0.07145740168,True,70,0.001349946937,6.264000144
complex,200,8,1600,2,51,doi_private_no_interference,direct_low,0.09860674353,0.1423708129,0.04376406937,True,9,1.480269538e-05,1.172367124
complex,200,8,1600,2,51,doi_private_no_interference,direct_high,0.1616022877,0.1423708129,-0.01923147478,True,9,1.480269538e-05,1.172367124
complex,200,8,1600,2,51,doi_private_no_interference,spillover_control,0.110137319,0,-0.110137319,True,9,1.480269538e-05,1.172367124
complex,200,8,1600,2,51,doi_private_no_interference,spillover_treated,0.1731328632,0,-0.1731328632,True,9,1.480269538e-05,1.172367124
complex,200,8,1600,0.5,52,design_ht,direct_low,0.09860674353,-0.1777230492,-0.2763297927,True,0,0,0
complex,200,8,1600,0.5,52,design_ht,direct_high,0.1616022877,0.3575208025,0.1959185148,True,0,0,0
complex,200,8,1600,0.5,52,design_ht,spillover_control,0.110137319,0.07487033099,-0.03526698805,True,0,0,0
complex,200,8,1600,0.5,52,design_ht,spillover_treated,0.1731328632,0.6101141826,0.4369813194,True,0,0,0
complex,200,8,1600,0.5,52,doi_nonprivate_generic,direct_low,0.09860674353,0.1007147885,0.002108044948,True,78,0.001957425103,4.650709073
complex,200,8,1600,0.5,52,doi_nonprivate_generic,direct_high,0.1616022877,0.1585266575,-0.003075630176,True,78,0.001957425103,4.650709073
complex,200,8,1600,0.5,52,doi_nonprivate_generic,spillover_control,0.110137319,0.1144817552,0.00434443613,True,78,0.001957425103,4.650709073
complex,200,8,1600,0.5,52,doi_nonprivate_generic,spillover_treated,0.1731328632,0.1722936242,-0.0008392389933,True,78,0.001957425103,4.650709073
complex,200,8,1600,0.5,52,doi_private_generic,direct_low,0.09860674353,-0.1250634891,-0.2236702326,True,49,0.000605621048,4.182789258
complex,200,8,1600,0.5,52,doi_private_generic,direct_high,0.1616022877,0.3856625403,0.2240602526,True,49,0.000605621048,4.182789258
complex,200,8,1600,0.5,52,doi_private_generic,spillover_control,0.110137319,-0.03750087706,-0.1476381961,True,49,0.000605621048,4.182789258
complex,200,8,1600,0.5,52,doi_private_generic,spillover_treated,0.1731328632,0.4732251523,0.3000922892,True,49,0.000605621048,4.182789258
complex,200,8,1600,0.5,52,doi_private_no_interference,direct_low,0.09860674353,0.2626281208,0.1640213773,True,9,7.17233374e-05,1.193504531
complex,200,8,1600,0.5,52,doi_private_no_interference,direct_high,0.1616022877,0.2626281208,0.1010258332,True,9,7.17233374e-05,1.193504531
complex,200,8,1600,0.5,52,doi_private_no_interference,spillover_control,0.110137319,0,-0.110137319,True,9,7.17233374e-05,1.193504531
complex,200,8,1600,0.5,52,doi_private_no_interference,spillover_treated,0.1731328632,0,-0.1731328632,True,9,7.17233374e-05,1.193504531
complex,200,8,1600,1,52,design_ht,direct_low,0.09860674353,0.1692641642,0.07065742063,True,0,0,0
complex,200,8,1600,1,52,design_ht,direct_high,0.1616022877,0.1802271009,0.01862481324,True,0,0,0
complex,200,8,1600,1,52,design_ht,spillover_control,0.110137319,0.1860664935,0.07592917444,True,0,0,0
complex,200,8,1600,1,52,design_ht,spillover_treated,0.1731328632,0.1970294302,0.02389656704,True,0,0,0
complex,200,8,1600,1,52,doi_nonprivate_generic,direct_low,0.09860674353,0.1007147885,0.002108044948,True,78,0.001957425103,4.650709073
complex,200,8,1600,1,52,doi_nonprivate_generic,direct_high,0.1616022877,0.1585266575,-0.003075630176,True,78,0.001957425103,4.650709073
complex,200,8,1600,1,52,doi_nonprivate_generic,spillover_control,0.110137319,0.1144817552,0.00434443613,True,78,0.001957425103,4.650709073
complex,200,8,1600,1,52,doi_nonprivate_generic,spillover_treated,0.1731328632,0.1722936242,-0.0008392389933,True,78,0.001957425103,4.650709073
complex,200,8,1600,1,52,doi_private_generic,direct_low,0.09860674353,0.1485966605,0.04998991694,True,69,0.00665154454,5.489221499
complex,200,8,1600,1,52,doi_private_generic,direct_high,0.1616022877,0.2327427391,0.07114045143,True,69,0.00665154454,5.489221499
complex,200,8,1600,1,52,doi_private_generic,spillover_control,0.110137319,0.05716456766,-0.05297275138,True,69,0.00665154454,5.489221499
complex,200,8,1600,1,52,doi_private_generic,spillover_treated,0.1731328632,0.1413106463,-0.03182221688,True,69,0.00665154454,5.489221499
complex,200,8,1600,1,52,doi_private_no_interference,direct_low,0.09860674353,0.2629220956,0.1643153521,True,11,2.495739853e-05,1.795707327
complex,200,8,1600,1,52,doi_private_no_interference,direct_high,0.1616022877,0.2629220956,0.101319808,True,11,2.495739853e-05,1.795707327
complex,200,8,1600,1,52,doi_private_no_interference,spillover_control,0.110137319,0,-0.110137319,True,11,2.495739853e-05,1.795707327
complex,200,8,1600,1,52,doi_private_no_interference,spillover_treated,0.1731328632,0,-0.1731328632,True,11,2.495739853e-05,1.795707327
complex,200,8,1600,2,52,design_ht,direct_low,0.09860674353,0.124482646,0.02587590242,True,0,0,0
complex,200,8,1600,2,52,design_ht,direct_high,0.1616022877,0.1824036752,0.02080138752,True,0,0,0
complex,200,8,1600,2,52,design_ht,spillover_control,0.110137319,0.1099726469,-0.0001646721695,True,0,0,0
complex,200,8,1600,2,52,design_ht,spillover_treated,0.1731328632,0.1678936761,-0.005239187075,True,0,0,0
complex,200,8,1600,2,52,doi_nonprivate_generic,direct_low,0.09860674353,0.1007147885,0.002108044948,True,78,0.001957425103,4.650709073
complex,200,8,1600,2,52,doi_nonprivate_generic,direct_high,0.1616022877,0.1585266575,-0.003075630176,True,78,0.001957425103,4.650709073
complex,200,8,1600,2,52,doi_nonprivate_generic,spillover_control,0.110137319,0.1144817552,0.00434443613,True,78,0.001957425103,4.650709073
complex,200,8,1600,2,52,doi_nonprivate_generic,spillover_treated,0.1731328632,0.1722936242,-0.0008392389933,True,78,0.001957425103,4.650709073
complex,200,8,1600,2,52,doi_private_generic,direct_low,0.09860674353,0.1422369459,0.04363020237,True,74,0.0005246103435,2.854813482
complex,200,8,1600,2,52,doi_private_generic,direct_high,0.1616022877,0.1702075851,0.008605297433,True,74,0.0005246103435,2.854813482
complex,200,8,1600,2,52,doi_private_generic,spillover_control,0.110137319,0.07136359983,-0.03877371921,True,74,0.0005246103435,2.854813482
complex,200,8,1600,2,52,doi_private_generic,spillover_treated,0.1731328632,0.09933423904,-0.07379862414,True,74,0.0005246103435,2.854813482
complex,200,8,1600,2,52,doi_private_no_interference,direct_low,0.09860674353,0.2104488614,0.1118421179,True,10,2.581378842e-05,1.467865583
complex,200,8,1600,2,52,doi_private_no_interference,direct_high,0.1616022877,0.2104488614,0.04884657371,True,10,2.581378842e-05,1.467865583
complex,200,8,1600,2,52,doi_private_no_interference,spillover_control,0.110137319,0,-0.110137319,True,10,2.581378842e-05,1.467865583
complex,200,8,1600,2,52,doi_private_no_interference,spillover_treated,0.1731328632,0,-0.1731328632,True,10,2.581378842e-05,1.467865583
complex,200,8,1600,0.5,53,design_ht,direct_low,0.09860674353,0.05070994359,-0.04789679994,True,0,0,0
complex,200,8,1600,0.5,53,design_ht,direct_high,0.1616022877,0.1969301266,0.03532783897,True,0,0,0
complex,200,8,1600,0.5,53,design_ht,spillover_control,0.110137319,0.1522659717,0.04212865265,True,0,0,0
complex,200,8,1600,0.5,53,design_ht,spillover_treated,0.1731328632,0.2984861547,0.1253532916,True,0,0,0
complex,200,8,1600,0.5,53,doi_nonprivate_generic,direct_low,0.09860674353,0.09794681266,-0.0006599308719,True,96,0.003122247742,4.578838818
complex,200,8,1600,0.5,53,doi_nonprivate_generic,direct_high,0.1616022877,0.1567116279,-0.004890659787,True,96,0.003122247742,4.578838818
complex,200,8,1600,0.5,53,doi_nonprivate_generic,spillover_control,0.110137319,0.1182463319,0.008109012905,True,96,0.003122247742,4.578838818
complex,200,8,1600,0.5,53,doi_nonprivate_generic,spillover_treated,0.1731328632,0.1770111472,0.00387828399,True,96,0.003122247742,4.578838818
complex,200,8,1600,0.5,53,doi_private_generic,direct_low,0.09860674353,0.05400622318,-0.04460052035,True,48,0.0005590136315,3.596652497
complex,200,8,1600,0.5,53,doi_private_generic,direct_high,0.1616022877,0.1444538947,-0.01714839297,True,48,0.0005590136315,3.596652497
complex,200,8,1600,0.5,53,doi_private_generic,spillover_control,0.110137319,0.1169542773,0.00681695824,True,48,0.0005590136315,3.596652497
complex,200,8,1600,0.5,53,doi_private_generic,spillover_treated,0.1731328632,0.2074019488,0.03426908562,True,48,0.0005590136315,3.596652497
complex,200,8,1600,0.5,53,doi_private_no_interference,direct_low,0.09860674353,0.2053487308,0.1067419873,True,9,5.849517855e-07,1.311376752
complex,200,8,1600,0.5,53,doi_private_no_interference,direct_high,0.1616022877,0.2053487308,0.04374644315,True,9,5.849517855e-07,1.311376752
complex,200,8,1600,0.5,53,doi_private_no_interference,spillover_control,0.110137319,0,-0.110137319,True,9,5.849517855e-07,1.311376752
complex,200,8,1600,0.5,53,doi_private_no_interference,spillover_treated,0.1731328632,0,-0.1731328632,True,9,5.849517855e-07,1.311376752
complex,200,8,1600,1,53,design_ht,direct_low,0.09860674353,-0.1832621674,-0.281868911,True,0,0,0
complex,200,8,1600,1,53,design_ht,direct_high,0.1616022877,0.3443286609,0.1827263732,True,0,0,0
complex,200,8,1600,1,53,design_ht,spillover_control,0.110137319,-0.02301507907,-0.1331523981,True,0,0,0
complex,200,8,1600,1,53,design_ht,spillover_treated,0.1731328632,0.5045757493,0.3314428861,True,0,0,0
complex,200,8,1600,1,53,doi_nonprivate_generic,direct_low,0.09860674353,0.09794681266,-0.0006599308719,True,96,0.003122247742,4.578838818
complex,200,8,1600,1,53,doi_nonprivate_generic,direct_high,0.1616022877,0.1567116279,-0.004890659787,True,96,0.003122247742,4.578838818
complex,200,8,1600,1,53,doi_nonprivate_generic,spillover_control,0.110137319,0.1182463319,0.008109012905,True,96,0.003122247742,4.578838818
complex,200,8,1600,1,53,doi_nonprivate_generic,spillover_treated,0.1731328632,0.1770111472,0.00387828399,True,96,0.003122247742,4.578838818
complex,200,8,1600,1,53,doi_private_generic,direct_low,0.09860674353,-0.1454792493,-0.2440859928,True,67,0.001251124542,8.498127533
complex,200,8,1600,1,53,doi_private_generic,direct_high,0.1616022877,0.2098623552,0.04826006749,True,67,0.001251124542,8.498127533
complex,200,8,1600,1,53,doi_private_generic,spillover_control,0.110137319,0.02337483163,-0.08676248741,True,67,0.001251124542,8.498127533
complex,200,8,1600,1,53,doi_private_generic,spillover_treated,0.1731328632,0.3787164361,0.2055835729,True,67,0.001251124542,8.498127533
complex,200,8,1600,1,53,doi_private_no_interference,direct_low,0.09860674353,0.1786315683,0.08002482476,True,9,5.496187499e-05,2.255345949
complex,200,8,1600,1,53,doi_private_no_interference,direct_high,0.1616022877,0.1786315683,0.01702928062,True,9,5.496187499e-05,2.255345949
complex,200,8,1600,1,53,doi_private_no_interference,spillover_control,0.110137319,0,-0.110137319,True,9,5.496187499e-05,2.255345949
complex,200,8,1600,1,53,doi_private_no_interference,spillover_treated,0.1731328632,0,-0.1731328632,True,9,5.496187499e-05,2.255345949
complex,200,8,1600,2,53,design_ht,direct_low,0.09860674353,-0.003165882481,-0.101772626,True,0,0,0
complex,200,8,1600,2,53,design_ht,direct_high,0.1616022877,0.1496870584,-0.01191522932,True,0,0,0
complex,200,8,1600,2,53,design_ht,spillover_control,0.110137319,0.1449311755,0.03479385649,True,0,0,0
complex,200,8,1600,2,53,design_ht,spillover_treated,0.1731328632,0.2977841164,0.1246512532,True,0,0,0
complex,200,8,1600,2,53,doi_nonprivate_generic,direct_low,0.09860674353,0.09794681266,-0.0006599308719,True,96,0.003122247742,4.578838818
complex,200,8,1600,2,53,doi_nonprivate_generic,direct_high,0.1616022877,0.1567116279,-0.004890659787,True,96,0.003122247742,4.578838818
complex,200,8,1600,2,53,doi_nonprivate_generic,spillover_control,0.110137319,0.1182463319,0.008109012905,True,96,0.003122247742,4.578838818
complex,200,8,1600,2,53,doi_nonprivate_generic,spillover_treated,0.1731328632,0.1770111472,0.00387828399,True,96,0.003122247742,4.578838818
complex,200,8,1600,2,53,doi_private_generic,direct_low,0.09860674353,0.02449159824,-0.07411514529,True,86,0.0008888649813,6.144362334
complex,200,8,1600,2,53,doi_private_generic,direct_high,0.1616022877,0.04887889139,-0.1127233963,True,86,0.0008888649813,6.144362334
complex,200,8,1600,2,53,doi_private_generic,spillover_control,0.110137319,0.1611204631,0.05098314407,True,86,0.0008888649813,6.144362334
complex,200,8,1600,2,53,doi_private_generic,spillover_treated,0.1731328632,0.1855077563,0.01237489309,True,86,0.0008888649813,6.144362334
complex,200,8,1600,2,53,doi_private_no_interference,direct_low,0.09860674353,0.1559398983,0.05733315474,True,9,3.245099694e-05,1.38154138
complex,200,8,1600,2,53,doi_private_no_interference,direct_high,0.1616022877,0.1559398983,-0.005662389404,True,9,3.245099694e-05,1.38154138
complex,200,8,1600,2,53,doi_private_no_interference,spillover_control,0.110137319,0,-0.110137319,True,9,3.245099694e-05,1.38154138
complex,200,8,1600,2,53,doi_private_no_interference,spillover_treated,0.1731328632,0,-0.1731328632,True,9,3.245099694e-05,1.38154138
complex,200,8,1600,0.5,54,design_ht,direct_low,0.09860674353,0.1392472957,0.04064055212,True,0,0,0
complex,200,8,1600,0.5,54,design_ht,direct_high,0.1616022877,0.2158033237,0.05420103608,True,0,0,0
complex,200,8,1600,0.5,54,design_ht,spillover_control,0.110137319,0.09445994359,-0.01567737545,True,0,0,0
complex,200,8,1600,0.5,54,design_ht,spillover_treated,0.1731328632,0.1710159717,-0.002116891496,True,0,0,0
complex,200,8,1600,0.5,54,doi_nonprivate_generic,direct_low,0.09860674353,0.09804743577,-0.000559307763,True,72,0.002127995679,4.605543902
complex,200,8,1600,0.5,54,doi_nonprivate_generic,direct_high,0.1616022877,0.1589644377,-0.002637849977,True,72,0.002127995679,4.605543902
complex,200,8,1600,0.5,54,doi_nonprivate_generic,spillover_control,0.110137319,0.11502856,0.004891241,True,72,0.002127995679,4.605543902
complex,200,8,1600,0.5,54,doi_nonprivate_generic,spillover_treated,0.1731328632,0.175945562,0.002812698787,True,72,0.002127995679,4.605543902
complex,200,8,1600,0.5,54,doi_private_generic,direct_low,0.09860674353,0.1129196731,0.01431292959,True,43,0.0005737339667,3.262159465
complex,200,8,1600,0.5,54,doi_private_generic,direct_high,0.1616022877,0.1995385472,0.03793625955,True,43,0.0005737339667,3.262159465
complex,200,8,1600,0.5,54,doi_private_generic,spillover_control,0.110137319,0.07208702824,-0.0380502908,True,43,0.0005737339667,3.262159465
complex,200,8,1600,0.5,54,doi_private_generic,spillover_treated,0.1731328632,0.1587059023,-0.01442696084,True,43,0.0005737339667,3.262159465
complex,200,8,1600,0.5,54,doi_private_no_interference,direct_low,0.09860674353,0.2297848131,0.1311780696,True,11,2.238915051e-05,1.436410292
complex,200,8,1600,0.5,54,doi_private_no_interference,direct_high,0.1616022877,0.2297848131,0.06818252545,True,11,2.238915051e-05,1.436410292
complex,200,8,1600,0.5,54,doi_private_no_interference,spillover_control,0.110137319,0,-0.110137319,True,11,2.238915051e-05,1.436410292
complex,200,8,1600,0.5,54,doi_private_no_interference,spillover_treated,0.1731328632,0,-0.1731328632,True,11,2.238915051e-05,1.436410292
complex,200,8,1600,1,54,design_ht,direct_low,0.09860674353,0.009771984187,-0.08883475935,True,0,0,0
complex,200,8,1600,1,54,design_ht,direct_high,0.1616022877,0.05034611069,-0.111256177,True,0,0,0
complex,200,8,1600,1,54,design_ht,spillover_control,0.110137319,0.2188926167,0.1087552977,True,0,0,0
complex,200,8,1600,1,54,design_ht,spillover_treated,0.1731328632,0.2594667432,0.08633388005,True,0,0,0
complex,200,8,1600,1,54,doi_nonprivate_generic,direct_low,0.09860674353,0.09804743577,-0.000559307763,True,72,0.002127995679,4.605543902
complex,200,8,1600,1,54,doi_nonprivate_generic,direct_high,0.1616022877,0.1589644377,-0.002637849977,True,72,0.002127995679,4.605543902
complex,200,8,1600,1,54,doi_nonprivate_generic,spillover_control,0.110137319,0.11502856,0.004891241,True,72,0.002127995679,4.605543902
complex,200,8,1600,1,54,doi_nonprivate_generic,spillover_treated,0.1731328632,0.175945562,0.002812698787,True,72,0.002127995679,4.605543902
complex,200,8,1600,1,54,doi_private_generic,direct_low,0.09860674353,-0.0007760325851,-0.09938277612,True,59,0.0008622499603,3.221817344
complex,200,8,1600,1,54,doi_private_generic,direct_high,0.1616022877,0.03115345198,-0.1304488357,True,59,0.0008622499603,3.221817344
complex,200,8,1600,1,54,doi_private_generic,spillover_control,0.110137319,0.2085671902,0.09842987112,True,59,0.0008622499603,3.221817344
complex,200,8,1600,1,54,doi_private_generic,spillover_treated,0.1731328632,0.2404966747,0.06736381154,True,59,0.0008622499603,3.221817344
complex,200,8,1600,1,54,doi_private_no_interference,direct_low,0.09860674353,0.1533707094,0.05476396588,True,10,4.589305255e-06,1.281160038
complex,200,8,1600,1,54,doi_private_no_interference,direct_high,0.1616022877,0.1533707094,-0.008231578258,True,10,4.589305255e-06,1.281160038
complex,200,8,1600,1,54,doi_private_no_interference,spillover_control,0.110137319,0,-0.110137319,True,10,4.589305255e-06,1.281160038
complex,200,8,1600,1,54,doi_private_no_interference,spillover_treated,0.1731328632,0,-0.1731328632,True,10,4.589305255e-06,1.281160038
complex,200,8,1600,2,54,design_ht,direct_low,0.09860674353,0.1205020581,0.0218953146,True,0,0,0
complex,200,8,1600,2,54,design_ht,direct_high,0.1616022877,0.1163988229,-0.04520346481,True,0,0,0
complex,200,8,1600,2,54,design_ht,spillover_control,0.110137319,0.1185455876,0.008408268556,True,0,0,0
complex,200,8,1600,2,54,design_ht,spillover_treated,0.1731328632,0.1144423523,-0.05869051085,True,0,0,0
complex,200,8,1600,2,54,doi_nonprivate_generic,direct_low,0.09860674353,0.09804743577,-0.000559307763,True,72,0.002127995679,4.605543902
complex,200,8,1600,2,54,doi_nonprivate_generic,direct_high,0.1616022877,0.1589644377,-0.002637849977,True,72,0.002127995679,4.605543902
complex,200,8,1600,2,54,doi_nonprivate_generic,spillover_control,0.110137319,0.11502856,0.004891241,True,72,0.002127995679,4.605543902
complex,200,8,1600,2,54,doi_nonprivate_generic,spillover_treated,0.1731328632,0.175945562,0.002812698787,True,72,0.002127995679,4.605543902
complex,200,8,1600,2,54,doi_private_generic,direct_low,0.09860674353,0.1206008408,0.02199409728,True,70,0.004480716778,4.669715862
complex,200,8,1600,2,54,doi_private_generic,direct_high,0.1616022877,0.0871469618,-0.07445532588,True,70,0.004480716778,4.669715862
complex,200,8,1600,2,54,doi_private_generic,spillover_control,0.110137319,0.1190717287,0.00893440965,True,70,0.004480716778,4.669715862
complex,200,8,1600,2,54,doi_private_generic,spillover_treated,0.1731328632,0.08561784967,-0.08751501351,True,70,0.004480716778,4.669715862
complex,200,8,1600,2,54,doi_private_no_interference,direct_low,0.09860674353,0.1668094251,0.06820268156,True,10,4.294601522e-06,1.355152845
complex,200,8,1600,2,54,doi_private_no_interference,direct_high,0.1616022877,0.1668094251,0.005207137414,True,10,4.294601522e-06,1.355152845
complex,200,8,1600,2,54,doi_private_no_interference,spillover_control,0.110137319,0,-0.110137319,True,10,4.294601522e-06,1.355152845
complex,200,8,1600,2,54,doi_private_no_interference,spillover_treated,0.1731328632,0,-0.1731328632,True,10,4.294601522e-06,1.355152845
complex,200,8,1600,0.5,55,design_ht,direct_low,0.09860674353,0.2650804363,0.1664736928,True,0,0,0
complex,200,8,1600,0.5,55,design_ht,direct_high,0.1616022877,0.3013453448,0.1397430571,True,0,0,0
complex,200,8,1600,0.5,55,design_ht,spillover_control,0.110137319,-0.100259338,-0.2103966571,True,0,0,0
complex,200,8,1600,0.5,55,design_ht,spillover_treated,0.1731328632,-0.06399442954,-0.2371272927,True,0,0,0
complex,200,8,1600,0.5,55,doi_nonprivate_generic,direct_low,0.09860674353,0.09653733972,-0.00206940381,True,68,0.003652867031,4.601644073
complex,200,8,1600,0.5,55,doi_nonprivate_generic,direct_high,0.1616022877,0.1574454081,-0.004156879597,True,68,0.003652867031,4.601644073
complex,200,8,1600,0.5,55,doi_nonprivate_generic,spillover_control,0.110137319,0.1119720245,0.00183470543,True,68,0.003652867031,4.601644073
complex,200,8,1600,0.5,55,doi_nonprivate_generic,spillover_treated,0.1731328632,0.1728800928,-0.0002527703576,True,68,0.003652867031,4.601644073
complex,200,8,1600,0.5,55,doi_private_generic,direct_low,0.09860674353,0.1718409505,0.07323420699,True,44,0.0002833036643,4.645774531
complex,200,8,1600,0.5,55,doi_private_generic,direct_high,0.1616022877,0.3294747669,0.1678724792,True,44,0.0002833036643,4.645774531
complex,200,8,1600,0.5,55,doi_private_generic,spillover_control,0.110137319,-0.08931996286,-0.1994572819,True,44,0.0002833036643,4.645774531
complex,200,8,1600,0.5,55,doi_private_generic,spillover_treated,0.1731328632,0.06831385347,-0.1048190097,True,44,0.0002833036643,4.645774531
complex,200,8,1600,0.5,55,doi_private_no_interference,direct_low,0.09860674353,0.2450949988,0.1464882553,True,11,1.801300755e-05,3.021564742
complex,200,8,1600,0.5,55,doi_private_no_interference,direct_high,0.1616022877,0.2450949988,0.08349271114,True,11,1.801300755e-05,3.021564742
complex,200,8,1600,0.5,55,doi_private_no_interference,spillover_control,0.110137319,0,-0.110137319,True,11,1.801300755e-05,3.021564742
complex,200,8,1600,0.5,55,doi_private_no_interference,spillover_treated,0.1731328632,0,-0.1731328632,True,11,1.801300755e-05,3.021564742
complex,200,8,1600,1,55,design_ht,direct_low,0.09860674353,0.0587608986,-0.03984584493,True,0,0,0
complex,200,8,1600,1,55,design_ht,direct_high,0.1616022877,0.132569946,-0.02903234164,True,0,0,0
complex,200,8,1600,1,55,design_ht,spillover_control,0.110137319,0.1018459237,-0.008291395338,True,0,0,0
complex,200,8,1600,1,55,design_ht,spillover_treated,0.1731328632,0.1756549711,0.00252210796,True,0,0,0
complex,200,8,1600,1,55,doi_nonprivate_generic,direct_low,0.09860674353,0.09653733972,-0.00206940381,True,68,0.003652867031,4.601644073
complex,200,8,1600,1,55,doi_nonprivate_generic,direct_high,0.1616022877,0.1574454081,-0.004156879597,True,68,0.003652867031,4.601644073
complex,200,8,1600,1,55,doi_nonprivate_generic,spillover_control,0.110137319,0.1119720245,0.00183470543,True,68,0.003652867031,4.601644073
complex,200,8,1600,1,55,doi_nonprivate_generic,spillover_treated,0.1731328632,0.1728800928,-0.0002527703576,True,68,0.003652867031,4.601644073
complex,200,8,1600,1,55,doi_private_generic,direct_low,0.09860674353,0.07016836246,-0.02843838107,True,45,0.0006216551608,1.709650053
complex,200,8,1600,1,55,doi_private_generic,direct_high,0.1616022877,0.1431946685,-0.01840761919,True,45,0.0006216551608,1.709650053
complex,200,8,1600,1,55,doi_private_generic,spillover_control,0.110137319,0.1172755727,0.007138253614,True,45,0.0006216551608,1.709650053
complex,200,8,1600,1,55,doi_private_generic,spillover_treated,0.1731328632,0.1903018787,0.01716901549,True,45,0.0006216551608,1.709650053
complex,200,8,1600,1,55,doi_private_no_interference,direct_low,0.09860674353,0.2021848751,0.1035781316,True,11,3.761752459e-06,1.196529866
complex,200,8,1600,1,55,doi_private_no_interference,direct_high,0.1616022877,0.2021848751,0.04058258743,True,11,3.761752459e-06,1.196529866
complex,200,8,1600,1,55,doi_private_no_interference,spillover_control,0.110137319,0,-0.110137319,True,11,3.761752459e-06,1.196529866
complex,200,8,1600,1,55,doi_private_no_interference,spillover_treated,0.1731328632,0,-0.1731328632,True,11,3.761752459e-06,1.196529866
complex,200,8,1600,2,55,design_ht,direct_low,0.09860674353,0.02540735267,-0.07319939086,True,0,0,0
complex,200,8,1600,2,55,design_ht,direct_high,0.1616022877,0.2019691166,0.04036682893,True,0,0,0
complex,200,8,1600,2,55,design_ht,spillover_control,0.110137319,-0.001332059389,-0.1114693784,True,0,0,0
complex,200,8,1600,2,55,design_ht,spillover_treated,0.1731328632,0.1752297045,0.00209684136,True,0,0,0
complex,200,8,1600,2,55,doi_nonprivate_generic,direct_low,0.09860674353,0.09653733972,-0.00206940381,True,68,0.003652867031,4.601644073
complex,200,8,1600,2,55,doi_nonprivate_generic,direct_high,0.1616022877,0.1574454081,-0.004156879597,True,68,0.003652867031,4.601644073
complex,200,8,1600,2,55,doi_nonprivate_generic,spillover_control,0.110137319,0.1119720245,0.00183470543,True,68,0.003652867031,4.601644073
complex,200,8,1600,2,55,doi_nonprivate_generic,spillover_treated,0.1731328632,0.1728800928,-0.0002527703576,True,68,0.003652867031,4.601644073
complex,200,8,1600,2,55,doi_private_generic,direct_low,0.09860674353,0.05989772487,-0.03870901867,True,74,0.002660525878,5.511733821
complex,200,8,1600,2,55,doi_private_generic,direct_high,0.1616022877,0.1713390882,0.009736800547,True,74,0.002660525878,5.511733821
complex,200,8,1600,2,55,doi_private_generic,spillover_control,0.110137319,0.06462290963,-0.04551440941,True,74,0.002660525878,5.511733821
complex,200,8,1600,2,55,doi_private_generic,spillover_treated,0.1731328632,0.176064273,0.002931409804,True,74,0.002660525878,5.511733821
complex,200,8,1600,2,55,doi_private_no_interference,direct_low,0.09860674353,0.1887867716,0.09018002812,True,10,2.618998818e-06,1.33205474
complex,200,8,1600,2,55,doi_private_no_interference,direct_high,0.1616022877,0.1887867716,0.02718448397,True,10,2.618998818e-06,1.33205474
complex,200,8,1600,2,55,doi_private_no_interference,spillover_control,0.110137319,0,-0.110137319,True,10,2.618998818e-06,1.33205474
complex,200,8,1600,2,55,doi_private_no_interference,spillover_treated,0.1731328632,0,-0.1731328632,True,10,2.618998818e-06,1.33205474
complex,200,8,1600,0.5,56,design_ht,direct_low,0.09860674353,-0.1863751618,-0.2849819053,True,0,0,0
complex,200,8,1600,0.5,56,design_ht,direct_high,0.1616022877,0.1883882673,0.02678597967,True,0,0,0
complex,200,8,1600,0.5,56,design_ht,spillover_control,0.110137319,0.1518899085,0.04175258943,True,0,0,0
complex,200,8,1600,0.5,56,design_ht,spillover_treated,0.1731328632,0.5266533376,0.3535204744,True,0,0,0
complex,200,8,1600,0.5,56,doi_nonprivate_generic,direct_low,0.09860674353,0.09931647377,0.0007097302334,True,84,0.001486663896,4.669346901
complex,200,8,1600,0.5,56,doi_nonprivate_generic,direct_high,0.1616022877,0.158031009,-0.003571278694,True,84,0.001486663896,4.669346901
complex,200,8,1600,0.5,56,doi_nonprivate_generic,spillover_control,0.110137319,0.1137383736,0.003601054588,True,84,0.001486663896,4.669346901
complex,200,8,1600,0.5,56,doi_nonprivate_generic,spillover_treated,0.1731328632,0.1724529088,-0.0006799543392,True,84,0.001486663896,4.669346901
complex,200,8,1600,0.5,56,doi_private_generic,direct_low,0.09860674353,-0.09467434998,-0.1932810935,True,47,0.00131721998,3.180632001
complex,200,8,1600,0.5,56,doi_private_generic,direct_high,0.1616022877,0.209848099,0.04824581133,True,47,0.00131721998,3.180632001
complex,200,8,1600,0.5,56,doi_private_generic,spillover_control,0.110137319,0.05591722639,-0.05422009265,True,47,0.00131721998,3.180632001
complex,200,8,1600,0.5,56,doi_private_generic,spillover_treated,0.1731328632,0.3604396754,0.1873068122,True,47,0.00131721998,3.180632001
complex,200,8,1600,0.5,56,doi_private_no_interference,direct_low,0.09860674353,0.1609093461,0.06230260257,True,10,1.076108204e-05,1.280055495
complex,200,8,1600,0.5,56,doi_private_no_interference,direct_high,0.1616022877,0.1609093461,-0.0006929415684,True,10,1.076108204e-05,1.280055495
complex,200,8,1600,0.5,56,doi_private_no_interference,spillover_control,0.110137319,0,-0.110137319,True,10,1.076108204e-05,1.280055495
complex,200,8,1600,0.5,56,doi_private_no_interference,spillover_treated,0.1731328632,0,-0.1731328632,True,10,1.076108204e-05,1.280055495
complex,200,8,1600,1,56,design_ht,direct_low,0.09860674353,0.1980931991,0.09948645552,True,0,0,0
complex,200,8,1600,1,56,design_ht,direct_high,0.1616022877,0.01549781627,-0.1461044714,True,0,0,0
complex,200,8,1600,1,56,design_ht,spillover_control,0.110137319,0.2570575916,0.1469202726,True,0,0,0
complex,200,8,1600,1,56,design_ht,spillover_treated,0.1731328632,0.07446220884,-0.09867065435,True,0,0,0
complex,200,8,1600,1,56,doi_nonprivate_generic,direct_low,0.09860674353,0.09931647377,0.0007097302334,True,84,0.001486663896,4.669346901
complex,200,8,1600,1,56,doi_nonprivate_generic,direct_high,0.1616022877,0.158031009,-0.003571278694,True,84,0.001486663896,4.669346901
complex,200,8,1600,1,56,doi_nonprivate_generic,spillover_control,0.110137319,0.1137383736,0.003601054588,True,84,0.001486663896,4.669346901
complex,200,8,1600,1,56,doi_nonprivate_generic,spillover_treated,0.1731328632,0.1724529088,-0.0006799543392,True,84,0.001486663896,4.669346901
complex,200,8,1600,1,56,doi_private_generic,direct_low,0.09860674353,0.1896035421,0.0909967986,True,83,0.000725771789,4.671159587
complex,200,8,1600,1,56,doi_private_generic,direct_high,0.1616022877,0.05198551531,-0.1096167724,True,83,0.000725771789,4.671159587
complex,200,8,1600,1,56,doi_private_generic,spillover_control,0.110137319,0.1645570544,0.05441973534,True,83,0.000725771789,4.671159587
complex,200,8,1600,1,56,doi_private_generic,spillover_treated,0.1731328632,0.02693902756,-0.1461938356,True,83,0.000725771789,4.671159587
complex,200,8,1600,1,56,doi_private_no_interference,direct_low,0.09860674353,0.1673331416,0.06872639803,True,10,1.072833595e-05,1.175512877
complex,200,8,1600,1,56,doi_private_no_interference,direct_high,0.1616022877,0.1673331416,0.005730853887,True,10,1.072833595e-05,1.175512877
complex,200,8,1600,1,56,doi_private_no_interference,spillover_control,0.110137319,0,-0.110137319,True,10,1.072833595e-05,1.175512877
complex,200,8,1600,1,56,doi_private_no_interference,spillover_treated,0.1731328632,0,-0.1731328632,True,10,1.072833595e-05,1.175512877
complex,200,8,1600,2,56,design_ht,direct_low,0.09860674353,0.07555676439,-0.02304997914,True,0,0,0
complex,200,8,1600,2,56,design_ht,direct_high,0.1616022877,0.1889792629,0.02737697523,True,0,0,0
complex,200,8,1600,2,56,design_ht,spillover_control,0.110137319,0.1608832354,0.05074591634,True,0,0,0
complex,200,8,1600,2,56,design_ht,spillover_treated,0.1731328632,0.2743057339,0.1011728707,True,0,0,0
complex,200,8,1600,2,56,doi_nonprivate_generic,direct_low,0.09860674353,0.09931647377,0.0007097302334,True,84,0.001486663896,4.669346901
complex,200,8,1600,2,56,doi_nonprivate_generic,direct_high,0.1616022877,0.158031009,-0.003571278694,True,84,0.001486663896,4.669346901
complex,200,8,1600,2,56,doi_nonprivate_generic,spillover_control,0.110137319,0.1137383736,0.003601054588,True,84,0.001486663896,4.669346901
complex,200,8,1600,2,56,doi_nonprivate_generic,spillover_treated,0.1731328632,0.1724529088,-0.0006799543392,True,84,0.001486663896,4.669346901
complex,200,8,1600,2,56,doi_private_generic,direct_low,0.09860674353,0.05735669013,-0.04125005341,True,58,0.002061328665,3.355170093
complex,200,8,1600,2,56,doi_private_generic,direct_high,0.1616022877,0.2179923001,0.05639001244,True,58,0.002061328665,3.355170093
complex,200,8,1600,2,56,doi_private_generic,spillover_control,0.110137319,0.06741410112,-0.04272321792,True,58,0.002061328665,3.355170093
complex,200,8,1600,2,56,doi_private_generic,spillover_treated,0.1731328632,0.2280497111,0.05491684792,True,58,0.002061328665,3.355170093
complex,200,8,1600,2,56,doi_private_no_interference,direct_low,0.09860674353,0.2197391353,0.1211323918,True,11,4.522648244e-07,1.865368071
complex,200,8,1600,2,56,doi_private_no_interference,direct_high,0.1616022877,0.2197391353,0.05813684764,True,11,4.522648244e-07,1.865368071
complex,200,8,1600,2,56,doi_private_no_interference,spillover_control,0.110137319,0,-0.110137319,True,11,4.522648244e-07,1.865368071
complex,200,8,1600,2,56,doi_private_no_interference,spillover_treated,0.1731328632,0,-0.1731328632,True,11,4.522648244e-07,1.865368071
complex,200,8,1600,0.5,57,design_ht,direct_low,0.09860674353,-0.01920060558,-0.1178073491,True,0,0,0
complex,200,8,1600,0.5,57,design_ht,direct_high,0.1616022877,0.2727632673,0.1111609797,True,0,0,0
complex,200,8,1600,0.5,57,design_ht,spillover_control,0.110137319,0.02375843657,-0.08637888247,True,0,0,0
complex,200,8,1600,0.5,57,design_ht,spillover_treated,0.1731328632,0.3157223095,0.1425894463,True,0,0,0
complex,200,8,1600,0.5,57,doi_nonprivate_generic,direct_low,0.09860674353,0.0990750612,0.0004683176659,True,78,0.008056492635,4.632959319
complex,200,8,1600,0.5,57,doi_nonprivate_generic,direct_high,0.1616022877,0.1592810831,-0.002321204545,True,78,0.008056492635,4.632959319
complex,200,8,1600,0.5,57,doi_nonprivate_generic,spillover_control,0.110137319,0.1130219585,0.002884639459,True,78,0.008056492635,4.632959319
complex,200,8,1600,0.5,57,doi_nonprivate_generic,spillover_treated,0.1731328632,0.1732279804,9.511724855e-05,True,78,0.008056492635,4.632959319
complex,200,8,1600,0.5,57,doi_private_generic,direct_low,0.09860674353,-0.05080467718,-0.1494114207,True,38,0.000334570983,3.040438562
complex,200,8,1600,0.5,57,doi_private_generic,direct_high,0.1616022877,0.373713783,0.2121114953,True,38,0.000334570983,3.040438562
complex,200,8,1600,0.5,57,doi_private_generic,spillover_control,0.110137319,-0.05671435074,-0.1668516698,True,38,0.000334570983,3.040438562
complex,200,8,1600,0.5,57,doi_private_generic,spillover_treated,0.1731328632,0.3678041094,0.1946712462,True,38,0.000334570983,3.040438562
complex,200,8,1600,0.5,57,doi_private_no_interference,direct_low,0.09860674353,0.2333989856,0.1347922421,True,10,3.875964614e-06,1.340795227
complex,200,8,1600,0.5,57,doi_private_no_interference,direct_high,0.1616022877,0.2333989856,0.07179669793,True,10,3.875964614e-06,1.340795227
complex,200,8,1600,0.5,57,doi_private_no_interference,spillover_control,0.110137319,0,-0.110137319,True,10,3.875964614e-06,1.340795227
complex,200,8,1600,0.5,57,doi_private_no_interference,spillover_treated,0.1731328632,0,-0.1731328632,True,10,3.875964614e-06,1.340795227
complex,200,8,1600,1,57,design_ht,direct_low,0.09860674353,0.1343886232,0.03578187971,True,0,0,0
complex,200,8,1600,1,57,design_ht,direct_high,0.1616022877,0.2215951958,0.05999290812,True,0,0,0
complex,200,8,1600,1,57,design_ht,spillover_control,0.110137319,0.0828006865,-0.02733663254,True,0,0,0
complex,200,8,1600,1,57,design_ht,spillover_treated,0.1731328632,0.170007259,-0.003125604137,True,0,0,0
complex,200,8,1600,1,57,doi_nonprivate_generic,direct_low,0.09860674353,0.0990750612,0.0004683176659,True,78,0.008056492635,4.632959319
complex,200,8,1600,1,57,doi_nonprivate_generic,direct_high,0.1616022877,0.1592810831,-0.002321204545,True,78,0.008056492635,4.632959319
complex,200,8,1600,1,57,doi_nonprivate_generic,spillover_control,0.110137319,0.1130219585,0.002884639459,True,78,0.008056492635,4.632959319
complex,200,8,1600,1,57,doi_nonprivate_generic,spillover_treated,0.1731328632,0.1732279804,9.511724855e-05,True,78,0.008056492635,4.632959319
complex,200,8,1600,1,57,doi_private_generic,direct_low,0.09860674353,0.07757060431,-0.02103613923,True,52,0.001426385969,4.742860735
complex,200,8,1600,1,57,doi_private_generic,direct_high,0.1616022877,0.3023977378,0.1407954501,True,52,0.001426385969,4.742860735
complex,200,8,1600,1,57,doi_private_generic,spillover_control,0.110137319,0.0173036642,-0.09283365484,True,52,0.001426385969,4.742860735
complex,200,8,1600,1,57,doi_private_generic,spillover_treated,0.1731328632,0.2421307976,0.06899793446,True,52,0.001426385969,4.742860735
complex,200,8,1600,1,57,doi_private_no_interference,direct_low,0.09860674353,0.2598878114,0.1612810679,True,7,0.0001248220732,1.613464971
complex,200,8,1600,1,57,doi_private_no_interference,direct_high,0.1616022877,0.2598878114,0.09828552377,True,7,0.0001248220732,1.613464971
complex,200,8,1600,1,57,doi_private_no_interference,spillover_control,0.110137319,0,-0.110137319,True,7,0.0001248220732,1.613464971
complex,200,8,1600,1,57,doi_private_no_interference,spillover_treated,0.1731328632,0,-0.1731328632,True,7,0.0001248220732,1.613464971
complex,200,8,1600,2,57,design_ht,direct_low,0.09860674353,0.1552710287,0.05666428513,True,0,0,0
complex,200,8,1600,2,57,design_ht,direct_high,0.1616022877,0.1502572049,-0.01134508279,True,0,0,0
complex,200,8,1600,2,57,design_ht,spillover_control,0.110137319,0.1613574987,0.0512201797,True,0,0,0
complex,200,8,1600,2,57,design_ht,spillover_treated,0.1731328632,0.156343675,-0.01678918822,True,0,0,0
complex,200,8,1600,2,57,doi_nonprivate_generic,direct_low,0.09860674353,0.0990750612,0.0004683176659,True,78,0.008056492635,4.632959319
complex,200,8,1600,2,57,doi_nonprivate_generic,direct_high,0.1616022877,0.1592810831,-0.002321204545,True,78,0.008056492635,4.632959319
complex,200,8,1600,2,57,doi_nonprivate_generic,spillover_control,0.110137319,0.1130219585,0.002884639459,True,78,0.008056492635,4.632959319
complex,200,8,1600,2,57,doi_nonprivate_generic,spillover_treated,0.1731328632,0.1732279804,9.511724855e-05,True,78,0.008056492635,4.632959319
complex,200,8,1600,2,57,doi_private_generic,direct_low,0.09860674353,0.1127516113,0.01414486778,True,62,0.00371240945,1.767633627
complex,200,8,1600,2,57,doi_private_generic,direct_high,0.1616022877,0.1875847007,0.02598241306,True,62,0.00371240945,1.767633627
complex,200,8,1600,2,57,doi_private_generic,spillover_control,0.110137319,0.1436402717,0.0335029527,True,62,0.00371240945,1.767633627
complex,200,8,1600,2,57,doi_private_generic,spillover_treated,0.1731328632,0.2184733612,0.04534049798,True,62,0.00371240945,1.767633627
complex,200,8,1600,2,57,doi_private_no_interference,direct_low,0.09860674353,0.2548905531,0.1562838095,True,11,0.0001797670874,1.516551376
complex,200,8,1600,2,57,doi_private_no_interference,direct_high,0.1616022877,0.2548905531,0.09328826538,True,11,0.0001797670874,1.516551376
complex,200,8,1600,2,57,doi_private_no_interference,spillover_control,0.110137319,0,-0.110137319,True,11,0.0001797670874,1.516551376
complex,200,8,1600,2,57,doi_private_no_interference,spillover_treated,0.1731328632,0,-0.1731328632,True,11,0.0001797670874,1.516551376
complex,200,8,1600,0.5,58,design_ht,direct_low,0.09860674353,0.2128144647,0.1142077211,True,0,0,0
complex,200,8,1600,0.5,58,design_ht,direct_high,0.1616022877,0.05188990847,-0.1097123792,True,0,0,0
complex,200,8,1600,0.5,58,design_ht,spillover_control,0.110137319,0.518519901,0.408382582,True,0,0,0
complex,200,8,1600,0.5,58,design_ht,spillover_treated,0.1731328632,0.3575953448,0.1844624816,True,0,0,0
complex,200,8,1600,0.5,58,doi_nonprivate_generic,direct_low,0.09860674353,0.09970638376,0.001099640227,True,71,0.005449584594,4.59617006
complex,200,8,1600,0.5,58,doi_nonprivate_generic,direct_high,0.1616022877,0.1600413696,-0.001560918105,True,71,0.005449584594,4.59617006
complex,200,8,1600,0.5,58,doi_nonprivate_generic,spillover_control,0.110137319,0.1135844101,0.003447091073,True,71,0.005449584594,4.59617006
complex,200,8,1600,0.5,58,doi_nonprivate_generic,spillover_treated,0.1731328632,0.1739193959,0.0007865327418,True,71,0.005449584594,4.59617006
complex,200,8,1600,0.5,58,doi_private_generic,direct_low,0.09860674353,0.07749991197,-0.02110683156,True,35,0.001660995716,3.635398506
complex,200,8,1600,0.5,58,doi_private_generic,direct_high,0.1616022877,0.2132103336,0.05160804596,True,35,0.001660995716,3.635398506
complex,200,8,1600,0.5,58,doi_private_generic,spillover_control,0.110137319,0.1384120205,0.02827470151,True,35,0.001660995716,3.635398506
complex,200,8,1600,0.5,58,doi_private_generic,spillover_treated,0.1731328632,0.2741224422,0.100989579,True,35,0.001660995716,3.635398506
complex,200,8,1600,0.5,58,doi_private_no_interference,direct_low,0.09860674353,0.2601212165,0.161514473,True,10,4.761124093e-06,1.596358403
complex,200,8,1600,0.5,58,doi_private_no_interference,direct_high,0.1616022877,0.2601212165,0.09851892887,True,10,4.761124093e-06,1.596358403
complex,200,8,1600,0.5,58,doi_private_no_interference,spillover_control,0.110137319,0,-0.110137319,True,10,4.761124093e-06,1.596358403
complex,200,8,1600,0.5,58,doi_private_no_interference,spillover_treated,0.1731328632,0,-0.1731328632,True,10,4.761124093e-06,1.596358403
complex,200,8,1600,1,58,design_ht,direct_low,0.09860674353,0.08710301581,-0.01150372772,True,0,0,0
complex,200,8,1600,1,58,design_ht,direct_high,0.1616022877,0.03195403489,-0.1296482528,True,0,0,0
complex,200,8,1600,1,58,design_ht,spillover_control,0.110137319,0.3014489395,0.1913116205,True,0,0,0
complex,200,8,1600,1,58,design_ht,spillover_treated,0.1731328632,0.2462999586,0.07316709541,True,0,0,0
complex,200,8,1600,1,58,doi_nonprivate_generic,direct_low,0.09860674353,0.09970638376,0.001099640227,True,71,0.005449584594,4.59617006
complex,200,8,1600,1,58,doi_nonprivate_generic,direct_high,0.1616022877,0.1600413696,-0.001560918105,True,71,0.005449584594,4.59617006
complex,200,8,1600,1,58,doi_nonprivate_generic,spillover_control,0.110137319,0.1135844101,0.003447091073,True,71,0.005449584594,4.59617006
complex,200,8,1600,1,58,doi_nonprivate_generic,spillover_treated,0.1731328632,0.1739193959,0.0007865327418,True,71,0.005449584594,4.59617006
complex,200,8,1600,1,58,doi_private_generic,direct_low,0.09860674353,0.04079039633,-0.0578163472,True,54,0.0006867276081,3.987584758
complex,200,8,1600,1,58,doi_private_generic,direct_high,0.1616022877,-0.01628846548,-0.1778907532,True,54,0.0006867276081,3.987584758
complex,200,8,1600,1,58,doi_private_generic,spillover_control,0.110137319,0.1671993581,0.05706203904,True,54,0.0006867276081,3.987584758
complex,200,8,1600,1,58,doi_private_generic,spillover_treated,0.1731328632,0.1101204963,-0.06301236691,True,54,0.0006867276081,3.987584758
complex,200,8,1600,1,58,doi_private_no_interference,direct_low,0.09860674353,0.0890844386,-0.009522304928,True,9,3.773558487e-06,1.057894909
complex,200,8,1600,1,58,doi_private_no_interference,direct_high,0.1616022877,0.0890844386,-0.07251784907,True,9,3.773558487e-06,1.057894909
complex,200,8,1600,1,58,doi_private_no_interference,spillover_control,0.110137319,0,-0.110137319,True,9,3.773558487e-06,1.057894909
complex,200,8,1600,1,58,doi_private_no_interference,spillover_treated,0.1731328632,0,-0.1731328632,True,9,3.773558487e-06,1.057894909
complex,200,8,1600,2,58,design_ht,direct_low,0.09860674353,0.2266702932,0.1280635496,True,0,0,0
complex,200,8,1600,2,58,design_ht,direct_high,0.1616022877,0.2537352929,0.09213300526,True,0,0,0
complex,200,8,1600,2,58,design_ht,spillover_control,0.110137319,0.20243147,0.09229415092,True,0,0,0
complex,200,8,1600,2,58,design_ht,spillover_treated,0.1731328632,0.2294964697,0.05636360655,True,0,0,0
complex,200,8,1600,2,58,doi_nonprivate_generic,direct_low,0.09860674353,0.09970638376,0.001099640227,True,71,0.005449584594,4.59617006
complex,200,8,1600,2,58,doi_nonprivate_generic,direct_high,0.1616022877,0.1600413696,-0.001560918105,True,71,0.005449584594,4.59617006
complex,200,8,1600,2,58,doi_nonprivate_generic,spillover_control,0.110137319,0.1135844101,0.003447091073,True,71,0.005449584594,4.59617006
complex,200,8,1600,2,58,doi_nonprivate_generic,spillover_treated,0.1731328632,0.1739193959,0.0007865327418,True,71,0.005449584594,4.59617006
complex,200,8,1600,2,58,doi_private_generic,direct_low,0.09860674353,0.1897171322,0.0911103887,True,67,0.003349957968,2.996463204
complex,200,8,1600,2,58,doi_private_generic,direct_high,0.1616022877,0.1659075223,0.004305234639,True,67,0.003349957968,2.996463204
complex,200,8,1600,2,58,doi_private_generic,spillover_control,0.110137319,0.1207862442,0.01064892511,True,67,0.003349957968,2.996463204
complex,200,8,1600,2,58,doi_private_generic,spillover_treated,0.1731328632,0.09697663423,-0.07615622895,True,67,0.003349957968,2.996463204
complex,200,8,1600,2,58,doi_private_no_interference,direct_low,0.09860674353,0.2391729899,0.1405662464,True,9,0.0002090948119,1.550765358
complex,200,8,1600,2,58,doi_private_no_interference,direct_high,0.1616022877,0.2391729899,0.07757070224,True,9,0.0002090948119,1.550765358
complex,200,8,1600,2,58,doi_private_no_interference,spillover_control,0.110137319,0,-0.110137319,True,9,0.0002090948119,1.550765358
complex,200,8,1600,2,58,doi_private_no_interference,spillover_treated,0.1731328632,0,-0.1731328632,True,9,0.0002090948119,1.550765358
complex,200,8,1600,0.5,59,design_ht,direct_low,0.09860674353,0.1152295211,0.01662277754,True,0,0,0
complex,200,8,1600,0.5,59,design_ht,direct_high,0.1616022877,0.2101400702,0.04853778256,True,0,0,0
complex,200,8,1600,0.5,59,design_ht,spillover_control,0.110137319,0.08294216901,-0.02719515003,True,0,0,0
complex,200,8,1600,0.5,59,design_ht,spillover_treated,0.1731328632,0.1778527182,0.004719854992,True,0,0,0
complex,200,8,1600,0.5,59,doi_nonprivate_generic,direct_low,0.09860674353,0.09812991441,-0.0004768291183,True,73,0.0132056791,4.595172309
complex,200,8,1600,0.5,59,doi_nonprivate_generic,direct_high,0.1616022877,0.1582825878,-0.003319699883,True,73,0.0132056791,4.595172309
complex,200,8,1600,0.5,59,doi_nonprivate_generic,spillover_control,0.110137319,0.1133702476,0.003232928545,True,73,0.0132056791,4.595172309
complex,200,8,1600,0.5,59,doi_nonprivate_generic,spillover_treated,0.1731328632,0.173522921,0.0003900577804,True,73,0.0132056791,4.595172309
complex,200,8,1600,0.5,59,doi_private_generic,direct_low,0.09860674353,0.1254373401,0.02683059658,True,46,0.0005256240913,3.21542448
complex,200,8,1600,0.5,59,doi_private_generic,direct_high,0.1616022877,0.2180822009,0.05647991325,True,46,0.0005256240913,3.21542448
complex,200,8,1600,0.5,59,doi_private_generic,spillover_control,0.110137319,-0.06245698745,-0.1725943065,True,46,0.0005256240913,3.21542448
complex,200,8,1600,0.5,59,doi_private_generic,spillover_treated,0.1731328632,0.03018787337,-0.1429449898,True,46,0.0005256240913,3.21542448
complex,200,8,1600,0.5,59,doi_private_no_interference,direct_low,0.09860674353,0.170684254,0.07207751046,True,8,1.220384392e-06,1.298565337
complex,200,8,1600,0.5,59,doi_private_no_interference,direct_high,0.1616022877,0.170684254,0.009081966316,True,8,1.220384392e-06,1.298565337
complex,200,8,1600,0.5,59,doi_private_no_interference,spillover_control,0.110137319,0,-0.110137319,True,8,1.220384392e-06,1.298565337
complex,200,8,1600,0.5,59,doi_private_no_interference,spillover_treated,0.1731328632,0,-0.1731328632,True,8,1.220384392e-06,1.298565337
complex,200,8,1600,1,59,design_ht,direct_low,0.09860674353,0.1592478163,0.06064107274,True,0,0,0
complex,200,8,1600,1,59,design_ht,direct_high,0.1616022877,0.2520512274,0.09044893974,True,0,0,0
complex,200,8,1600,1,59,design_ht,spillover_control,0.110137319,0.1374236898,0.02728637072,True,0,0,0
complex,200,8,1600,1,59,design_ht,spillover_treated,0.1731328632,0.2302271009,0.05709423773,True,0,0,0
complex,200,8,1600,1,59,doi_nonprivate_generic,direct_low,0.09860674353,0.09812991441,-0.0004768291183,True,73,0.0132056791,4.595172309
complex,200,8,1600,1,59,doi_nonprivate_generic,direct_high,0.1616022877,0.1582825878,-0.003319699883,True,73,0.0132056791,4.595172309
complex,200,8,1600,1,59,doi_nonprivate_generic,spillover_control,0.110137319,0.1133702476,0.003232928545,True,73,0.0132056791,4.595172309
complex,200,8,1600,1,59,doi_nonprivate_generic,spillover_treated,0.1731328632,0.173522921,0.0003900577804,True,73,0.0132056791,4.595172309
complex,200,8,1600,1,59,doi_private_generic,direct_low,0.09860674353,0.1287491532,0.03014240962,True,59,0.004704168236,2.958096135
complex,200,8,1600,1,59,doi_private_generic,direct_high,0.1616022877,0.1884029497,0.026800662,True,59,0.004704168236,2.958096135
complex,200,8,1600,1,59,doi_private_generic,spillover_control,0.110137319,0.1283667786,0.01822945956,True,59,0.004704168236,2.958096135
complex,200,8,1600,1,59,doi_private_generic,spillover_treated,0.1731328632,0.1880205751,0.01488771194,True,59,0.004704168236,2.958096135
complex,200,8,1600,1,59,doi_private_no_interference,direct_low,0.09860674353,0.2480091853,0.1494024418,True,9,2.75957396e-05,1.57249897
complex,200,8,1600,1,59,doi_private_no_interference,direct_high,0.1616022877,0.2480091853,0.08640689766,True,9,2.75957396e-05,1.57249897
complex,200,8,1600,1,59,doi_private_no_interference,spillover_control,0.110137319,0,-0.110137319,True,9,2.75957396e-05,1.57249897
complex,200,8,1600,1,59,doi_private_no_interference,spillover_treated,0.1731328632,0,-0.1731328632,True,9,2.75957396e-05,1.57249897
complex,200,8,1600,2,59,design_ht,direct_low,0.09860674353,0.1275674995,0.02896075601,True,0,0,0
complex,200,8,1600,2,59,design_ht,direct_high,0.1616022877,0.1746729402,0.01307065248,True,0,0,0
complex,200,8,1600,2,59,design_ht,spillover_control,0.110137319,0.1709369111,0.06079959211,True,0,0,0
complex,200,8,1600,2,59,design_ht,spillover_treated,0.1731328632,0.2180423518,0.04490948857,True,0,0,0
complex,200,8,1600,2,59,doi_nonprivate_generic,direct_low,0.09860674353,0.09812991441,-0.0004768291183,True,73,0.0132056791,4.595172309
complex,200,8,1600,2,59,doi_nonprivate_generic,direct_high,0.1616022877,0.1582825878,-0.003319699883,True,73,0.0132056791,4.595172309
complex,200,8,1600,2,59,doi_nonprivate_generic,spillover_control,0.110137319,0.1133702476,0.003232928545,True,73,0.0132056791,4.595172309
complex,200,8,1600,2,59,doi_nonprivate_generic,spillover_treated,0.1731328632,0.173522921,0.0003900577804,True,73,0.0132056791,4.595172309
complex,200,8,1600,2,59,doi_private_generic,direct_low,0.09860674353,0.1130205293,0.0144137858,True,91,0.001695369019,3.060498603
complex,200,8,1600,2,59,doi_private_generic,direct_high,0.1616022877,0.136204064,-0.02539822366,True,91,0.001695369019,3.060498603
complex,200,8,1600,2,59,doi_private_generic,spillover_control,0.110137319,0.1383566459,0.02821932687,True,91,0.001695369019,3.060498603
complex,200,8,1600,2,59,doi_private_generic,spillover_treated,0.1731328632,0.1615401806,-0.01159268258,True,91,0.001695369019,3.060498603
complex,200,8,1600,2,59,doi_private_no_interference,direct_low,0.09860674353,0.205236539,0.1066297954,True,10,2.072728812e-05,1.743407579
complex,200,8,1600,2,59,doi_private_no_interference,direct_high,0.1616022877,0.205236539,0.04363425128,True,10,2.072728812e-05,1.743407579
complex,200,8,1600,2,59,doi_private_no_interference,spillover_control,0.110137319,0,-0.110137319,True,10,2.072728812e-05,1.743407579
complex,200,8,1600,2,59,doi_private_no_interference,spillover_treated,0.1731328632,0,-0.1731328632,True,10,2.072728812e-05,1.743407579
complex,200,8,1600,0.5,60,design_ht,direct_low,0.09860674353,-0.1729058802,-0.2715126237,True,0,0,0
complex,200,8,1600,0.5,60,design_ht,direct_high,0.1616022877,0.2991896264,0.1375873388,True,0,0,0
complex,200,8,1600,0.5,60,design_ht,spillover_control,0.110137319,0.0171875,-0.09294981904,True,0,0,0
complex,200,8,1600,0.5,60,design_ht,spillover_treated,0.1731328632,0.4892830066,0.3161501434,True,0,0,0
complex,200,8,1600,0.5,60,doi_nonprivate_generic,direct_low,0.09860674353,0.09804935165,-0.0005573918865,True,52,0.001866734859,4.616988904
complex,200,8,1600,0.5,60,doi_nonprivate_generic,direct_high,0.1616022877,0.1611197323,-0.0004825553666,True,52,0.001866734859,4.616988904
complex,200,8,1600,0.5,60,doi_nonprivate_generic,spillover_control,0.110137319,0.1134721033,0.003334784267,True,52,0.001866734859,4.616988904
complex,200,8,1600,0.5,60,doi_nonprivate_generic,spillover_treated,0.1731328632,0.176542484,0.003409620787,True,52,0.001866734859,4.616988904
complex,200,8,1600,0.5,60,doi_private_generic,direct_low,0.09860674353,0.001432368759,-0.09717437477,True,37,0.001974553903,3.695846576
complex,200,8,1600,0.5,60,doi_private_generic,direct_high,0.1616022877,0.3062835749,0.1446812872,True,37,0.001974553903,3.695846576
complex,200,8,1600,0.5,60,doi_private_generic,spillover_control,0.110137319,0.03499938124,-0.0751379378,True,37,0.001974553903,3.695846576
complex,200,8,1600,0.5,60,doi_private_generic,spillover_treated,0.1731328632,0.3398505874,0.1667177242,True,37,0.001974553903,3.695846576
complex,200,8,1600,0.5,60,doi_private_no_interference,direct_low,0.09860674353,0.2493281949,0.1507214514,True,9,6.389243854e-05,1.304179756
complex,200,8,1600,0.5,60,doi_private_no_interference,direct_high,0.1616022877,0.2493281949,0.08772590726,True,9,6.389243854e-05,1.304179756
complex,200,8,1600,0.5,60,doi_private_no_interference,spillover_control,0.110137319,0,-0.110137319,True,9,6.389243854e-05,1.304179756
complex,200,8,1600,0.5,60,doi_private_no_interference,spillover_treated,0.1731328632,0,-0.1731328632,True,9,6.389243854e-05,1.304179756
complex,200,8,1600,1,60,design_ht,direct_low,0.09860674353,0.2488499172,0.1502431736,True,0,0,0
complex,200,8,1600,1,60,design_ht,direct_high,0.1616022877,0.07979105673,-0.08181123094,True,0,0,0
complex,200,8,1600,1,60,design_ht,spillover_control,0.110137319,0.2031522465,0.09301492745,True,0,0,0
complex,200,8,1600,1,60,design_ht,spillover_treated,0.1731328632,0.03409338604,-0.1390394771,True,0,0,0
complex,200,8,1600,1,60,doi_nonprivate_generic,direct_low,0.09860674353,0.09804935165,-0.0005573918865,True,52,0.001866734859,4.616988904
complex,200,8,1600,1,60,doi_nonprivate_generic,direct_high,0.1616022877,0.1611197323,-0.0004825553666,True,52,0.001866734859,4.616988904
complex,200,8,1600,1,60,doi_nonprivate_generic,spillover_control,0.110137319,0.1134721033,0.003334784267,True,52,0.001866734859,4.616988904
complex,200,8,1600,1,60,doi_nonprivate_generic,spillover_treated,0.1731328632,0.176542484,0.003409620787,True,52,0.001866734859,4.616988904
complex,200,8,1600,1,60,doi_private_generic,direct_low,0.09860674353,0.2069422482,0.1083355047,True,63,0.001625740013,3.284413075
complex,200,8,1600,1,60,doi_private_generic,direct_high,0.1616022877,0.105890797,-0.0557114907,True,63,0.001625740013,3.284413075
complex,200,8,1600,1,60,doi_private_generic,spillover_control,0.110137319,0.2256513175,0.1155139985,True,63,0.001625740013,3.284413075
complex,200,8,1600,1,60,doi_private_generic,spillover_treated,0.1731328632,0.1245998662,-0.04853299694,True,63,0.001625740013,3.284413075
complex,200,8,1600,1,60,doi_private_no_interference,direct_low,0.09860674353,0.2630854415,0.164478698,True,11,6.282329495e-06,1.551382935
complex,200,8,1600,1,60,doi_private_no_interference,direct_high,0.1616022877,0.2630854415,0.1014831538,True,11,6.282329495e-06,1.551382935
complex,200,8,1600,1,60,doi_private_no_interference,spillover_control,0.110137319,0,-0.110137319,True,11,6.282329495e-06,1.551382935
complex,200,8,1600,1,60,doi_private_no_interference,spillover_treated,0.1731328632,0,-0.1731328632,True,11,6.282329495e-06,1.551382935
complex,200,8,1600,2,60,design_ht,direct_low,0.09860674353,-0.008383382595,-0.1069901261,True,0,0,0
complex,200,8,1600,2,60,design_ht,direct_high,0.1616022877,0.139333087,-0.02226920065,True,0,0,0
complex,200,8,1600,2,60,design_ht,spillover_control,0.110137319,0.1361813227,0.02604400371,True,0,0,0
complex,200,8,1600,2,60,design_ht,spillover_treated,0.1731328632,0.2838977924,0.1107649292,True,0,0,0
complex,200,8,1600,2,60,doi_nonprivate_generic,direct_low,0.09860674353,0.09804935165,-0.0005573918865,True,52,0.001866734859,4.616988904
complex,200,8,1600,2,60,doi_nonprivate_generic,direct_high,0.1616022877,0.1611197323,-0.0004825553666,True,52,0.001866734859,4.616988904
complex,200,8,1600,2,60,doi_nonprivate_generic,spillover_control,0.110137319,0.1134721033,0.003334784267,True,52,0.001866734859,4.616988904
complex,200,8,1600,2,60,doi_nonprivate_generic,spillover_treated,0.1731328632,0.176542484,0.003409620787,True,52,0.001866734859,4.616988904
complex,200,8,1600,2,60,doi_private_generic,direct_low,0.09860674353,0.06061359327,-0.03799315026,True,71,0.001992323765,3.889797091
complex,200,8,1600,2,60,doi_private_generic,direct_high,0.1616022877,0.1632787416,0.001676453921,True,71,0.001992323765,3.889797091
complex,200,8,1600,2,60,doi_private_generic,spillover_control,0.110137319,0.1316208277,0.02148350869,True,71,0.001992323765,3.889797091
complex,200,8,1600,2,60,doi_private_generic,spillover_treated,0.1731328632,0.2342859761,0.06115311287,True,71,0.001992323765,3.889797091
complex,200,8,1600,2,60,doi_private_no_interference,direct_low,0.09860674353,0.2185144566,0.1199077131,True,10,0.0001303132298,1.38099151
complex,200,8,1600,2,60,doi_private_no_interference,direct_high,0.1616022877,0.2185144566,0.05691216894,True,10,0.0001303132298,1.38099151
complex,200,8,1600,2,60,doi_private_no_interference,spillover_control,0.110137319,0,-0.110137319,True,10,0.0001303132298,1.38099151
complex,200,8,1600,2,60,doi_private_no_interference,spillover_treated,0.1731328632,0,-0.1731328632,True,10,0.0001303132298,1.38099151
complex,200,8,1600,0.5,61,design_ht,direct_low,0.09860674353,-0.1787604012,-0.2773671448,True,0,0,0
complex,200,8,1600,0.5,61,design_ht,direct_high,0.1616022877,0.489091739,0.3274894514,True,0,0,0
complex,200,8,1600,0.5,61,design_ht,spillover_control,0.110137319,-0.1363200351,-0.2464573542,True,0,0,0
complex,200,8,1600,0.5,61,design_ht,spillover_treated,0.1731328632,0.5315321051,0.358399242,True,0,0,0
complex,200,8,1600,0.5,61,doi_nonprivate_generic,direct_low,0.09860674353,0.09899573701,0.0003889934801,True,78,0.003910899217,4.591791876
complex,200,8,1600,0.5,61,doi_nonprivate_generic,direct_high,0.1616022877,0.1577949387,-0.003807348958,True,78,0.003910899217,4.591791876
complex,200,8,1600,0.5,61,doi_nonprivate_generic,spillover_control,0.110137319,0.1162035236,0.006066204538,True,78,0.003910899217,4.591791876
complex,200,8,1600,0.5,61,doi_nonprivate_generic,spillover_treated,0.1731328632,0.1750027253,0.0018698621,True,78,0.003910899217,4.591791876
complex,200,8,1600,0.5,61,doi_private_generic,direct_low,0.09860674353,-0.05374022244,-0.152346966,True,46,0.003091010554,5.272139136
complex,200,8,1600,0.5,61,doi_private_generic,direct_high,0.1616022877,0.3435345515,0.1819322638,True,46,0.003091010554,5.272139136
complex,200,8,1600,0.5,61,doi_private_generic,spillover_control,0.110137319,-0.03494948361,-0.1450868027,True,46,0.003091010554,5.272139136
complex,200,8,1600,0.5,61,doi_private_generic,spillover_treated,0.1731328632,0.3623252903,0.1891924271,True,46,0.003091010554,5.272139136
complex,200,8,1600,0.5,61,doi_private_no_interference,direct_low,0.09860674353,0.2466941057,0.1480873622,True,11,1.947217896e-05,1.555007329
complex,200,8,1600,0.5,61,doi_private_no_interference,direct_high,0.1616022877,0.2466941057,0.08509181804,True,11,1.947217896e-05,1.555007329
complex,200,8,1600,0.5,61,doi_private_no_interference,spillover_control,0.110137319,0,-0.110137319,True,11,1.947217896e-05,1.555007329
complex,200,8,1600,0.5,61,doi_private_no_interference,spillover_treated,0.1731328632,0,-0.1731328632,True,11,1.947217896e-05,1.555007329
complex,200,8,1600,1,61,design_ht,direct_low,0.09860674353,-0.06137354418,-0.1599802877,True,0,0,0
complex,200,8,1600,1,61,design_ht,direct_high,0.1616022877,0.2626426167,0.1010403291,True,0,0,0
complex,200,8,1600,1,61,design_ht,spillover_control,0.110137319,0.04728560743,-0.06285171161,True,0,0,0
complex,200,8,1600,1,61,design_ht,spillover_treated,0.1731328632,0.3713017683,0.1981689052,True,0,0,0
complex,200,8,1600,1,61,doi_nonprivate_generic,direct_low,0.09860674353,0.09899573701,0.0003889934801,True,78,0.003910899217,4.591791876
complex,200,8,1600,1,61,doi_nonprivate_generic,direct_high,0.1616022877,0.1577949387,-0.003807348958,True,78,0.003910899217,4.591791876
complex,200,8,1600,1,61,doi_nonprivate_generic,spillover_control,0.110137319,0.1162035236,0.006066204538,True,78,0.003910899217,4.591791876
complex,200,8,1600,1,61,doi_nonprivate_generic,spillover_treated,0.1731328632,0.1750027253,0.0018698621,True,78,0.003910899217,4.591791876
complex,200,8,1600,1,61,doi_private_generic,direct_low,0.09860674353,0.01406993352,-0.08453681001,True,71,0.00136020679,4.043880164
complex,200,8,1600,1,61,doi_private_generic,direct_high,0.1616022877,0.1205877967,-0.04101449099,True,71,0.00136020679,4.043880164
complex,200,8,1600,1,61,doi_private_generic,spillover_control,0.110137319,0.1494467149,0.03930939585,True,71,0.00136020679,4.043880164
complex,200,8,1600,1,61,doi_private_generic,spillover_treated,0.1731328632,0.2559645781,0.08283171487,True,71,0.00136020679,4.043880164
complex,200,8,1600,1,61,doi_private_no_interference,direct_low,0.09860674353,0.2027308082,0.1041240646,True,11,1.436689831e-05,1.205332391
complex,200,8,1600,1,61,doi_private_no_interference,direct_high,0.1616022877,0.2027308082,0.04112852048,True,11,1.436689831e-05,1.205332391
complex,200,8,1600,1,61,doi_private_no_interference,spillover_control,0.110137319,0,-0.110137319,True,11,1.436689831e-05,1.205332391
complex,200,8,1600,1,61,doi_private_no_interference,spillover_treated,0.1731328632,0,-0.1731328632,True,11,1.436689831e-05,1.205332391
complex,200,8,1600,2,61,design_ht,direct_low,0.09860674353,0.09241794061,-0.006188802921,True,0,0,0
complex,200,8,1600,2,61,design_ht,direct_high,0.1616022877,0.2443602929,0.08275800526,True,0,0,0
complex,200,8,1600,2,61,design_ht,spillover_control,0.110137319,0.01682029374,-0.0933170253,True,0,0,0
complex,200,8,1600,2,61,design_ht,spillover_treated,0.1731328632,0.1687626461,-0.004370217113,True,0,0,0
complex,200,8,1600,2,61,doi_nonprivate_generic,direct_low,0.09860674353,0.09899573701,0.0003889934801,True,78,0.003910899217,4.591791876
complex,200,8,1600,2,61,doi_nonprivate_generic,direct_high,0.1616022877,0.1577949387,-0.003807348958,True,78,0.003910899217,4.591791876
complex,200,8,1600,2,61,doi_nonprivate_generic,spillover_control,0.110137319,0.1162035236,0.006066204538,True,78,0.003910899217,4.591791876
complex,200,8,1600,2,61,doi_nonprivate_generic,spillover_treated,0.1731328632,0.1750027253,0.0018698621,True,78,0.003910899217,4.591791876
complex,200,8,1600,2,61,doi_private_generic,direct_low,0.09860674353,0.05869407036,-0.03991267317,True,94,0.003088266421,7.884749123
complex,200,8,1600,2,61,doi_private_generic,direct_high,0.1616022877,0.1499130955,-0.01168919218,True,94,0.003088266421,7.884749123
complex,200,8,1600,2,61,doi_private_generic,spillover_control,0.110137319,0.09314969427,-0.01698762477,True,94,0.003088266421,7.884749123
complex,200,8,1600,2,61,doi_private_generic,spillover_treated,0.1731328632,0.1843687194,0.01123585622,True,94,0.003088266421,7.884749123
complex,200,8,1600,2,61,doi_private_no_interference,direct_low,0.09860674353,0.2015822379,0.1029754943,True,10,9.851513488e-05,1.38521125
complex,200,8,1600,2,61,doi_private_no_interference,direct_high,0.1616022877,0.2015822379,0.0399799502,True,10,9.851513488e-05,1.38521125
complex,200,8,1600,2,61,doi_private_no_interference,spillover_control,0.110137319,0,-0.110137319,True,10,9.851513488e-05,1.38521125
complex,200,8,1600,2,61,doi_private_no_interference,spillover_treated,0.1731328632,0,-0.1731328632,True,10,9.851513488e-05,1.38521125
complex,200,8,1600,0.5,62,design_ht,direct_low,0.09860674353,-0.02194307046,-0.120549814,True,0,0,0
complex,200,8,1600,0.5,62,design_ht,direct_high,0.1616022877,0.04894970413,-0.1126525835,True,0,0,0
complex,200,8,1600,0.5,62,design_ht,spillover_control,0.110137319,0.09342259153,-0.01671472751,True,0,0,0
complex,200,8,1600,0.5,62,design_ht,spillover_treated,0.1731328632,0.1643153661,-0.008817497071,True,0,0,0
complex,200,8,1600,0.5,62,doi_nonprivate_generic,direct_low,0.09860674353,0.09892086927,0.0003141257406,True,61,0.002311719724,4.659630752
complex,200,8,1600,0.5,62,doi_nonprivate_generic,direct_high,0.1616022877,0.159794732,-0.001807555724,True,61,0.002311719724,4.659630752
complex,200,8,1600,0.5,62,doi_nonprivate_generic,spillover_control,0.110137319,0.1145696801,0.004432361047,True,61,0.002311719724,4.659630752
complex,200,8,1600,0.5,62,doi_nonprivate_generic,spillover_treated,0.1731328632,0.1754435428,0.002310679583,True,61,0.002311719724,4.659630752
complex,200,8,1600,0.5,62,doi_private_generic,direct_low,0.09860674353,0.08847197078,-0.01013477276,True,42,0.0002220513694,3.080107314
complex,200,8,1600,0.5,62,doi_private_generic,direct_high,0.1616022877,-0.002024848137,-0.1636271358,True,42,0.0002220513694,3.080107314
complex,200,8,1600,0.5,62,doi_private_generic,spillover_control,0.110137319,0.1477507328,0.03761341371,True,42,0.0002220513694,3.080107314
complex,200,8,1600,0.5,62,doi_private_generic,spillover_treated,0.1731328632,0.05725391384,-0.1158789493,True,42,0.0002220513694,3.080107314
complex,200,8,1600,0.5,62,doi_private_no_interference,direct_low,0.09860674353,0.1039748194,0.005368075879,True,10,1.084164768e-05,0.919667211
complex,200,8,1600,0.5,62,doi_private_no_interference,direct_high,0.1616022877,0.1039748194,-0.05762746826,True,10,1.084164768e-05,0.919667211
complex,200,8,1600,0.5,62,doi_private_no_interference,spillover_control,0.110137319,0,-0.110137319,True,10,1.084164768e-05,0.919667211
complex,200,8,1600,0.5,62,doi_private_no_interference,spillover_treated,0.1731328632,0,-0.1731328632,True,10,1.084164768e-05,0.919667211
complex,200,8,1600,1,62,design_ht,direct_low,0.09860674353,0.1441487939,0.0455420504,True,0,0,0
complex,200,8,1600,1,62,design_ht,direct_high,0.1616022877,0.1362209237,-0.02538136397,True,0,0,0
complex,200,8,1600,1,62,design_ht,spillover_control,0.110137319,0.1708384777,0.06070115862,True,0,0,0
complex,200,8,1600,1,62,design_ht,spillover_treated,0.1731328632,0.1629106074,-0.01022225575,True,0,0,0
complex,200,8,1600,1,62,doi_nonprivate_generic,direct_low,0.09860674353,0.09892086927,0.0003141257406,True,61,0.002311719724,4.659630752
complex,200,8,1600,1,62,doi_nonprivate_generic,direct_high,0.1616022877,0.159794732,-0.001807555724,True,61,0.002311719724,4.659630752
complex,200,8,1600,1,62,doi_nonprivate_generic,spillover_control,0.110137319,0.1145696801,0.004432361047,True,61,0.002311719724,4.659630752
complex,200,8,1600,1,62,doi_nonprivate_generic,spillover_treated,0.1731328632,0.1754435428,0.002310679583,True,61,0.002311719724,4.659630752
complex,200,8,1600,1,62,doi_private_generic,direct_low,0.09860674353,0.1392583791,0.04065163559,True,46,0.001817580114,4.923596547
complex,200,8,1600,1,62,doi_private_generic,direct_high,0.1616022877,0.2069544962,0.04535220852,True,46,0.001817580114,4.923596547
complex,200,8,1600,1,62,doi_private_generic,spillover_control,0.110137319,0.08624477946,-0.02389253958,True,46,0.001817580114,4.923596547
complex,200,8,1600,1,62,doi_private_generic,spillover_treated,0.1731328632,0.1539408965,-0.01919196665,True,46,0.001817580114,4.923596547
complex,200,8,1600,1,62,doi_private_no_interference,direct_low,0.09860674353,0.248144743,0.1495379995,True,10,0.0003241902669,1.859745513
complex,200,8,1600,1,62,doi_private_no_interference,direct_high,0.1616022877,0.248144743,0.08654245534,True,10,0.0003241902669,1.859745513
complex,200,8,1600,1,62,doi_private_no_interference,spillover_control,0.110137319,0,-0.110137319,True,10,0.0003241902669,1.859745513
complex,200,8,1600,1,62,doi_private_no_interference,spillover_treated,0.1731328632,0,-0.1731328632,True,10,0.0003241902669,1.859745513
complex,200,8,1600,2,62,design_ht,direct_low,0.09860674353,0.08555617553,-0.013050568,True,0,0,0
complex,200,8,1600,2,62,design_ht,direct_high,0.1616022877,0.04945588168,-0.112146406,True,0,0,0
complex,200,8,1600,2,62,design_ht,spillover_control,0.110137319,0.2506102929,0.1404729739,True,0,0,0
complex,200,8,1600,2,62,design_ht,spillover_treated,0.1731328632,0.2145099991,0.0413771359,True,0,0,0
complex,200,8,1600,2,62,doi_nonprivate_generic,direct_low,0.09860674353,0.09892086927,0.0003141257406,True,61,0.002311719724,4.659630752
complex,200,8,1600,2,62,doi_nonprivate_generic,direct_high,0.1616022877,0.159794732,-0.001807555724,True,61,0.002311719724,4.659630752
complex,200,8,1600,2,62,doi_nonprivate_generic,spillover_control,0.110137319,0.1145696801,0.004432361047,True,61,0.002311719724,4.659630752
complex,200,8,1600,2,62,doi_nonprivate_generic,spillover_treated,0.1731328632,0.1754435428,0.002310679583,True,61,0.002311719724,4.659630752
complex,200,8,1600,2,62,doi_private_generic,direct_low,0.09860674353,0.1487573569,0.05015061337,True,76,0.0007706530068,3.356064684
complex,200,8,1600,2,62,doi_private_generic,direct_high,0.1616022877,0.08908051757,-0.07252177011,True,76,0.0007706530068,3.356064684
complex,200,8,1600,2,62,doi_private_generic,spillover_control,0.110137319,0.191557094,0.081419775,True,76,0.0007706530068,3.356064684
complex,200,8,1600,2,62,doi_private_generic,spillover_treated,0.1731328632,0.1318802547,-0.04125260847,True,76,0.0007706530068,3.356064684
complex,200,8,1600,2,62,doi_private_no_interference,direct_low,0.09860674353,0.2157546677,0.1171479242,True,10,1.417134894e-05,1.248398052
complex,200,8,1600,2,62,doi_private_no_interference,direct_high,0.1616022877,0.2157546677,0.05415238006,True,10,1.417134894e-05,1.248398052
complex,200,8,1600,2,62,doi_private_no_interference,spillover_control,0.110137319,0,-0.110137319,True,10,1.417134894e-05,1.248398052
complex,200,8,1600,2,62,doi_private_no_interference,spillover_treated,0.1731328632,0,-0.1731328632,True,10,1.417134894e-05,1.248398052
complex,200,8,1600,0.5,63,design_ht,direct_low,0.09860674353,0.416049718,0.3174429744,True,0,0,0
complex,200,8,1600,0.5,63,design_ht,direct_high,0.1616022877,0.2721149223,0.1105126346,True,0,0,0
complex,200,8,1600,0.5,63,design_ht,spillover_control,0.110137319,0.1439412676,0.03380394852,True,0,0,0
complex,200,8,1600,0.5,63,design_ht,spillover_treated,0.1731328632,6.47190487e-06,-0.1731263913,True,0,0,0
complex,200,8,1600,0.5,63,doi_nonprivate_generic,direct_low,0.09860674353,0.09816580825,-0.0004409352826,True,100,0.001771470309,4.502528291
complex,200,8,1600,0.5,63,doi_nonprivate_generic,direct_high,0.1616022877,0.1554112627,-0.006191025008,True,100,0.001771470309,4.502528291
complex,200,8,1600,0.5,63,doi_nonprivate_generic,spillover_control,0.110137319,0.1162231416,0.006085822542,True,100,0.001771470309,4.502528291
complex,200,8,1600,0.5,63,doi_nonprivate_generic,spillover_treated,0.1731328632,0.173468596,0.0003357328165,True,100,0.001771470309,4.502528291
complex,200,8,1600,0.5,63,doi_private_generic,direct_low,0.09860674353,0.3113445378,0.2127377942,True,46,0.0006717219668,4.230241066
complex,200,8,1600,0.5,63,doi_private_generic,direct_high,0.1616022877,0.2558139761,0.09421168844,True,46,0.0006717219668,4.230241066
complex,200,8,1600,0.5,63,doi_private_generic,spillover_control,0.110137319,0.07083553166,-0.03930178738,True,46,0.0006717219668,4.230241066
complex,200,8,1600,0.5,63,doi_private_generic,spillover_treated,0.1731328632,0.01530497002,-0.1578278932,True,46,0.0006717219668,4.230241066
complex,200,8,1600,0.5,63,doi_private_no_interference,direct_low,0.09860674353,0.3195516565,0.220944913,True,10,6.792918909e-05,2.71030412
complex,200,8,1600,0.5,63,doi_private_no_interference,direct_high,0.1616022877,0.3195516565,0.1579493688,True,10,6.792918909e-05,2.71030412
complex,200,8,1600,0.5,63,doi_private_no_interference,spillover_control,0.110137319,0,-0.110137319,True,10,6.792918909e-05,2.71030412
complex,200,8,1600,0.5,63,doi_private_no_interference,spillover_treated,0.1731328632,0,-0.1731328632,True,10,6.792918909e-05,2.71030412
complex,200,8,1600,1,63,design_ht,direct_low,0.09860674353,-0.006570673948,-0.1051774175,True,0,0,0
complex,200,8,1600,1,63,design_ht,direct_high,0.1616022877,0.1074545758,-0.05414771187,True,0,0,0
complex,200,8,1600,1,63,design_ht,spillover_control,0.110137319,0.249937313,0.139799994,True,0,0,0
complex,200,8,1600,1,63,design_ht,spillover_treated,0.1731328632,0.3639625628,0.1908296996,True,0,0,0
complex,200,8,1600,1,63,doi_nonprivate_generic,direct_low,0.09860674353,0.09816580825,-0.0004409352826,True,100,0.001771470309,4.502528291
complex,200,8,1600,1,63,doi_nonprivate_generic,direct_high,0.1616022877,0.1554112627,-0.006191025008,True,100,0.001771470309,4.502528291
complex,200,8,1600,1,63,doi_nonprivate_generic,spillover_control,0.110137319,0.1162231416,0.006085822542,True,100,0.001771470309,4.502528291
complex,200,8,1600,1,63,doi_nonprivate_generic,spillover_treated,0.1731328632,0.173468596,0.0003357328165,True,100,0.001771470309,4.502528291
complex,200,8,1600,1,63,doi_private_generic,direct_low,0.09860674353,-0.04355113952,-0.142157883,True,77,0.0008149306631,2.625013386
complex,200,8,1600,1,63,doi_private_generic,direct_high,0.1616022877,0.05282027424,-0.1087820134,True,77,0.0008149306631,2.625013386
complex,200,8,1600,1,63,doi_private_generic,spillover_control,0.110137319,0.1776523975,0.06751507847,True,77,0.0008149306631,2.625013386
complex,200,8,1600,1,63,doi_private_generic,spillover_treated,0.1731328632,0.2740238113,0.1008909481,True,77,0.0008149306631,2.625013386
complex,200,8,1600,1,63,doi_private_no_interference,direct_low,0.09860674353,0.1523298135,0.05372306996,True,9,7.160550333e-05,1.443622161
complex,200,8,1600,1,63,doi_private_no_interference,direct_high,0.1616022877,0.1523298135,-0.009272474184,True,9,7.160550333e-05,1.443622161
complex,200,8,1600,1,63,doi_private_no_interference,spillover_control,0.110137319,0,-0.110137319,True,9,7.160550333e-05,1.443622161
complex,200,8,1600,1,63,doi_private_no_interference,spillover_treated,0.1731328632,0,-0.1731328632,True,9,7.160550333e-05,1.443622161
complex,200,8,1600,2,63,design_ht,direct_low,0.09860674353,0.1692383816,0.07063163803,True,0,0,0
complex,200,8,1600,2,63,design_ht,direct_high,0.1616022877,0.259468675,0.09786638729,True,0,0,0
complex,200,8,1600,2,63,design_ht,spillover_control,0.110137319,0.129945441,0.01980812191,True,0,0,0
complex,200,8,1600,2,63,design_ht,spillover_treated,0.1731328632,0.2201757344,0.04704287117,True,0,0,0
complex,200,8,1600,2,63,doi_nonprivate_generic,direct_low,0.09860674353,0.09816580825,-0.0004409352826,True,100,0.001771470309,4.502528291
complex,200,8,1600,2,63,doi_nonprivate_generic,direct_high,0.1616022877,0.1554112627,-0.006191025008,True,100,0.001771470309,4.502528291
complex,200,8,1600,2,63,doi_nonprivate_generic,spillover_control,0.110137319,0.1162231416,0.006085822542,True,100,0.001771470309,4.502528291
complex,200,8,1600,2,63,doi_nonprivate_generic,spillover_treated,0.1731328632,0.173468596,0.0003357328165,True,100,0.001771470309,4.502528291
complex,200,8,1600,2,63,doi_private_generic,direct_low,0.09860674353,0.103425827,0.004819083458,True,71,0.005210277871,4.475080572
complex,200,8,1600,2,63,doi_private_generic,direct_high,0.1616022877,0.2313583581,0.06975607043,True,71,0.005210277871,4.475080572
complex,200,8,1600,2,63,doi_private_generic,spillover_control,0.110137319,0.05088373326,-0.05925358578,True,71,0.005210277871,4.475080572
complex,200,8,1600,2,63,doi_private_generic,spillover_treated,0.1731328632,0.1788162644,0.005683401195,True,71,0.005210277871,4.475080572
complex,200,8,1600,2,63,doi_private_no_interference,direct_low,0.09860674353,0.2354163629,0.1368096193,True,10,1.17089437e-05,1.770573167
complex,200,8,1600,2,63,doi_private_no_interference,direct_high,0.1616022877,0.2354163629,0.07381407519,True,10,1.17089437e-05,1.770573167
complex,200,8,1600,2,63,doi_private_no_interference,spillover_control,0.110137319,0,-0.110137319,True,10,1.17089437e-05,1.770573167
complex,200,8,1600,2,63,doi_private_no_interference,spillover_treated,0.1731328632,0,-0.1731328632,True,10,1.17089437e-05,1.770573167
complex,200,8,1600,0.5,64,design_ht,direct_low,0.09860674353,0.3730226054,0.2744158618,True,0,0,0
complex,200,8,1600,0.5,64,design_ht,direct_high,0.1616022877,0.09139654214,-0.07020574553,True,0,0,0
complex,200,8,1600,0.5,64,design_ht,spillover_control,0.110137319,-0.008720183055,-0.1188575021,True,0,0,0
complex,200,8,1600,0.5,64,design_ht,spillover_treated,0.1731328632,-0.2903462463,-0.4634791095,True,0,0,0
complex,200,8,1600,0.5,64,doi_nonprivate_generic,direct_low,0.09860674353,0.1006860092,0.002079265649,True,67,0.001799146982,4.612707204
complex,200,8,1600,0.5,64,doi_nonprivate_generic,direct_high,0.1616022877,0.1575786103,-0.00402367739,True,67,0.001799146982,4.612707204
complex,200,8,1600,0.5,64,doi_nonprivate_generic,spillover_control,0.110137319,0.1138147403,0.003677421294,True,67,0.001799146982,4.612707204
complex,200,8,1600,0.5,64,doi_nonprivate_generic,spillover_treated,0.1731328632,0.1707073414,-0.002425521745,True,67,0.001799146982,4.612707204
complex,200,8,1600,0.5,64,doi_private_generic,direct_low,0.09860674353,0.1582527609,0.05964601735,True,47,0.001174791435,6.525943541
complex,200,8,1600,0.5,64,doi_private_generic,direct_high,0.1616022877,-0.06805141937,-0.229653707,True,47,0.001174791435,6.525943541
complex,200,8,1600,0.5,64,doi_private_generic,spillover_control,0.110137319,0.2327022669,0.1225649479,True,47,0.001174791435,6.525943541
complex,200,8,1600,0.5,64,doi_private_generic,spillover_treated,0.1731328632,0.006398086664,-0.1667347765,True,47,0.001174791435,6.525943541
complex,200,8,1600,0.5,64,doi_private_no_interference,direct_low,0.09860674353,0.1217743783,0.02316763476,True,9,2.927298688e-05,1.962792086
complex,200,8,1600,0.5,64,doi_private_no_interference,direct_high,0.1616022877,0.1217743783,-0.03982790938,True,9,2.927298688e-05,1.962792086
complex,200,8,1600,0.5,64,doi_private_no_interference,spillover_control,0.110137319,0,-0.110137319,True,9,2.927298688e-05,1.962792086
complex,200,8,1600,0.5,64,doi_private_no_interference,spillover_treated,0.1731328632,0,-0.1731328632,True,9,2.927298688e-05,1.962792086
complex,200,8,1600,1,64,design_ht,direct_low,0.09860674353,0.295570487,0.1969637434,True,0,0,0
complex,200,8,1600,1,64,design_ht,direct_high,0.1616022877,0.3315861069,0.1699838193,True,0,0,0
complex,200,8,1600,1,64,design_ht,spillover_control,0.110137319,0.08327398093,-0.02686333811,True,0,0,0
complex,200,8,1600,1,64,design_ht,spillover_treated,0.1731328632,0.1192896009,-0.05384326227,True,0,0,0
complex,200,8,1600,1,64,doi_nonprivate_generic,direct_low,0.09860674353,0.1006860092,0.002079265649,True,67,0.001799146982,4.612707204
complex,200,8,1600,1,64,doi_nonprivate_generic,direct_high,0.1616022877,0.1575786103,-0.00402367739,True,67,0.001799146982,4.612707204
complex,200,8,1600,1,64,doi_nonprivate_generic,spillover_control,0.110137319,0.1138147403,0.003677421294,True,67,0.001799146982,4.612707204
complex,200,8,1600,1,64,doi_nonprivate_generic,spillover_treated,0.1731328632,0.1707073414,-0.002425521745,True,67,0.001799146982,4.612707204
complex,200,8,1600,1,64,doi_private_generic,direct_low,0.09860674353,0.154878021,0.05627127751,True,56,0.001266972222,5.259910643
complex,200,8,1600,1,64,doi_private_generic,direct_high,0.1616022877,0.3269991352,0.1653968476,True,56,0.001266972222,5.259910643
complex,200,8,1600,1,64,doi_private_generic,spillover_control,0.110137319,0.09822607777,-0.01191124127,True,56,0.001266972222,5.259910643
complex,200,8,1600,1,64,doi_private_generic,spillover_treated,0.1731328632,0.270347192,0.09721432879,True,56,0.001266972222,5.259910643
complex,200,8,1600,1,64,doi_private_no_interference,direct_low,0.09860674353,0.3516396388,0.2530328953,True,12,0.0006159860057,2.206845132
complex,200,8,1600,1,64,doi_private_no_interference,direct_high,0.1616022877,0.3516396388,0.1900373512,True,12,0.0006159860057,2.206845132
complex,200,8,1600,1,64,doi_private_no_interference,spillover_control,0.110137319,0,-0.110137319,True,12,0.0006159860057,2.206845132
complex,200,8,1600,1,64,doi_private_no_interference,spillover_treated,0.1731328632,0,-0.1731328632,True,12,0.0006159860057,2.206845132
complex,200,8,1600,2,64,design_ht,direct_low,0.09860674353,0.2008280875,0.1022213439,True,0,0,0
complex,200,8,1600,2,64,design_ht,direct_high,0.1616022877,-0.08293441137,-0.244536699,True,0,0,0
complex,200,8,1600,2,64,design_ht,spillover_control,0.110137319,0.2985445571,0.1884072381,True,0,0,0
complex,200,8,1600,2,64,design_ht,spillover_treated,0.1731328632,0.01478205824,-0.1583508049,True,0,0,0
complex,200,8,1600,2,64,doi_nonprivate_generic,direct_low,0.09860674353,0.1006860092,0.002079265649,True,67,0.001799146982,4.612707204
complex,200,8,1600,2,64,doi_nonprivate_generic,direct_high,0.1616022877,0.1575786103,-0.00402367739,True,67,0.001799146982,4.612707204
complex,200,8,1600,2,64,doi_nonprivate_generic,spillover_control,0.110137319,0.1138147403,0.003677421294,True,67,0.001799146982,4.612707204
complex,200,8,1600,2,64,doi_nonprivate_generic,spillover_treated,0.1731328632,0.1707073414,-0.002425521745,True,67,0.001799146982,4.612707204
complex,200,8,1600,2,64,doi_private_generic,direct_low,0.09860674353,0.1462532003,0.04764645679,True,73,0.001073079454,5.626007178
complex,200,8,1600,2,64,doi_private_generic,direct_high,0.1616022877,-0.06875657851,-0.2303588662,True,73,0.001073079454,5.626007178
complex,200,8,1600,2,64,doi_private_generic,spillover_control,0.110137319,0.2911485616,0.1810112426,True,73,0.001073079454,5.626007178
complex,200,8,1600,2,64,doi_private_generic,spillover_treated,0.1731328632,0.07613878281,-0.09699408037,True,73,0.001073079454,5.626007178
complex,200,8,1600,2,64,doi_private_no_interference,direct_low,0.09860674353,0.1352016974,0.03659495387,True,9,6.263891119e-05,2.323299771
complex,200,8,1600,2,64,doi_private_no_interference,direct_high,0.1616022877,0.1352016974,-0.02640059028,True,9,6.263891119e-05,2.323299771
complex,200,8,1600,2,64,doi_private_no_interference,spillover_control,0.110137319,0,-0.110137319,True,9,6.263891119e-05,2.323299771
complex,200,8,1600,2,64,doi_private_no_interference,spillover_treated,0.1731328632,0,-0.1731328632,True,9,6.263891119e-05,2.323299771
complex,200,8,1600,0.5,65,design_ht,direct_low,0.09860674353,0.2187305843,0.1201238408,True,0,0,0
complex,200,8,1600,0.5,65,design_ht,direct_high,0.1616022877,0.01393283099,-0.1476694567,True,0,0,0
complex,200,8,1600,0.5,65,design_ht,spillover_control,0.110137319,0.3843426405,0.2742053214,True,0,0,0
complex,200,8,1600,0.5,65,design_ht,spillover_treated,0.1731328632,0.1795448872,0.006412024,True,0,0,0
complex,200,8,1600,0.5,65,doi_nonprivate_generic,direct_low,0.09860674353,0.0961222975,-0.002484446029,True,82,0.001826942938,4.525444389
complex,200,8,1600,0.5,65,doi_nonprivate_generic,direct_high,0.1616022877,0.1542022652,-0.00740002252,True,82,0.001826942938,4.525444389
complex,200,8,1600,0.5,65,doi_nonprivate_generic,spillover_control,0.110137319,0.1163377422,0.006200423134,True,82,0.001826942938,4.525444389
complex,200,8,1600,0.5,65,doi_nonprivate_generic,spillover_treated,0.1731328632,0.1744177098,0.001284846644,True,82,0.001826942938,4.525444389
complex,200,8,1600,0.5,65,doi_private_generic,direct_low,0.09860674353,0.1102271549,0.0116204114,True,46,0.002805815129,3.997095528
complex,200,8,1600,0.5,65,doi_private_generic,direct_high,0.1616022877,0.1616201556,1.786793975e-05,True,46,0.002805815129,3.997095528
complex,200,8,1600,0.5,65,doi_private_generic,spillover_control,0.110137319,0.1988765065,0.08873918747,True,46,0.002805815129,3.997095528
complex,200,8,1600,0.5,65,doi_private_generic,spillover_treated,0.1731328632,0.2502695072,0.07713664401,True,46,0.002805815129,3.997095528
complex,200,8,1600,0.5,65,doi_private_no_interference,direct_low,0.09860674353,0.2641275459,0.1655208024,True,9,6.197581663e-05,2.256204312
complex,200,8,1600,0.5,65,doi_private_no_interference,direct_high,0.1616022877,0.2641275459,0.1025252582,True,9,6.197581663e-05,2.256204312
complex,200,8,1600,0.5,65,doi_private_no_interference,spillover_control,0.110137319,0,-0.110137319,True,9,6.197581663e-05,2.256204312
complex,200,8,1600,0.5,65,doi_private_no_interference,spillover_treated,0.1731328632,0,-0.1731328632,True,9,6.197581663e-05,2.256204312
complex,200,8,1600,1,65,design_ht,direct_low,0.09860674353,-0.02108103163,-0.1196877752,True,0,0,0
complex,200,8,1600,1,65,design_ht,direct_high,0.1616022877,0.2096584237,0.04805613603,True,0,0,0
complex,200,8,1600,1,65,design_ht,spillover_control,0.110137319,0.1266660567,0.01652873769,True,0,0,0
complex,200,8,1600,1,65,design_ht,spillover_treated,0.1731328632,0.3574055121,0.1842726489,True,0,0,0
complex,200,8,1600,1,65,doi_nonprivate_generic,direct_low,0.09860674353,0.0961222975,-0.002484446029,True,82,0.001826942938,4.525444389
complex,200,8,1600,1,65,doi_nonprivate_generic,direct_high,0.1616022877,0.1542022652,-0.00740002252,True,82,0.001826942938,4.525444389
complex,200,8,1600,1,65,doi_nonprivate_generic,spillover_control,0.110137319,0.1163377422,0.006200423134,True,82,0.001826942938,4.525444389
complex,200,8,1600,1,65,doi_nonprivate_generic,spillover_treated,0.1731328632,0.1744177098,0.001284846644,True,82,0.001826942938,4.525444389
complex,200,8,1600,1,65,doi_private_generic,direct_low,0.09860674353,0.02393735955,-0.07466938398,True,58,0.0008148398417,3.14209315
complex,200,8,1600,1,65,doi_private_generic,direct_high,0.1616022877,0.18071926,0.01911697236,True,58,0.0008148398417,3.14209315
complex,200,8,1600,1,65,doi_private_generic,spillover_control,0.110137319,0.1120397384,0.001902419386,True,58,0.0008148398417,3.14209315
complex,200,8,1600,1,65,doi_private_generic,spillover_treated,0.1731328632,0.2688216389,0.09568877573,True,58,0.0008148398417,3.14209315
complex,200,8,1600,1,65,doi_private_no_interference,direct_low,0.09860674353,0.2217161181,0.1231093746,True,9,0.0001040505835,1.69238512
complex,200,8,1600,1,65,doi_private_no_interference,direct_high,0.1616022877,0.2217161181,0.06011383043,True,9,0.0001040505835,1.69238512
complex,200,8,1600,1,65,doi_private_no_interference,spillover_control,0.110137319,0,-0.110137319,True,9,0.0001040505835,1.69238512
complex,200,8,1600,1,65,doi_private_no_interference,spillover_treated,0.1731328632,0,-0.1731328632,True,9,0.0001040505835,1.69238512
complex,200,8,1600,2,65,design_ht,direct_low,0.09860674353,0.1306241167,0.03201737319,True,0,0,0
complex,200,8,1600,2,65,design_ht,direct_high,0.1616022877,0.1823902931,0.02078800538,True,0,0,0
complex,200,8,1600,2,65,design_ht,spillover_control,0.110137319,0.08567882298,-0.02445849606,True,0,0,0
complex,200,8,1600,2,65,design_ht,spillover_treated,0.1731328632,0.1374449993,-0.03568786387,True,0,0,0
complex,200,8,1600,2,65,doi_nonprivate_generic,direct_low,0.09860674353,0.0961222975,-0.002484446029,True,82,0.001826942938,4.525444389
complex,200,8,1600,2,65,doi_nonprivate_generic,direct_high,0.1616022877,0.1542022652,-0.00740002252,True,82,0.001826942938,4.525444389
complex,200,8,1600,2,65,doi_nonprivate_generic,spillover_control,0.110137319,0.1163377422,0.006200423134,True,82,0.001826942938,4.525444389
complex,200,8,1600,2,65,doi_nonprivate_generic,spillover_treated,0.1731328632,0.1744177098,0.001284846644,True,82,0.001826942938,4.525444389
complex,200,8,1600,2,65,doi_private_generic,direct_low,0.09860674353,0.1522143182,0.05360757468,True,71,0.005603812528,3.82890574
complex,200,8,1600,2,65,doi_private_generic,direct_high,0.1616022877,0.1227028967,-0.03889939096,True,71,0.005603812528,3.82890574
complex,200,8,1600,2,65,doi_private_generic,spillover_control,0.110137319,0.1220489911,0.01191167204,True,71,0.005603812528,3.82890574
complex,200,8,1600,2,65,doi_private_generic,spillover_treated,0.1731328632,0.09253756958,-0.0805952936,True,71,0.005603812528,3.82890574
complex,200,8,1600,2,65,doi_private_no_interference,direct_low,0.09860674353,0.2077993473,0.1091926038,True,11,1.276510081e-06,1.442882548
complex,200,8,1600,2,65,doi_private_no_interference,direct_high,0.1616022877,0.2077993473,0.04619705964,True,11,1.276510081e-06,1.442882548
complex,200,8,1600,2,65,doi_private_no_interference,spillover_control,0.110137319,0,-0.110137319,True,11,1.276510081e-06,1.442882548
complex,200,8,1600,2,65,doi_private_no_interference,spillover_treated,0.1731328632,0,-0.1731328632,True,11,1.276510081e-06,1.442882548
complex,200,8,1600,0.5,66,design_ht,direct_low,0.09860674353,0.3548528799,0.2562461364,True,0,0,0
complex,200,8,1600,0.5,66,design_ht,direct_high,0.1616022877,0.03085452107,-0.1307477666,True,0,0,0
complex,200,8,1600,0.5,66,design_ht,spillover_control,0.110137319,0.2030504576,0.0929131386,True,0,0,0
complex,200,8,1600,0.5,66,design_ht,spillover_treated,0.1731328632,-0.1209479012,-0.2940807644,True,0,0,0
complex,200,8,1600,0.5,66,doi_nonprivate_generic,direct_low,0.09860674353,0.09965715711,0.00105041358,True,77,0.007098632281,4.61469324
complex,200,8,1600,0.5,66,doi_nonprivate_generic,direct_high,0.1616022877,0.1574244399,-0.004177847786,True,77,0.007098632281,4.61469324
complex,200,8,1600,0.5,66,doi_nonprivate_generic,spillover_control,0.110137319,0.1163637965,0.006226477481,True,77,0.007098632281,4.61469324
complex,200,8,1600,0.5,66,doi_nonprivate_generic,spillover_treated,0.1731328632,0.1741310793,0.0009982161146,True,77,0.007098632281,4.61469324
complex,200,8,1600,0.5,66,doi_private_generic,direct_low,0.09860674353,0.2938039695,0.195197226,True,46,0.001165911879,5.439235462
complex,200,8,1600,0.5,66,doi_private_generic,direct_high,0.1616022877,0.1188100391,-0.04279224856,True,46,0.001165911879,5.439235462
complex,200,8,1600,0.5,66,doi_private_generic,spillover_control,0.110137319,0.03355012792,-0.07658719112,True,46,0.001165911879,5.439235462
complex,200,8,1600,0.5,66,doi_private_generic,spillover_treated,0.1731328632,-0.1414438025,-0.3145766656,True,46,0.001165911879,5.439235462
complex,200,8,1600,0.5,66,doi_private_no_interference,direct_low,0.09860674353,0.1813312825,0.08272453898,True,9,3.78146182e-05,2.235331823
complex,200,8,1600,0.5,66,doi_private_no_interference,direct_high,0.1616022877,0.1813312825,0.01972899484,True,9,3.78146182e-05,2.235331823
complex,200,8,1600,0.5,66,doi_private_no_interference,spillover_control,0.110137319,0,-0.110137319,True,9,3.78146182e-05,2.235331823
complex,200,8,1600,0.5,66,doi_private_no_interference,spillover_treated,0.1731328632,0,-0.1731328632,True,9,3.78146182e-05,2.235331823
complex,200,8,1600,1,66,design_ht,direct_low,0.09860674353,0.09376362325,-0.004843120285,True,0,0,0
complex,200,8,1600,1,66,design_ht,direct_high,0.1616022877,0.1526398921,-0.008962395599,True,0,0,0
complex,200,8,1600,1,66,design_ht,spillover_control,0.110137319,0.1776262688,0.06748894979,True,0,0,0
complex,200,8,1600,1,66,design_ht,spillover_treated,0.1731328632,0.2365025377,0.06336967447,True,0,0,0
complex,200,8,1600,1,66,doi_nonprivate_generic,direct_low,0.09860674353,0.09965715711,0.00105041358,True,77,0.007098632281,4.61469324
complex,200,8,1600,1,66,doi_nonprivate_generic,direct_high,0.1616022877,0.1574244399,-0.004177847786,True,77,0.007098632281,4.61469324
complex,200,8,1600,1,66,doi_nonprivate_generic,spillover_control,0.110137319,0.1163637965,0.006226477481,True,77,0.007098632281,4.61469324
complex,200,8,1600,1,66,doi_nonprivate_generic,spillover_treated,0.1731328632,0.1741310793,0.0009982161146,True,77,0.007098632281,4.61469324
complex,200,8,1600,1,66,doi_private_generic,direct_low,0.09860674353,0.1049398131,0.006333069587,True,57,0.0005088845081,5.042729428
complex,200,8,1600,1,66,doi_private_generic,direct_high,0.1616022877,0.1805653328,0.01896304508,True,57,0.0005088845081,5.042729428
complex,200,8,1600,1,66,doi_private_generic,spillover_control,0.110137319,0.09742926993,-0.01270804911,True,57,0.0005088845081,5.042729428
complex,200,8,1600,1,66,doi_private_generic,spillover_treated,0.1731328632,0.1730547896,-7.807362287e-05,True,57,0.0005088845081,5.042729428
complex,200,8,1600,1,66,doi_private_no_interference,direct_low,0.09860674353,0.2180748156,0.1194680721,True,10,6.242838586e-05,1.633736075
complex,200,8,1600,1,66,doi_private_no_interference,direct_high,0.1616022877,0.2180748156,0.05647252794,True,10,6.242838586e-05,1.633736075
complex,200,8,1600,1,66,doi_private_no_interference,spillover_control,0.110137319,0,-0.110137319,True,10,6.242838586e-05,1.633736075
complex,200,8,1600,1,66,doi_private_no_interference,spillover_treated,0.1731328632,0,-0.1731328632,True,10,6.242838586e-05,1.633736075
complex,200,8,1600,2,66,design_ht,direct_low,0.09860674353,0.1023363229,0.003729579331,True,0,0,0
complex,200,8,1600,2,66,design_ht,direct_high,0.1616022877,0.1991154397,0.03751315202,True,0,0,0
complex,200,8,1600,2,66,design_ht,spillover_control,0.110137319,0.1396192644,0.02948194535,True,0,0,0
complex,200,8,1600,2,66,design_ht,spillover_treated,0.1731328632,0.2363983812,0.06326551804,True,0,0,0
complex,200,8,1600,2,66,doi_nonprivate_generic,direct_low,0.09860674353,0.09965715711,0.00105041358,True,77,0.007098632281,4.61469324
complex,200,8,1600,2,66,doi_nonprivate_generic,direct_high,0.1616022877,0.1574244399,-0.004177847786,True,77,0.007098632281,4.61469324
complex,200,8,1600,2,66,doi_nonprivate_generic,spillover_control,0.110137319,0.1163637965,0.006226477481,True,77,0.007098632281,4.61469324
complex,200,8,1600,2,66,doi_nonprivate_generic,spillover_treated,0.1731328632,0.1741310793,0.0009982161146,True,77,0.007098632281,4.61469324
complex,200,8,1600,2,66,doi_private_generic,direct_low,0.09860674353,0.1121512179,0.01354447434,True,65,0.003851892935,2.3013482
complex,200,8,1600,2,66,doi_private_generic,direct_high,0.1616022877,0.18249968,0.02089739234,True,65,0.003851892935,2.3013482
complex,200,8,1600,2,66,doi_private_generic,spillover_control,0.110137319,0.1109492859,0.0008119669071,True,65,0.003851892935,2.3013482
complex,200,8,1600,2,66,doi_private_generic,spillover_treated,0.1731328632,0.1812977481,0.008164884911,True,65,0.003851892935,2.3013482
complex,200,8,1600,2,66,doi_private_no_interference,direct_low,0.09860674353,0.232246247,0.1336395034,True,8,9.351434206e-05,1.251124805
complex,200,8,1600,2,66,doi_private_no_interference,direct_high,0.1616022877,0.232246247,0.07064395929,True,8,9.351434206e-05,1.251124805
complex,200,8,1600,2,66,doi_private_no_interference,spillover_control,0.110137319,0,-0.110137319,True,8,9.351434206e-05,1.251124805
complex,200,8,1600,2,66,doi_private_no_interference,spillover_treated,0.1731328632,0,-0.1731328632,True,8,9.351434206e-05,1.251124805
complex,200,8,1600,0.5,67,design_ht,direct_low,0.09860674353,-0.1558415773,-0.2544483208,True,0,0,0
complex,200,8,1600,0.5,67,design_ht,direct_high,0.1616022877,0.3134563378,0.1518540501,True,0,0,0
complex,200,8,1600,0.5,67,design_ht,spillover_control,0.110137319,-0.06757650702,-0.1777138261,True,0,0,0
complex,200,8,1600,0.5,67,design_ht,spillover_treated,0.1731328632,0.401721408,0.2285885449,True,0,0,0
complex,200,8,1600,0.5,67,doi_nonprivate_generic,direct_low,0.09860674353,0.09543381687,-0.003172926661,True,75,0.005546721538,4.515619972
complex,200,8,1600,0.5,67,doi_nonprivate_generic,direct_high,0.1616022877,0.1602480183,-0.001354269331,True,75,0.005546721538,4.515619972
complex,200,8,1600,0.5,67,doi_nonprivate_generic,spillover_control,0.110137319,0.114614919,0.004477599952,True,75,0.005546721538,4.515619972
complex,200,8,1600,0.5,67,doi_nonprivate_generic,spillover_treated,0.1731328632,0.1794291205,0.006296257282,True,75,0.005546721538,4.515619972
complex,200,8,1600,0.5,67,doi_private_generic,direct_low,0.09860674353,-0.08577682592,-0.1843835694,True,48,0.001855613383,3.878547917
complex,200,8,1600,0.5,67,doi_private_generic,direct_high,0.1616022877,0.1398047671,-0.02179752052,True,48,0.001855613383,3.878547917
complex,200,8,1600,0.5,67,doi_private_generic,spillover_control,0.110137319,0.03959143438,-0.07054588466,True,48,0.001855613383,3.878547917
complex,200,8,1600,0.5,67,doi_private_generic,spillover_treated,0.1731328632,0.2651730274,0.09204016426,True,48,0.001855613383,3.878547917
complex,200,8,1600,0.5,67,doi_private_no_interference,direct_low,0.09860674353,0.1254657088,0.02685896527,True,9,1.471590276e-05,2.303021651
complex,200,8,1600,0.5,67,doi_private_no_interference,direct_high,0.1616022877,0.1254657088,-0.03613657888,True,9,1.471590276e-05,2.303021651
complex,200,8,1600,0.5,67,doi_private_no_interference,spillover_control,0.110137319,0,-0.110137319,True,9,1.471590276e-05,2.303021651
complex,200,8,1600,0.5,67,doi_private_no_interference,spillover_treated,0.1731328632,0,-0.1731328632,True,9,1.471590276e-05,2.303021651
complex,200,8,1600,1,67,design_ht,direct_low,0.09860674353,0.1020239809,0.003417237394,True,0,0,0
complex,200,8,1600,1,67,design_ht,direct_high,0.1616022877,0.2145376042,0.0529353165,True,0,0,0
complex,200,8,1600,1,67,design_ht,spillover_control,0.110137319,0.01918604418,-0.09095127486,True,0,0,0
complex,200,8,1600,1,67,design_ht,spillover_treated,0.1731328632,0.1316996674,-0.04143319576,True,0,0,0
complex,200,8,1600,1,67,doi_nonprivate_generic,direct_low,0.09860674353,0.09543381687,-0.003172926661,True,75,0.005546721538,4.515619972
complex,200,8,1600,1,67,doi_nonprivate_generic,direct_high,0.1616022877,0.1602480183,-0.001354269331,True,75,0.005546721538,4.515619972
complex,200,8,1600,1,67,doi_nonprivate_generic,spillover_control,0.110137319,0.114614919,0.004477599952,True,75,0.005546721538,4.515619972
complex,200,8,1600,1,67,doi_nonprivate_generic,spillover_treated,0.1731328632,0.1794291205,0.006296257282,True,75,0.005546721538,4.515619972
complex,200,8,1600,1,67,doi_private_generic,direct_low,0.09860674353,0.05812716717,-0.04047957636,True,59,0.002193840738,4.651897208
complex,200,8,1600,1,67,doi_private_generic,direct_high,0.1616022877,0.09838477694,-0.06321751074,True,59,0.002193840738,4.651897208
complex,200,8,1600,1,67,doi_private_generic,spillover_control,0.110137319,0.1220912111,0.01195389203,True,59,0.002193840738,4.651897208
complex,200,8,1600,1,67,doi_private_generic,spillover_treated,0.1731328632,0.1623488208,-0.01078404235,True,59,0.002193840738,4.651897208
complex,200,8,1600,1,67,doi_private_no_interference,direct_low,0.09860674353,0.1667100626,0.06810331908,True,10,1.537252835e-05,0.934692217
complex,200,8,1600,1,67,doi_private_no_interference,direct_high,0.1616022877,0.1667100626,0.005107774934,True,10,1.537252835e-05,0.934692217
complex,200,8,1600,1,67,doi_private_no_interference,spillover_control,0.110137319,0,-0.110137319,True,10,1.537252835e-05,0.934692217
complex,200,8,1600,1,67,doi_private_no_interference,spillover_treated,0.1731328632,0,-0.1731328632,True,10,1.537252835e-05,0.934692217
complex,200,8,1600,2,67,design_ht,direct_low,0.09860674353,0.1839394109,0.08533266738,True,0,0,0
complex,200,8,1600,2,67,design_ht,direct_high,0.1616022877,0.1757738229,0.01417153519,True,0,0,0
complex,200,8,1600,2,67,design_ht,spillover_control,0.110137319,0.1259499989,0.01581267982,True,0,0,0
complex,200,8,1600,2,67,design_ht,spillover_treated,0.1731328632,0.1177844108,-0.05534845238,True,0,0,0
complex,200,8,1600,2,67,doi_nonprivate_generic,direct_low,0.09860674353,0.09543381687,-0.003172926661,True,75,0.005546721538,4.515619972
complex,200,8,1600,2,67,doi_nonprivate_generic,direct_high,0.1616022877,0.1602480183,-0.001354269331,True,75,0.005546721538,4.515619972
complex,200,8,1600,2,67,doi_nonprivate_generic,spillover_control,0.110137319,0.114614919,0.004477599952,True,75,0.005546721538,4.515619972
complex,200,8,1600,2,67,doi_nonprivate_generic,spillover_treated,0.1731328632,0.1794291205,0.006296257282,True,75,0.005546721538,4.515619972
complex,200,8,1600,2,67,doi_private_generic,direct_low,0.09860674353,0.1218546459,0.02324790233,True,74,0.002022896874,3.33914058
complex,200,8,1600,2,67,doi_private_generic,direct_high,0.1616022877,0.1169742248,-0.04462806289,True,74,0.002022896874,3.33914058
complex,200,8,1600,2,67,doi_private_generic,spillover_control,0.110137319,0.1510785007,0.04094118168,True,74,0.002022896874,3.33914058
complex,200,8,1600,2,67,doi_private_generic,spillover_treated,0.1731328632,0.1461980796,-0.02693478354,True,74,0.002022896874,3.33914058
complex,200,8,1600,2,67,doi_private_no_interference,direct_low,0.09860674353,0.21906429,0.1204575465,True,10,2.671645457e-05,1.768326558
complex,200,8,1600,2,67,doi_private_no_interference,direct_high,0.1616022877,0.21906429,0.05746200235,True,10,2.671645457e-05,1.768326558
complex,200,8,1600,2,67,doi_private_no_interference,spillover_control,0.110137319,0,-0.110137319,True,10,2.671645457e-05,1.768326558
complex,200,8,1600,2,67,doi_private_no_interference,spillover_treated,0.1731328632,0,-0.1731328632,True,10,2.671645457e-05,1.768326558
complex,200,8,1600,0.5,68,design_ht,direct_low,0.09860674353,-0.09875843657,-0.1973651801,True,0,0,0
complex,200,8,1600,0.5,68,design_ht,direct_high,0.1616022877,0.05234051405,-0.1092617736,True,0,0,0
complex,200,8,1600,0.5,68,design_ht,spillover_control,0.110137319,0.1546000138,0.04446269479,True,0,0,0
complex,200,8,1600,0.5,68,design_ht,spillover_treated,0.1731328632,0.3056989644,0.1325661013,True,0,0,0
complex,200,8,1600,0.5,68,doi_nonprivate_generic,direct_low,0.09860674353,0.09759799115,-0.001008752381,True,67,0.0006712310111,4.555639052
complex,200,8,1600,0.5,68,doi_nonprivate_generic,direct_high,0.1616022877,0.1611592447,-0.0004430429472,True,67,0.0006712310111,4.555639052
complex,200,8,1600,0.5,68,doi_nonprivate_generic,spillover_control,0.110137319,0.1124628168,0.002325497711,True,67,0.0006712310111,4.555639052
complex,200,8,1600,0.5,68,doi_nonprivate_generic,spillover_treated,0.1731328632,0.1760240703,0.002891207145,True,67,0.0006712310111,4.555639052
complex,200,8,1600,0.5,68,doi_private_generic,direct_low,0.09860674353,0.008781941322,-0.08982480221,True,45,0.0003662197647,3.925968632
complex,200,8,1600,0.5,68,doi_private_generic,direct_high,0.1616022877,0.0110028883,-0.1505993994,True,45,0.0003662197647,3.925968632
complex,200,8,1600,0.5,68,doi_private_generic,spillover_control,0.110137319,0.231432205,0.1212948859,True,45,0.0003662197647,3.925968632
complex,200,8,1600,0.5,68,doi_private_generic,spillover_treated,0.1731328632,0.2336531519,0.06052028876,True,45,0.0003662197647,3.925968632
complex,200,8,1600,0.5,68,doi_private_no_interference,direct_low,0.09860674353,0.1672704829,0.06866373941,True,10,1.742974472e-05,1.363944389
complex,200,8,1600,0.5,68,doi_private_no_interference,direct_high,0.1616022877,0.1672704829,0.005668195263,True,10,1.742974472e-05,1.363944389
complex,200,8,1600,0.5,68,doi_private_no_interference,spillover_control,0.110137319,0,-0.110137319,True,10,1.742974472e-05,1.363944389
complex,200,8,1600,0.5,68,doi_private_no_interference,spillover_treated,0.1731328632,0,-0.1731328632,True,10,1.742974472e-05,1.363944389
complex,200,8,1600,1,68,design_ht,direct_low,0.09860674353,0.02816405999,-0.07044268354,True,0,0,0
complex,200,8,1600,1,68,design_ht,direct_high,0.1616022877,0.1154978163,-0.04610447141,True,0,0,0
complex,200,8,1600,1,68,design_ht,spillover_control,0.110137319,-0.01717387675,-0.1273111958,True,0,0,0
complex,200,8,1600,1,68,design_ht,spillover_treated,0.1731328632,0.07015987952,-0.1029729837,True,0,0,0
complex,200,8,1600,1,68,doi_nonprivate_generic,direct_low,0.09860674353,0.09759799115,-0.001008752381,True,67,0.0006712310111,4.555639052
complex,200,8,1600,1,68,doi_nonprivate_generic,direct_high,0.1616022877,0.1611592447,-0.0004430429472,True,67,0.0006712310111,4.555639052
complex,200,8,1600,1,68,doi_nonprivate_generic,spillover_control,0.110137319,0.1124628168,0.002325497711,True,67,0.0006712310111,4.555639052
complex,200,8,1600,1,68,doi_nonprivate_generic,spillover_treated,0.1731328632,0.1760240703,0.002891207145,True,67,0.0006712310111,4.555639052
complex,200,8,1600,1,68,doi_private_generic,direct_low,0.09860674353,0.02181221299,-0.07679453054,True,67,0.000739884482,6.620900362
complex,200,8,1600,1,68,doi_private_generic,direct_high,0.1616022877,0.1654114249,0.003809137188,True,67,0.000739884482,6.620900362
complex,200,8,1600,1,68,doi_private_generic,spillover_control,0.110137319,0.009229164112,-0.1009081549,True,67,0.000739884482,6.620900362
complex,200,8,1600,1,68,doi_private_generic,spillover_treated,0.1731328632,0.152828376,-0.0203044872,True,67,0.000739884482,6.620900362
complex,200,8,1600,1,68,doi_private_no_interference,direct_low,0.09860674353,0.1486054019,0.04999865841,True,8,0.0002680932653,1.673829074
complex,200,8,1600,1,68,doi_private_no_interference,direct_high,0.1616022877,0.1486054019,-0.01299688573,True,8,0.0002680932653,1.673829074
complex,200,8,1600,1,68,doi_private_no_interference,spillover_control,0.110137319,0,-0.110137319,True,8,0.0002680932653,1.673829074
complex,200,8,1600,1,68,doi_private_no_interference,spillover_treated,0.1731328632,0,-0.1731328632,True,8,0.0002680932653,1.673829074
complex,200,8,1600,2,68,design_ht,direct_low,0.09860674353,0.0529205876,-0.04568615594,True,0,0,0
complex,200,8,1600,2,68,design_ht,direct_high,0.1616022877,0.1515208815,-0.01008140622,True,0,0,0
complex,200,8,1600,2,68,design_ht,spillover_control,0.110137319,0.03243117553,-0.07770614351,True,0,0,0
complex,200,8,1600,2,68,design_ht,spillover_treated,0.1731328632,0.1310314694,-0.04210139379,True,0,0,0
complex,200,8,1600,2,68,doi_nonprivate_generic,direct_low,0.09860674353,0.09759799115,-0.001008752381,True,67,0.0006712310111,4.555639052
complex,200,8,1600,2,68,doi_nonprivate_generic,direct_high,0.1616022877,0.1611592447,-0.0004430429472,True,67,0.0006712310111,4.555639052
complex,200,8,1600,2,68,doi_nonprivate_generic,spillover_control,0.110137319,0.1124628168,0.002325497711,True,67,0.0006712310111,4.555639052
complex,200,8,1600,2,68,doi_nonprivate_generic,spillover_treated,0.1731328632,0.1760240703,0.002891207145,True,67,0.0006712310111,4.555639052
complex,200,8,1600,2,68,doi_private_generic,direct_low,0.09860674353,0.08714250423,-0.0114642393,True,90,0.001746446822,5.102457479
complex,200,8,1600,2,68,doi_private_generic,direct_high,0.1616022877,0.1172087346,-0.0443935531,True,90,0.001746446822,5.102457479
complex,200,8,1600,2,68,doi_private_generic,spillover_control,0.110137319,0.1460028335,0.03586551449,True,90,0.001746446822,5.102457479
complex,200,8,1600,2,68,doi_private_generic,spillover_treated,0.1731328632,0.1760690639,0.002936200699,True,90,0.001746446822,5.102457479
complex,200,8,1600,2,68,doi_private_no_interference,direct_low,0.09860674353,0.2044871518,0.1058804083,True,10,8.094937203e-05,1.741027365
complex,200,8,1600,2,68,doi_private_no_interference,direct_high,0.1616022877,0.2044871518,0.04288486417,True,10,8.094937203e-05,1.741027365
complex,200,8,1600,2,68,doi_private_no_interference,spillover_control,0.110137319,0,-0.110137319,True,10,8.094937203e-05,1.741027365
complex,200,8,1600,2,68,doi_private_no_interference,spillover_treated,0.1731328632,0,-0.1731328632,True,10,8.094937203e-05,1.741027365
complex,200,8,1600,0.5,69,design_ht,direct_low,0.09860674353,0.08221928161,-0.01638746192,True,0,0,0
complex,200,8,1600,0.5,69,design_ht,direct_high,0.1616022877,0.1147659717,-0.04683631599,True,0,0,0
complex,200,8,1600,0.5,69,design_ht,spillover_control,0.110137319,0.1910626618,0.08092534273,True,0,0,0
complex,200,8,1600,0.5,69,design_ht,spillover_treated,0.1731328632,0.2236093518,0.05047648866,True,0,0,0
complex,200,8,1600,0.5,69,doi_nonprivate_generic,direct_low,0.09860674353,0.09588187218,-0.002724871355,True,78,0.002123726172,4.574552566
complex,200,8,1600,0.5,69,doi_nonprivate_generic,direct_high,0.1616022877,0.1568609069,-0.004741380731,True,78,0.002123726172,4.574552566
complex,200,8,1600,0.5,69,doi_nonprivate_generic,spillover_control,0.110137319,0.1142678021,0.004130483018,True,78,0.002123726172,4.574552566
complex,200,8,1600,0.5,69,doi_nonprivate_generic,spillover_treated,0.1731328632,0.1752468368,0.002113973642,True,78,0.002123726172,4.574552566
complex,200,8,1600,0.5,69,doi_private_generic,direct_low,0.09860674353,0.09765596188,-0.0009507816549,True,48,0.0001752413917,4.860988446
complex,200,8,1600,0.5,69,doi_private_generic,direct_high,0.1616022877,0.1522157689,-0.009386518797,True,48,0.0001752413917,4.860988446
complex,200,8,1600,0.5,69,doi_private_generic,spillover_control,0.110137319,0.2267968585,0.1166595394,True,48,0.0001752413917,4.860988446
complex,200,8,1600,0.5,69,doi_private_generic,spillover_treated,0.1731328632,0.2813566655,0.1082238023,True,48,0.0001752413917,4.860988446
complex,200,8,1600,0.5,69,doi_private_no_interference,direct_low,0.09860674353,0.2658257217,0.1672189782,True,9,0.0002695757668,2.048495201
complex,200,8,1600,0.5,69,doi_private_no_interference,direct_high,0.1616022877,0.2658257217,0.104223434,True,9,0.0002695757668,2.048495201
complex,200,8,1600,0.5,69,doi_private_no_interference,spillover_control,0.110137319,0,-0.110137319,True,9,0.0002695757668,2.048495201
complex,200,8,1600,0.5,69,doi_private_no_interference,spillover_treated,0.1731328632,0,-0.1731328632,True,9,0.0002695757668,2.048495201
complex,200,8,1600,1,69,design_ht,direct_low,0.09860674353,0.1093631865,0.01075644297,True,0,0,0
complex,200,8,1600,1,69,design_ht,direct_high,0.1616022877,0.1592614395,-0.002340848159,True,0,0,0
complex,200,8,1600,1,69,design_ht,spillover_control,0.110137319,0.07708847766,-0.03304884138,True,0,0,0
complex,200,8,1600,1,69,design_ht,spillover_treated,0.1731328632,0.1269867307,-0.0461461325,True,0,0,0
complex,200,8,1600,1,69,doi_nonprivate_generic,direct_low,0.09860674353,0.09588187218,-0.002724871355,True,78,0.002123726172,4.574552566
complex,200,8,1600,1,69,doi_nonprivate_generic,direct_high,0.1616022877,0.1568609069,-0.004741380731,True,78,0.002123726172,4.574552566
complex,200,8,1600,1,69,doi_nonprivate_generic,spillover_control,0.110137319,0.1142678021,0.004130483018,True,78,0.002123726172,4.574552566
complex,200,8,1600,1,69,doi_nonprivate_generic,spillover_treated,0.1731328632,0.1752468368,0.002113973642,True,78,0.002123726172,4.574552566
complex,200,8,1600,1,69,doi_private_generic,direct_low,0.09860674353,0.165507669,0.06690092542,True,67,0.0009467676718,4.119434924
complex,200,8,1600,1,69,doi_private_generic,direct_high,0.1616022877,0.1096155581,-0.05198672957,True,67,0.0009467676718,4.119434924
complex,200,8,1600,1,69,doi_private_generic,spillover_control,0.110137319,0.2027241413,0.09258682224,True,67,0.0009467676718,4.119434924
complex,200,8,1600,1,69,doi_private_generic,spillover_treated,0.1731328632,0.1468320304,-0.02630083276,True,67,0.0009467676718,4.119434924
complex,200,8,1600,1,69,doi_private_no_interference,direct_low,0.09860674353,0.2358712836,0.1372645401,True,11,6.324724097e-05,1.669477305
complex,200,8,1600,1,69,doi_private_no_interference,direct_high,0.1616022877,0.2358712836,0.07426899597,True,11,6.324724097e-05,1.669477305
complex,200,8,1600,1,69,doi_private_no_interference,spillover_control,0.110137319,0,-0.110137319,True,11,6.324724097e-05,1.669477305
complex,200,8,1600,1,69,doi_private_no_interference,spillover_treated,0.1731328632,0,-0.1731328632,True,11,6.324724097e-05,1.669477305
complex,200,8,1600,2,69,design_ht,direct_low,0.09860674353,0.03610029386,-0.06250644968,True,0,0,0
complex,200,8,1600,2,69,design_ht,direct_high,0.1616022877,-0.001304559046,-0.1629068467,True,0,0,0
complex,200,8,1600,2,69,design_ht,spillover_control,0.110137319,0.1486538224,0.03851650337,True,0,0,0
complex,200,8,1600,2,69,design_ht,spillover_treated,0.1731328632,0.1112489695,-0.06188389368,True,0,0,0
complex,200,8,1600,2,69,doi_nonprivate_generic,direct_low,0.09860674353,0.09588187218,-0.002724871355,True,78,0.002123726172,4.574552566
complex,200,8,1600,2,69,doi_nonprivate_generic,direct_high,0.1616022877,0.1568609069,-0.004741380731,True,78,0.002123726172,4.574552566
complex,200,8,1600,2,69,doi_nonprivate_generic,spillover_control,0.110137319,0.1142678021,0.004130483018,True,78,0.002123726172,4.574552566
complex,200,8,1600,2,69,doi_nonprivate_generic,spillover_treated,0.1731328632,0.1752468368,0.002113973642,True,78,0.002123726172,4.574552566
complex,200,8,1600,2,69,doi_private_generic,direct_low,0.09860674353,0.04063460807,-0.05797213546,True,62,0.002484502075,2.342002562
complex,200,8,1600,2,69,doi_private_generic,direct_high,0.1616022877,0.04811174736,-0.1134905403,True,62,0.002484502075,2.342002562
complex,200,8,1600,2,69,doi_private_generic,spillover_control,0.110137319,0.1479149846,0.03777766555,True,62,0.002484502075,2.342002562
complex,200,8,1600,2,69,doi_private_generic,spillover_treated,0.1731328632,0.1553921239,-0.01774073931,True,62,0.002484502075,2.342002562
complex,200,8,1600,2,69,doi_private_no_interference,direct_low,0.09860674353,0.1317883017,0.03318155813,True,9,1.462401025e-05,1.041465057
complex,200,8,1600,2,69,doi_private_no_interference,direct_high,0.1616022877,0.1317883017,-0.02981398601,True,9,1.462401025e-05,1.041465057
complex,200,8,1600,2,69,doi_private_no_interference,spillover_control,0.110137319,0,-0.110137319,True,9,1.462401025e-05,1.041465057
complex,200,8,1600,2,69,doi_private_no_interference,spillover_treated,0.1731328632,0,-0.1731328632,True,9,1.462401025e-05,1.041465057
complex,200,8,1600,0.5,70,design_ht,direct_low,0.09860674353,0.1992706407,0.1006638972,True,0,0,0
complex,200,8,1600,0.5,70,design_ht,direct_high,0.1616022877,-0.05325466901,-0.2148569567,True,0,0,0
complex,200,8,1600,0.5,70,design_ht,spillover_control,0.110137319,0.3182670349,0.2081297159,True,0,0,0
complex,200,8,1600,0.5,70,design_ht,spillover_treated,0.1731328632,0.0657417252,-0.107391138,True,0,0,0
complex,200,8,1600,0.5,70,doi_nonprivate_generic,direct_low,0.09860674353,0.09659744964,-0.002009293894,True,83,0.001899356405,4.593639378
complex,200,8,1600,0.5,70,doi_nonprivate_generic,direct_high,0.1616022877,0.1578466633,-0.003755624374,True,83,0.001899356405,4.593639378
complex,200,8,1600,0.5,70,doi_nonprivate_generic,spillover_control,0.110137319,0.1148380857,0.004700766623,True,83,0.001899356405,4.593639378
complex,200,8,1600,0.5,70,doi_nonprivate_generic,spillover_treated,0.1731328632,0.1760872993,0.002954436144,True,83,0.001899356405,4.593639378
complex,200,8,1600,0.5,70,doi_private_generic,direct_low,0.09860674353,0.1793921145,0.08078537101,True,40,0.000885826733,6.800916316
complex,200,8,1600,0.5,70,doi_private_generic,direct_high,0.1616022877,0.01245342317,-0.1491488645,True,40,0.000885826733,6.800916316
complex,200,8,1600,0.5,70,doi_private_generic,spillover_control,0.110137319,0.3180233581,0.207886039,True,40,0.000885826733,6.800916316
complex,200,8,1600,0.5,70,doi_private_generic,spillover_treated,0.1731328632,0.1510846667,-0.02204819646,True,40,0.000885826733,6.800916316
complex,200,8,1600,0.5,70,doi_private_no_interference,direct_low,0.09860674353,0.2136523122,0.1150455686,True,11,8.821736705e-06,1.166659266
complex,200,8,1600,0.5,70,doi_private_no_interference,direct_high,0.1616022877,0.2136523122,0.0520500245,True,11,8.821736705e-06,1.166659266
complex,200,8,1600,0.5,70,doi_private_no_interference,spillover_control,0.110137319,0,-0.110137319,True,11,8.821736705e-06,1.166659266
complex,200,8,1600,0.5,70,doi_private_no_interference,spillover_treated,0.1731328632,0,-0.1731328632,True,11,8.821736705e-06,1.166659266
complex,200,8,1600,1,70,design_ht,direct_low,0.09860674353,0.1934311358,0.09482439227,True,0,0,0
complex,200,8,1600,1,70,design_ht,direct_high,0.1616022877,0.1323273921,-0.0292748956,True,0,0,0
complex,200,8,1600,1,70,design_ht,spillover_control,0.110137319,0.1262690725,0.01613175351,True,0,0,0
complex,200,8,1600,1,70,design_ht,spillover_treated,0.1731328632,0.06516532882,-0.1079675344,True,0,0,0
complex,200,8,1600,1,70,doi_nonprivate_generic,direct_low,0.09860674353,0.09659744964,-0.002009293894,True,83,0.001899356405,4.593639378
complex,200,8,1600,1,70,doi_nonprivate_generic,direct_high,0.1616022877,0.1578466633,-0.003755624374,True,83,0.001899356405,4.593639378
complex,200,8,1600,1,70,doi_nonprivate_generic,spillover_control,0.110137319,0.1148380857,0.004700766623,True,83,0.001899356405,4.593639378
complex,200,8,1600,1,70,doi_nonprivate_generic,spillover_treated,0.1731328632,0.1760872993,0.002954436144,True,83,0.001899356405,4.593639378
complex,200,8,1600,1,70,doi_private_generic,direct_low,0.09860674353,0.181827761,0.08322101749,True,62,0.0006503762328,3.001221719
complex,200,8,1600,1,70,doi_private_generic,direct_high,0.1616022877,0.1327069777,-0.02889531002,True,62,0.0006503762328,3.001221719
complex,200,8,1600,1,70,doi_private_generic,spillover_control,0.110137319,0.1914033322,0.08126601312,True,62,0.0006503762328,3.001221719
complex,200,8,1600,1,70,doi_private_generic,spillover_treated,0.1731328632,0.1422825488,-0.03085031439,True,62,0.0006503762328,3.001221719
complex,200,8,1600,1,70,doi_private_no_interference,direct_low,0.09860674353,0.2414835058,0.1428767623,True,11,2.663364957e-06,2.365756372
complex,200,8,1600,1,70,doi_private_no_interference,direct_high,0.1616022877,0.2414835058,0.07988121816,True,11,2.663364957e-06,2.365756372
complex,200,8,1600,1,70,doi_private_no_interference,spillover_control,0.110137319,0,-0.110137319,True,11,2.663364957e-06,2.365756372
complex,200,8,1600,1,70,doi_private_no_interference,spillover_treated,0.1731328632,0,-0.1731328632,True,11,2.663364957e-06,2.365756372
complex,200,8,1600,2,70,design_ht,direct_low,0.09860674353,0.1568335287,0.05822678513,True,0,0,0
complex,200,8,1600,2,70,design_ht,direct_high,0.1616022877,0.1623899986,0.0007877109521,True,0,0,0
complex,200,8,1600,2,70,design_ht,spillover_control,0.110137319,0.08944235233,-0.02069496671,True,0,0,0
complex,200,8,1600,2,70,design_ht,spillover_treated,0.1731328632,0.09499882229,-0.07813404089,True,0,0,0
complex,200,8,1600,2,70,doi_nonprivate_generic,direct_low,0.09860674353,0.09659744964,-0.002009293894,True,83,0.001899356405,4.593639378
complex,200,8,1600,2,70,doi_nonprivate_generic,direct_high,0.1616022877,0.1578466633,-0.003755624374,True,83,0.001899356405,4.593639378
complex,200,8,1600,2,70,doi_nonprivate_generic,spillover_control,0.110137319,0.1148380857,0.004700766623,True,83,0.001899356405,4.593639378
complex,200,8,1600,2,70,doi_nonprivate_generic,spillover_treated,0.1731328632,0.1760872993,0.002954436144,True,83,0.001899356405,4.593639378
complex,200,8,1600,2,70,doi_private_generic,direct_low,0.09860674353,0.1194514849,0.02084474141,True,79,0.003219973822,8.415875924
complex,200,8,1600,2,70,doi_private_generic,direct_high,0.1616022877,0.1844107368,0.0228084491,True,79,0.003219973822,8.415875924
complex,200,8,1600,2,70,doi_private_generic,spillover_control,0.110137319,0.1415258202,0.0313885012,True,79,0.003219973822,8.415875924
complex,200,8,1600,2,70,doi_private_generic,spillover_treated,0.1731328632,0.2064850721,0.03335220889,True,79,0.003219973822,8.415875924
complex,200,8,1600,2,70,doi_private_no_interference,direct_low,0.09860674353,0.2394677103,0.1408609668,True,11,6.978923359e-05,1.464516436
complex,200,8,1600,2,70,doi_private_no_interference,direct_high,0.1616022877,0.2394677103,0.07786542262,True,11,6.978923359e-05,1.464516436
complex,200,8,1600,2,70,doi_private_no_interference,spillover_control,0.110137319,0,-0.110137319,True,11,6.978923359e-05,1.464516436
complex,200,8,1600,2,70,doi_private_no_interference,spillover_treated,0.1731328632,0,-0.1731328632,True,11,6.978923359e-05,1.464516436
complex,200,8,1600,0.5,71,design_ht,direct_low,0.09860674353,0.02850753512,-0.07009920841,True,0,0,0
complex,200,8,1600,0.5,71,design_ht,direct_high,0.1616022877,0.3384498659,0.1768475782,True,0,0,0
complex,200,8,1600,0.5,71,design_ht,spillover_control,0.110137319,0.104817169,-0.005320150032,True,0,0,0
complex,200,8,1600,0.5,71,design_ht,spillover_treated,0.1731328632,0.4147594998,0.2416266366,True,0,0,0
complex,200,8,1600,0.5,71,doi_nonprivate_generic,direct_low,0.09860674353,0.09737670793,-0.0012300356,True,79,0.001768641519,4.581672694
complex,200,8,1600,0.5,71,doi_nonprivate_generic,direct_high,0.1616022877,0.1590021313,-0.002600156407,True,79,0.001768641519,4.581672694
complex,200,8,1600,0.5,71,doi_nonprivate_generic,spillover_control,0.110137319,0.1148047254,0.004667406324,True,79,0.001768641519,4.581672694
complex,200,8,1600,0.5,71,doi_nonprivate_generic,spillover_treated,0.1731328632,0.1764301487,0.003297285517,True,79,0.001768641519,4.581672694
complex,200,8,1600,0.5,71,doi_private_generic,direct_low,0.09860674353,0.1349555442,0.03634880068,True,48,0.0007429164818,2.023043281
complex,200,8,1600,0.5,71,doi_private_generic,direct_high,0.1616022877,0.3022968896,0.140694602,True,48,0.0007429164818,2.023043281
complex,200,8,1600,0.5,71,doi_private_generic,spillover_control,0.110137319,0.0005336527174,-0.1096036663,True,48,0.0007429164818,2.023043281
complex,200,8,1600,0.5,71,doi_private_generic,spillover_treated,0.1731328632,0.1678749981,-0.005257865045,True,48,0.0007429164818,2.023043281
complex,200,8,1600,0.5,71,doi_private_no_interference,direct_low,0.09860674353,0.268632431,0.1700256875,True,9,1.762999632e-05,1.5761723
complex,200,8,1600,0.5,71,doi_private_no_interference,direct_high,0.1616022877,0.268632431,0.1070301434,True,9,1.762999632e-05,1.5761723
complex,200,8,1600,0.5,71,doi_private_no_interference,spillover_control,0.110137319,0,-0.110137319,True,9,1.762999632e-05,1.5761723
complex,200,8,1600,0.5,71,doi_private_no_interference,spillover_treated,0.1731328632,0,-0.1731328632,True,9,1.762999632e-05,1.5761723
complex,200,8,1600,1,71,design_ht,direct_low,0.09860674353,0.06805958836,-0.03054715517,True,0,0,0
complex,200,8,1600,1,71,design_ht,direct_high,0.1616022877,0.1156386232,-0.04596366443,True,0,0,0
complex,200,8,1600,1,71,design_ht,spillover_control,0.110137319,0.3621693223,0.2520320033,True,0,0,0
complex,200,8,1600,1,71,design_ht,spillover_treated,0.1731328632,0.4097483572,0.236615494,True,0,0,0
complex,200,8,1600,1,71,doi_nonprivate_generic,direct_low,0.09860674353,0.09737670793,-0.0012300356,True,79,0.001768641519,4.581672694
complex,200,8,1600,1,71,doi_nonprivate_generic,direct_high,0.1616022877,0.1590021313,-0.002600156407,True,79,0.001768641519,4.581672694
complex,200,8,1600,1,71,doi_nonprivate_generic,spillover_control,0.110137319,0.1148047254,0.004667406324,True,79,0.001768641519,4.581672694
complex,200,8,1600,1,71,doi_nonprivate_generic,spillover_treated,0.1731328632,0.1764301487,0.003297285517,True,79,0.001768641519,4.581672694
complex,200,8,1600,1,71,doi_private_generic,direct_low,0.09860674353,0.1867840306,0.08817728706,True,81,0.001559815816,4.558674831
complex,200,8,1600,1,71,doi_private_generic,direct_high,0.1616022877,0.03363030635,-0.1279719813,True,81,0.001559815816,4.558674831
complex,200,8,1600,1,71,doi_private_generic,spillover_control,0.110137319,0.3328439007,0.2227065817,True,81,0.001559815816,4.558674831
complex,200,8,1600,1,71,doi_private_generic,spillover_treated,0.1731328632,0.1796901765,0.006557313327,True,81,0.001559815816,4.558674831
complex,200,8,1600,1,71,doi_private_no_interference,direct_low,0.09860674353,0.2677964803,0.1691897368,True,10,1.306323828e-05,1.415854393
complex,200,8,1600,1,71,doi_private_no_interference,direct_high,0.1616022877,0.2677964803,0.1061941926,True,10,1.306323828e-05,1.415854393
complex,200,8,1600,1,71,doi_private_no_interference,spillover_control,0.110137319,0,-0.110137319,True,10,1.306323828e-05,1.415854393
complex,200,8,1600,1,71,doi_private_no_interference,spillover_treated,0.1731328632,0,-0.1731328632,True,10,1.306323828e-05,1.415854393
complex,200,8,1600,2,71,design_ht,direct_low,0.09860674353,0.04975470511,-0.04885203842,True,0,0,0
complex,200,8,1600,2,71,design_ht,direct_high,0.1616022877,0.1201080876,-0.04149420008,True,0,0,0
complex,200,8,1600,2,71,design_ht,spillover_control,0.110137319,0.244102352,0.1339650329,True,0,0,0
complex,200,8,1600,2,71,design_ht,spillover_treated,0.1731328632,0.3144557345,0.1413228713,True,0,0,0
complex,200,8,1600,2,71,doi_nonprivate_generic,direct_low,0.09860674353,0.09737670793,-0.0012300356,True,79,0.001768641519,4.581672694
complex,200,8,1600,2,71,doi_nonprivate_generic,direct_high,0.1616022877,0.1590021313,-0.002600156407,True,79,0.001768641519,4.581672694
complex,200,8,1600,2,71,doi_nonprivate_generic,spillover_control,0.110137319,0.1148047254,0.004667406324,True,79,0.001768641519,4.581672694
complex,200,8,1600,2,71,doi_nonprivate_generic,spillover_treated,0.1731328632,0.1764301487,0.003297285517,True,79,0.001768641519,4.581672694
complex,200,8,1600,2,71,doi_private_generic,direct_low,0.09860674353,0.1142890445,0.01568230093,True,75,0.01174771061,3.881606672
complex,200,8,1600,2,71,doi_private_generic,direct_high,0.1616022877,0.07562898808,-0.0859732996,True,75,0.01174771061,3.881606672
complex,200,8,1600,2,71,doi_private_generic,spillover_control,0.110137319,0.180524574,0.07038725494,True,75,0.01174771061,3.881606672
complex,200,8,1600,2,71,doi_private_generic,spillover_treated,0.1731328632,0.1418645176,-0.03126834559,True,75,0.01174771061,3.881606672
complex,200,8,1600,2,71,doi_private_no_interference,direct_low,0.09860674353,0.1951530163,0.09654627278,True,10,7.289281057e-06,1.556612274
complex,200,8,1600,2,71,doi_private_no_interference,direct_high,0.1616022877,0.1951530163,0.03355072864,True,10,7.289281057e-06,1.556612274
complex,200,8,1600,2,71,doi_private_no_interference,spillover_control,0.110137319,0,-0.110137319,True,10,7.289281057e-06,1.556612274
complex,200,8,1600,2,71,doi_private_no_interference,spillover_treated,0.1731328632,0,-0.1731328632,True,10,7.289281057e-06,1.556612274
complex,200,8,1600,0.5,72,design_ht,direct_low,0.09860674353,0.2836326969,0.1850259534,True,0,0,0
complex,200,8,1600,0.5,72,design_ht,direct_high,0.1616022877,0.2396914293,0.07808914165,True,0,0,0
complex,200,8,1600,0.5,72,design_ht,spillover_control,0.110137319,-0.03274442954,-0.1428817486,True,0,0,0
complex,200,8,1600,0.5,72,design_ht,spillover_treated,0.1731328632,-0.0766856971,-0.2498185603,True,0,0,0
complex,200,8,1600,0.5,72,doi_nonprivate_generic,direct_low,0.09860674353,0.09684944225,-0.001757301286,True,86,0.003525589561,4.622759645
complex,200,8,1600,0.5,72,doi_nonprivate_generic,direct_high,0.1616022877,0.1587802541,-0.002822033575,True,86,0.003525589561,4.622759645
complex,200,8,1600,0.5,72,doi_nonprivate_generic,spillover_control,0.110137319,0.1120258258,0.001888506759,True,86,0.003525589561,4.622759645
complex,200,8,1600,0.5,72,doi_nonprivate_generic,spillover_treated,0.1731328632,0.1739566377,0.0008237744697,True,86,0.003525589561,4.622759645
complex,200,8,1600,0.5,72,doi_private_generic,direct_low,0.09860674353,0.1418447884,0.04323804489,True,47,0.002043194995,6.736942671
complex,200,8,1600,0.5,72,doi_private_generic,direct_high,0.1616022877,0.1893925415,0.02779025387,True,47,0.002043194995,6.736942671
complex,200,8,1600,0.5,72,doi_private_generic,spillover_control,0.110137319,0.05934389227,-0.05079342677,True,47,0.002043194995,6.736942671
complex,200,8,1600,0.5,72,doi_private_generic,spillover_treated,0.1731328632,0.1068916454,-0.06624121779,True,47,0.002043194995,6.736942671
complex,200,8,1600,0.5,72,doi_private_no_interference,direct_low,0.09860674353,0.2449629856,0.146356242,True,12,1.158827391e-06,1.336780327
complex,200,8,1600,0.5,72,doi_private_no_interference,direct_high,0.1616022877,0.2449629856,0.08336069789,True,12,1.158827391e-06,1.336780327
complex,200,8,1600,0.5,72,doi_private_no_interference,spillover_control,0.110137319,0,-0.110137319,True,12,1.158827391e-06,1.336780327
complex,200,8,1600,0.5,72,doi_private_no_interference,spillover_treated,0.1731328632,0,-0.1731328632,True,12,1.158827391e-06,1.336780327
complex,200,8,1600,1,72,design_ht,direct_low,0.09860674353,0.1990670344,0.1004602909,True,0,0,0
complex,200,8,1600,1,72,design_ht,direct_high,0.1616022877,0.2317132907,0.070111003,True,0,0,0
complex,200,8,1600,1,72,design_ht,spillover_control,0.110137319,0.07165788278,-0.03847943626,True,0,0,0
complex,200,8,1600,1,72,design_ht,spillover_treated,0.1731328632,0.1043041391,-0.06882872412,True,0,0,0
complex,200,8,1600,1,72,doi_nonprivate_generic,direct_low,0.09860674353,0.09684944225,-0.001757301286,True,86,0.003525589561,4.622759645
complex,200,8,1600,1,72,doi_nonprivate_generic,direct_high,0.1616022877,0.1587802541,-0.002822033575,True,86,0.003525589561,4.622759645
complex,200,8,1600,1,72,doi_nonprivate_generic,spillover_control,0.110137319,0.1120258258,0.001888506759,True,86,0.003525589561,4.622759645
complex,200,8,1600,1,72,doi_nonprivate_generic,spillover_treated,0.1731328632,0.1739566377,0.0008237744697,True,86,0.003525589561,4.622759645
complex,200,8,1600,1,72,doi_private_generic,direct_low,0.09860674353,0.2598872381,0.1612804946,True,59,0.0003794927657,5.933562681
complex,200,8,1600,1,72,doi_private_generic,direct_high,0.1616022877,0.2482069913,0.08660470363,True,59,0.0003794927657,5.933562681
complex,200,8,1600,1,72,doi_private_generic,spillover_control,0.110137319,0.05652666091,-0.05361065813,True,59,0.0003794927657,5.933562681
complex,200,8,1600,1,72,doi_private_generic,spillover_treated,0.1731328632,0.04484641408,-0.1282864491,True,59,0.0003794927657,5.933562681
complex,200,8,1600,1,72,doi_private_no_interference,direct_low,0.09860674353,0.2858091175,0.187202374,True,11,1.500140284e-05,1.782744164
complex,200,8,1600,1,72,doi_private_no_interference,direct_high,0.1616022877,0.2858091175,0.1242068298,True,11,1.500140284e-05,1.782744164
complex,200,8,1600,1,72,doi_private_no_interference,spillover_control,0.110137319,0,-0.110137319,True,11,1.500140284e-05,1.782744164
complex,200,8,1600,1,72,doi_private_no_interference,spillover_treated,0.1731328632,0,-0.1731328632,True,11,1.500140284e-05,1.782744164
complex,200,8,1600,2,72,design_ht,direct_low,0.09860674353,0.03063823492,-0.06796850861,True,0,0,0
complex,200,8,1600,2,72,design_ht,direct_high,0.1616022877,0.1094285285,-0.05217375912,True,0,0,0
complex,200,8,1600,2,72,design_ht,spillover_control,0.110137319,0.1449311755,0.03479385649,True,0,0,0
complex,200,8,1600,2,72,design_ht,spillover_treated,0.1731328632,0.2237214692,0.05058860598,True,0,0,0
complex,200,8,1600,2,72,doi_nonprivate_generic,direct_low,0.09860674353,0.09684944225,-0.001757301286,True,86,0.003525589561,4.622759645
complex,200,8,1600,2,72,doi_nonprivate_generic,direct_high,0.1616022877,0.1587802541,-0.002822033575,True,86,0.003525589561,4.622759645
complex,200,8,1600,2,72,doi_nonprivate_generic,spillover_control,0.110137319,0.1120258258,0.001888506759,True,86,0.003525589561,4.622759645
complex,200,8,1600,2,72,doi_nonprivate_generic,spillover_treated,0.1731328632,0.1739566377,0.0008237744697,True,86,0.003525589561,4.622759645
complex,200,8,1600,2,72,doi_private_generic,direct_low,0.09860674353,0.05768102559,-0.04092571794,True,71,0.001709774432,4.762473136
complex,200,8,1600,2,72,doi_private_generic,direct_high,0.1616022877,0.1059935674,-0.05560872029,True,71,0.001709774432,4.762473136
complex,200,8,1600,2,72,doi_private_generic,spillover_control,0.110137319,0.1676659799,0.05752866084,True,71,0.001709774432,4.762473136
complex,200,8,1600,2,72,doi_private_generic,spillover_treated,0.1731328632,0.2159785217,0.0428456585,True,71,0.001709774432,4.762473136
complex,200,8,1600,2,72,doi_private_no_interference,direct_low,0.09860674353,0.1995041742,0.1008974307,True,10,3.380328863e-06,1.466233483
complex,200,8,1600,2,72,doi_private_no_interference,direct_high,0.1616022877,0.1995041742,0.03790188654,True,10,3.380328863e-06,1.466233483
complex,200,8,1600,2,72,doi_private_no_interference,spillover_control,0.110137319,0,-0.110137319,True,10,3.380328863e-06,1.466233483
complex,200,8,1600,2,72,doi_private_no_interference,spillover_treated,0.1731328632,0,-0.1731328632,True,10,3.380328863e-06,1.466233483
complex,200,8,1600,0.5,73,design_ht,direct_low,0.09860674353,0.1009692816,0.002362538075,True,0,0,0
complex,200,8,1600,0.5,73,design_ht,direct_high,0.1616022877,0.4348613165,0.2732590288,True,0,0,0
complex,200,8,1600,0.5,73,design_ht,spillover_control,0.110137319,0.1095662676,-0.0005710514803,True,0,0,0
complex,200,8,1600,0.5,73,design_ht,spillover_treated,0.1731328632,0.4434583025,0.2703254393,True,0,0,0
complex,200,8,1600,0.5,73,doi_nonprivate_generic,direct_low,0.09860674353,0.0985451046,-6.16389277e-05,True,86,0.001777431892,4.612558767
complex,200,8,1600,0.5,73,doi_nonprivate_generic,direct_high,0.1616022877,0.1561973319,-0.005404955788,True,86,0.001777431892,4.612558767
complex,200,8,1600,0.5,73,doi_nonprivate_generic,spillover_control,0.110137319,0.1159140853,0.005776766267,True,86,0.001777431892,4.612558767
complex,200,8,1600,0.5,73,doi_nonprivate_generic,spillover_treated,0.1731328632,0.1735663126,0.0004334494074,True,86,0.001777431892,4.612558767
complex,200,8,1600,0.5,73,doi_private_generic,direct_low,0.09860674353,0.252753808,0.1541470644,True,44,0.0003464061217,6.014497945
complex,200,8,1600,0.5,73,doi_private_generic,direct_high,0.1616022877,0.2334449214,0.07184263371,True,44,0.0003464061217,6.014497945
complex,200,8,1600,0.5,73,doi_private_generic,spillover_control,0.110137319,0.2092907693,0.09915345029,True,44,0.0003464061217,6.014497945
complex,200,8,1600,0.5,73,doi_private_generic,spillover_treated,0.1731328632,0.1899818828,0.01684901958,True,44,0.0003464061217,6.014497945
complex,200,8,1600,0.5,73,doi_private_no_interference,direct_low,0.09860674353,0.3635033095,0.2648965659,True,11,6.534676868e-06,3.221792218
complex,200,8,1600,0.5,73,doi_private_no_interference,direct_high,0.1616022877,0.3635033095,0.2019010218,True,11,6.534676868e-06,3.221792218
complex,200,8,1600,0.5,73,doi_private_no_interference,spillover_control,0.110137319,0,-0.110137319,True,11,6.534676868e-06,3.221792218
complex,200,8,1600,0.5,73,doi_private_no_interference,spillover_treated,0.1731328632,0,-0.1731328632,True,11,6.534676868e-06,3.221792218
complex,200,8,1600,1,73,design_ht,direct_low,0.09860674353,0.01991551581,-0.07869122772,True,0,0,0
complex,200,8,1600,1,73,design_ht,direct_high,0.1616022877,0.2970566767,0.135454389,True,0,0,0
complex,200,8,1600,1,73,design_ht,spillover_control,0.110137319,0.07355287023,-0.03658444881,True,0,0,0
complex,200,8,1600,1,73,design_ht,spillover_treated,0.1731328632,0.3506940311,0.177561168,True,0,0,0
complex,200,8,1600,1,73,doi_nonprivate_generic,direct_low,0.09860674353,0.0985451046,-6.16389277e-05,True,86,0.001777431892,4.612558767
complex,200,8,1600,1,73,doi_nonprivate_generic,direct_high,0.1616022877,0.1561973319,-0.005404955788,True,86,0.001777431892,4.612558767
complex,200,8,1600,1,73,doi_nonprivate_generic,spillover_control,0.110137319,0.1159140853,0.005776766267,True,86,0.001777431892,4.612558767
complex,200,8,1600,1,73,doi_nonprivate_generic,spillover_treated,0.1731328632,0.1735663126,0.0004334494074,True,86,0.001777431892,4.612558767
complex,200,8,1600,1,73,doi_private_generic,direct_low,0.09860674353,0.05713109201,-0.04147565153,True,62,0.001642893514,3.738122414
complex,200,8,1600,1,73,doi_private_generic,direct_high,0.1616022877,0.2263204456,0.06471815792,True,62,0.001642893514,3.738122414
complex,200,8,1600,1,73,doi_private_generic,spillover_control,0.110137319,0.04618166299,-0.06395565605,True,62,0.001642893514,3.738122414
complex,200,8,1600,1,73,doi_private_generic,spillover_treated,0.1731328632,0.2153710166,0.0422381534,True,62,0.001642893514,3.738122414
complex,200,8,1600,1,73,doi_private_no_interference,direct_low,0.09860674353,0.2281031378,0.1294963943,True,10,1.043746419e-05,1.516517182
complex,200,8,1600,1,73,doi_private_no_interference,direct_high,0.1616022877,0.2281031378,0.06650085015,True,10,1.043746419e-05,1.516517182
complex,200,8,1600,1,73,doi_private_no_interference,spillover_control,0.110137319,0,-0.110137319,True,10,1.043746419e-05,1.516517182
complex,200,8,1600,1,73,doi_private_no_interference,spillover_treated,0.1731328632,0,-0.1731328632,True,10,1.043746419e-05,1.516517182
complex,200,8,1600,2,73,design_ht,direct_low,0.09860674353,0.1943602929,0.09575354941,True,0,0,0
complex,200,8,1600,2,73,design_ht,direct_high,0.1616022877,0.2378791163,0.07627682859,True,0,0,0
complex,200,8,1600,2,73,design_ht,spillover_control,0.110137319,0.1222414702,0.01210415115,True,0,0,0
complex,200,8,1600,2,73,design_ht,spillover_treated,0.1731328632,0.1657602935,-0.007372569671,True,0,0,0
complex,200,8,1600,2,73,doi_nonprivate_generic,direct_low,0.09860674353,0.0985451046,-6.16389277e-05,True,86,0.001777431892,4.612558767
complex,200,8,1600,2,73,doi_nonprivate_generic,direct_high,0.1616022877,0.1561973319,-0.005404955788,True,86,0.001777431892,4.612558767
complex,200,8,1600,2,73,doi_nonprivate_generic,spillover_control,0.110137319,0.1159140853,0.005776766267,True,86,0.001777431892,4.612558767
complex,200,8,1600,2,73,doi_nonprivate_generic,spillover_treated,0.1731328632,0.1735663126,0.0004334494074,True,86,0.001777431892,4.612558767
complex,200,8,1600,2,73,doi_private_generic,direct_low,0.09860674353,0.1696586007,0.07105185719,True,70,0.003314080826,5.654422135
complex,200,8,1600,2,73,doi_private_generic,direct_high,0.1616022877,0.1708807194,0.009278431761,True,70,0.003314080826,5.654422135
complex,200,8,1600,2,73,doi_private_generic,spillover_control,0.110137319,0.1271689269,0.01703160788,True,70,0.003314080826,5.654422135
complex,200,8,1600,2,73,doi_private_generic,spillover_treated,0.1731328632,0.1283910456,-0.04474181756,True,70,0.003314080826,5.654422135
complex,200,8,1600,2,73,doi_private_no_interference,direct_low,0.09860674353,0.2466941353,0.1480873918,True,11,3.004857299e-05,1.654511393
complex,200,8,1600,2,73,doi_private_no_interference,direct_high,0.1616022877,0.2466941353,0.08509184764,True,11,3.004857299e-05,1.654511393
complex,200,8,1600,2,73,doi_private_no_interference,spillover_control,0.110137319,0,-0.110137319,True,11,3.004857299e-05,1.654511393
complex,200,8,1600,2,73,doi_private_no_interference,spillover_treated,0.1731328632,0,-0.1731328632,True,11,3.004857299e-05,1.654511393
complex,200,8,1600,0.5,74,design_ht,direct_low,0.09860674353,0.1497212463,0.05111450274,True,0,0,0
complex,200,8,1600,0.5,74,design_ht,direct_high,0.1616022877,0.09380512665,-0.06779716103,True,0,0,0
complex,200,8,1600,0.5,74,design_ht,spillover_control,0.110137319,-0.03958117603,-0.1497184951,True,0,0,0
complex,200,8,1600,0.5,74,design_ht,spillover_treated,0.1731328632,-0.09549729565,-0.2686301588,True,0,0,0
complex,200,8,1600,0.5,74,doi_nonprivate_generic,direct_low,0.09860674353,0.09726679022,-0.001339953316,True,83,0.002493104663,4.644087666
complex,200,8,1600,0.5,74,doi_nonprivate_generic,direct_high,0.1616022877,0.1578174252,-0.003784862507,True,83,0.002493104663,4.644087666
complex,200,8,1600,0.5,74,doi_nonprivate_generic,spillover_control,0.110137319,0.1146000707,0.004462751615,True,83,0.002493104663,4.644087666
complex,200,8,1600,0.5,74,doi_nonprivate_generic,spillover_treated,0.1731328632,0.1751507056,0.002017842423,True,83,0.002493104663,4.644087666
complex,200,8,1600,0.5,74,doi_private_generic,direct_low,0.09860674353,0.1185653031,0.01995855957,True,44,0.000263270723,3.650097904
complex,200,8,1600,0.5,74,doi_private_generic,direct_high,0.1616022877,0.1290219202,-0.0325803675,True,44,0.000263270723,3.650097904
complex,200,8,1600,0.5,74,doi_private_generic,spillover_control,0.110137319,-0.03643744536,-0.1465747644,True,44,0.000263270723,3.650097904
complex,200,8,1600,0.5,74,doi_private_generic,spillover_treated,0.1731328632,-0.02598082829,-0.1991136915,True,44,0.000263270723,3.650097904
complex,200,8,1600,0.5,74,doi_private_no_interference,direct_low,0.09860674353,0.124134787,0.0255280435,True,9,2.42691164e-05,1.77943626
complex,200,8,1600,0.5,74,doi_private_no_interference,direct_high,0.1616022877,0.124134787,-0.03746750064,True,9,2.42691164e-05,1.77943626
complex,200,8,1600,0.5,74,doi_private_no_interference,spillover_control,0.110137319,0,-0.110137319,True,9,2.42691164e-05,1.77943626
complex,200,8,1600,0.5,74,doi_private_no_interference,spillover_treated,0.1731328632,0,-0.1731328632,True,9,2.42691164e-05,1.77943626
complex,200,8,1600,1,74,design_ht,direct_low,0.09860674353,-0.02323219628,-0.1218389398,True,0,0,0
complex,200,8,1600,1,74,design_ht,direct_high,0.1616022877,0.02480831953,-0.1367939681,True,0,0,0
complex,200,8,1600,1,74,design_ht,spillover_control,0.110137319,0.1989516642,0.08881434513,True,0,0,0
complex,200,8,1600,1,74,design_ht,spillover_treated,0.1731328632,0.24699218,0.0738593168,True,0,0,0
complex,200,8,1600,1,74,doi_nonprivate_generic,direct_low,0.09860674353,0.09726679022,-0.001339953316,True,83,0.002493104663,4.644087666
complex,200,8,1600,1,74,doi_nonprivate_generic,direct_high,0.1616022877,0.1578174252,-0.003784862507,True,83,0.002493104663,4.644087666
complex,200,8,1600,1,74,doi_nonprivate_generic,spillover_control,0.110137319,0.1146000707,0.004462751615,True,83,0.002493104663,4.644087666
complex,200,8,1600,1,74,doi_nonprivate_generic,spillover_treated,0.1731328632,0.1751507056,0.002017842423,True,83,0.002493104663,4.644087666
complex,200,8,1600,1,74,doi_private_generic,direct_low,0.09860674353,0.04255793445,-0.05604880908,True,61,0.002589992367,2.674916009
complex,200,8,1600,1,74,doi_private_generic,direct_high,0.1616022877,0.08923562643,-0.07236666124,True,61,0.002589992367,2.674916009
complex,200,8,1600,1,74,doi_private_generic,spillover_control,0.110137319,0.1547223958,0.04458507676,True,61,0.002589992367,2.674916009
complex,200,8,1600,1,74,doi_private_generic,spillover_treated,0.1731328632,0.2014000878,0.02826722459,True,61,0.002589992367,2.674916009
complex,200,8,1600,1,74,doi_private_no_interference,direct_low,0.09860674353,0.1700940458,0.07148730229,True,11,3.046656749e-05,0.9852691919
complex,200,8,1600,1,74,doi_private_no_interference,direct_high,0.1616022877,0.1700940458,0.008491758145,True,11,3.046656749e-05,0.9852691919
complex,200,8,1600,1,74,doi_private_no_interference,spillover_control,0.110137319,0,-0.110137319,True,11,3.046656749e-05,0.9852691919
complex,200,8,1600,1,74,doi_private_no_interference,spillover_treated,0.1731328632,0,-0.1731328632,True,11,3.046656749e-05,0.9852691919
complex,200,8,1600,2,74,design_ht,direct_low,0.09860674353,0.1749033808,0.07629663723,True,0,0,0
complex,200,8,1600,2,74,design_ht,direct_high,0.1616022877,0.08964602866,-0.07195625901,True,0,0,0
complex,200,8,1600,2,74,design_ht,spillover_control,0.110137319,0.1664798518,0.05634253272,True,0,0,0
complex,200,8,1600,2,74,design_ht,spillover_treated,0.1731328632,0.08122249966,-0.09191036353,True,0,0,0
complex,200,8,1600,2,74,doi_nonprivate_generic,direct_low,0.09860674353,0.09726679022,-0.001339953316,True,83,0.002493104663,4.644087666
complex,200,8,1600,2,74,doi_nonprivate_generic,direct_high,0.1616022877,0.1578174252,-0.003784862507,True,83,0.002493104663,4.644087666
complex,200,8,1600,2,74,doi_nonprivate_generic,spillover_control,0.110137319,0.1146000707,0.004462751615,True,83,0.002493104663,4.644087666
complex,200,8,1600,2,74,doi_nonprivate_generic,spillover_treated,0.1731328632,0.1751507056,0.002017842423,True,83,0.002493104663,4.644087666
complex,200,8,1600,2,74,doi_private_generic,direct_low,0.09860674353,0.2135968096,0.1149900661,True,67,0.002622440465,1.934279906
complex,200,8,1600,2,74,doi_private_generic,direct_high,0.1616022877,0.1624940232,0.0008917355292,True,67,0.002622440465,1.934279906
complex,200,8,1600,2,74,doi_private_generic,spillover_control,0.110137319,0.1163083416,0.006171022549,True,67,0.002622440465,1.934279906
complex,200,8,1600,2,74,doi_private_generic,spillover_treated,0.1731328632,0.06520555517,-0.107927308,True,67,0.002622440465,1.934279906
complex,200,8,1600,2,74,doi_private_no_interference,direct_low,0.09860674353,0.2442099535,0.1456032099,True,11,5.599287782e-06,1.515892289
complex,200,8,1600,2,74,doi_private_no_interference,direct_high,0.1616022877,0.2442099535,0.0826076658,True,11,5.599287782e-06,1.515892289
complex,200,8,1600,2,74,doi_private_no_interference,spillover_control,0.110137319,0,-0.110137319,True,11,5.599287782e-06,1.515892289
complex,200,8,1600,2,74,doi_private_no_interference,spillover_treated,0.1731328632,0,-0.1731328632,True,11,5.599287782e-06,1.515892289
complex,200,8,1600,0.5,75,design_ht,direct_low,0.09860674353,0.2716578448,0.1730511013,True,0,0,0
complex,200,8,1600,0.5,75,design_ht,direct_high,0.1616022877,-0.1061073872,-0.2677096749,True,0,0,0
complex,200,8,1600,0.5,75,design_ht,spillover_control,0.110137319,0.183366887,0.07322956792,True,0,0,0
complex,200,8,1600,0.5,75,design_ht,spillover_treated,0.1731328632,-0.194398345,-0.3675312082,True,0,0,0
complex,200,8,1600,0.5,75,doi_nonprivate_generic,direct_low,0.09860674353,0.0968357722,-0.00177097133,True,78,0.002050999307,4.536014458
complex,200,8,1600,0.5,75,doi_nonprivate_generic,direct_high,0.1616022877,0.1576824591,-0.003919828557,True,78,0.002050999307,4.536014458
complex,200,8,1600,0.5,75,doi_nonprivate_generic,spillover_control,0.110137319,0.1133668635,0.003229544428,True,78,0.002050999307,4.536014458
complex,200,8,1600,0.5,75,doi_nonprivate_generic,spillover_treated,0.1731328632,0.1742135504,0.001080687202,True,78,0.002050999307,4.536014458
complex,200,8,1600,0.5,75,doi_private_generic,direct_low,0.09860674353,0.2102907613,0.1116840178,True,51,0.000549829367,5.631437706
complex,200,8,1600,0.5,75,doi_private_generic,direct_high,0.1616022877,-0.1607451478,-0.3223474355,True,51,0.000549829367,5.631437706
complex,200,8,1600,0.5,75,doi_private_generic,spillover_control,0.110137319,0.3415420558,0.2314047367,True,51,0.000549829367,5.631437706
complex,200,8,1600,0.5,75,doi_private_generic,spillover_treated,0.1731328632,-0.02949385337,-0.2026267166,True,51,0.000549829367,5.631437706
complex,200,8,1600,0.5,75,doi_private_no_interference,direct_low,0.09860674353,0.1491579859,0.05055124234,True,9,1.476759757e-05,1.002553235
complex,200,8,1600,0.5,75,doi_private_no_interference,direct_high,0.1616022877,0.1491579859,-0.01244430181,True,9,1.476759757e-05,1.002553235
complex,200,8,1600,0.5,75,doi_private_no_interference,spillover_control,0.110137319,0,-0.110137319,True,9,1.476759757e-05,1.002553235
complex,200,8,1600,0.5,75,doi_private_no_interference,spillover_treated,0.1731328632,0,-0.1731328632,True,9,1.476759757e-05,1.002553235
complex,200,8,1600,1,75,design_ht,direct_low,0.09860674353,0.1062636232,0.007656879715,True,0,0,0
complex,200,8,1600,1,75,design_ht,direct_high,0.1616022877,0.1420603163,-0.01954197141,True,0,0,0
complex,200,8,1600,1,75,design_ht,spillover_control,0.110137319,-0.00895076932,-0.1190880884,True,0,0,0
complex,200,8,1600,1,75,design_ht,spillover_treated,0.1731328632,0.0268459237,-0.1462869395,True,0,0,0
complex,200,8,1600,1,75,doi_nonprivate_generic,direct_low,0.09860674353,0.0968357722,-0.00177097133,True,78,0.002050999307,4.536014458
complex,200,8,1600,1,75,doi_nonprivate_generic,direct_high,0.1616022877,0.1576824591,-0.003919828557,True,78,0.002050999307,4.536014458
complex,200,8,1600,1,75,doi_nonprivate_generic,spillover_control,0.110137319,0.1133668635,0.003229544428,True,78,0.002050999307,4.536014458
complex,200,8,1600,1,75,doi_nonprivate_generic,spillover_treated,0.1731328632,0.1742135504,0.001080687202,True,78,0.002050999307,4.536014458
complex,200,8,1600,1,75,doi_private_generic,direct_low,0.09860674353,0.05651810586,-0.04208863767,True,46,0.0005024527018,3.344288162
complex,200,8,1600,1,75,doi_private_generic,direct_high,0.1616022877,0.1644330259,0.002830738237,True,46,0.0005024527018,3.344288162
complex,200,8,1600,1,75,doi_private_generic,spillover_control,0.110137319,0.1014026078,-0.008734711262,True,46,0.0005024527018,3.344288162
complex,200,8,1600,1,75,doi_private_generic,spillover_treated,0.1731328632,0.2093175278,0.03618466464,True,46,0.0005024527018,3.344288162
complex,200,8,1600,1,75,doi_private_no_interference,direct_low,0.09860674353,0.1877469938,0.08914025028,True,10,2.350077762e-05,1.93045044
complex,200,8,1600,1,75,doi_private_no_interference,direct_high,0.1616022877,0.1877469938,0.02614470614,True,10,2.350077762e-05,1.93045044
complex,200,8,1600,1,75,doi_private_no_interference,spillover_control,0.110137319,0,-0.110137319,True,10,2.350077762e-05,1.93045044
complex,200,8,1600,1,75,doi_private_no_interference,spillover_treated,0.1731328632,0,-0.1731328632,True,10,2.350077762e-05,1.93045044
complex,200,8,1600,2,75,design_ht,direct_low,0.09860674353,0.1784364695,0.07982972597,True,0,0,0
complex,200,8,1600,2,75,design_ht,direct_high,0.1616022877,0.1739801462,0.01237785851,True,0,0,0
complex,200,8,1600,2,75,design_ht,spillover_control,0.110137319,0.01224058691,-0.09789673213,True,0,0,0
complex,200,8,1600,2,75,design_ht,spillover_treated,0.1731328632,0.007784263588,-0.1653485996,True,0,0,0
complex,200,8,1600,2,75,doi_nonprivate_generic,direct_low,0.09860674353,0.0968357722,-0.00177097133,True,78,0.002050999307,4.536014458
complex,200,8,1600,2,75,doi_nonprivate_generic,direct_high,0.1616022877,0.1576824591,-0.003919828557,True,78,0.002050999307,4.536014458
complex,200,8,1600,2,75,doi_nonprivate_generic,spillover_control,0.110137319,0.1133668635,0.003229544428,True,78,0.002050999307,4.536014458
complex,200,8,1600,2,75,doi_nonprivate_generic,spillover_treated,0.1731328632,0.1742135504,0.001080687202,True,78,0.002050999307,4.536014458
complex,200,8,1600,2,75,doi_private_generic,direct_low,0.09860674353,0.1364723757,0.03786563212,True,59,0.003969075453,5.638798517
complex,200,8,1600,2,75,doi_private_generic,direct_high,0.1616022877,0.1826477461,0.02104545845,True,59,0.003969075453,5.638798517
complex,200,8,1600,2,75,doi_private_generic,spillover_control,0.110137319,0.1205702803,0.01043296126,True,59,0.003969075453,5.638798517
complex,200,8,1600,2,75,doi_private_generic,spillover_treated,0.1731328632,0.1667456508,-0.00638721242,True,59,0.003969075453,5.638798517
complex,200,8,1600,2,75,doi_private_no_interference,direct_low,0.09860674353,0.2457718898,0.1471651463,True,11,0.0001889943527,1.474234195
complex,200,8,1600,2,75,doi_private_no_interference,direct_high,0.1616022877,0.2457718898,0.08416960214,True,11,0.0001889943527,1.474234195
complex,200,8,1600,2,75,doi_private_no_interference,spillover_control,0.110137319,0,-0.110137319,True,11,0.0001889943527,1.474234195
complex,200,8,1600,2,75,doi_private_no_interference,spillover_treated,0.1731328632,0,-0.1731328632,True,11,0.0001889943527,1.474234195
complex,200,8,1600,0.5,76,design_ht,direct_low,0.09860674353,0.1155504576,0.01694371411,True,0,0,0
complex,200,8,1600,0.5,76,design_ht,direct_high,0.1616022877,0.6167467177,0.4551444301,True,0,0,0
complex,200,8,1600,0.5,76,design_ht,spillover_control,0.110137319,-0.2773826969,-0.3875200159,True,0,0,0
complex,200,8,1600,0.5,76,design_ht,spillover_treated,0.1731328632,0.2238135632,0.05068070003,True,0,0,0
complex,200,8,1600,0.5,76,doi_nonprivate_generic,direct_low,0.09860674353,0.09911237946,0.0005056359266,True,90,0.009815499233,4.586214093
complex,200,8,1600,0.5,76,doi_nonprivate_generic,direct_high,0.1616022877,0.1564866002,-0.005115687446,True,90,0.009815499233,4.586214093
complex,200,8,1600,0.5,76,doi_nonprivate_generic,spillover_control,0.110137319,0.1184250357,0.008287716694,True,90,0.009815499233,4.586214093
complex,200,8,1600,0.5,76,doi_nonprivate_generic,spillover_treated,0.1731328632,0.1757992565,0.002666393321,True,90,0.009815499233,4.586214093
complex,200,8,1600,0.5,76,doi_private_generic,direct_low,0.09860674353,0.1329743515,0.03436760795,True,36,0.00103602663,5.944248591
complex,200,8,1600,0.5,76,doi_private_generic,direct_high,0.1616022877,0.4947977874,0.3331954997,True,36,0.00103602663,5.944248591
complex,200,8,1600,0.5,76,doi_private_generic,spillover_control,0.110137319,-0.1955126256,-0.3056499447,True,36,0.00103602663,5.944248591
complex,200,8,1600,0.5,76,doi_private_generic,spillover_treated,0.1731328632,0.1663108103,-0.006822052915,True,36,0.00103602663,5.944248591
complex,200,8,1600,0.5,76,doi_private_no_interference,direct_low,0.09860674353,0.2994860123,0.2008792687,True,11,9.030837278e-06,2.285502998
complex,200,8,1600,0.5,76,doi_private_no_interference,direct_high,0.1616022877,0.2994860123,0.1378837246,True,11,9.030837278e-06,2.285502998
complex,200,8,1600,0.5,76,doi_private_no_interference,spillover_control,0.110137319,0,-0.110137319,True,11,9.030837278e-06,2.285502998
complex,200,8,1600,0.5,76,doi_private_no_interference,spillover_treated,0.1731328632,0,-0.1731328632,True,11,9.030837278e-06,2.285502998
complex,200,8,1600,1,76,design_ht,direct_low,0.09860674353,0.1645121674,0.06590542389,True,0,0,0
complex,200,8,1600,1,76,design_ht,direct_high,0.1616022877,0.1620657656,0.0004634778933,True,0,0,0
complex,200,8,1600,1,76,design_ht,spillover_control,0.110137319,0.10472656,-0.005410759047,True,0,0,0
complex,200,8,1600,1,76,design_ht,spillover_treated,0.1731328632,0.1022801581,-0.07085270505,True,0,0,0
complex,200,8,1600,1,76,doi_nonprivate_generic,direct_low,0.09860674353,0.09911237946,0.0005056359266,True,90,0.009815499233,4.586214093
complex,200,8,1600,1,76,doi_nonprivate_generic,direct_high,0.1616022877,0.1564866002,-0.005115687446,True,90,0.009815499233,4.586214093
complex,200,8,1600,1,76,doi_nonprivate_generic,spillover_control,0.110137319,0.1184250357,0.008287716694,True,90,0.009815499233,4.586214093
complex,200,8,1600,1,76,doi_nonprivate_generic,spillover_treated,0.1731328632,0.1757992565,0.002666393321,True,90,0.009815499233,4.586214093
complex,200,8,1600,1,76,doi_private_generic,direct_low,0.09860674353,0.07854728818,-0.02005945535,True,61,0.004814816753,5.24913794
complex,200,8,1600,1,76,doi_private_generic,direct_high,0.1616022877,0.1474563281,-0.01414595959,True,61,0.004814816753,5.24913794
complex,200,8,1600,1,76,doi_private_generic,spillover_control,0.110137319,0.08722419467,-0.02291312437,True,61,0.004814816753,5.24913794
complex,200,8,1600,1,76,doi_private_generic,spillover_treated,0.1731328632,0.1561332346,-0.0169996286,True,61,0.004814816753,5.24913794
complex,200,8,1600,1,76,doi_private_no_interference,direct_low,0.09860674353,0.1892385101,0.09063176658,True,10,4.988869839e-05,1.223844655
complex,200,8,1600,1,76,doi_private_no_interference,direct_high,0.1616022877,0.1892385101,0.02763622244,True,10,4.988869839e-05,1.223844655
complex,200,8,1600,1,76,doi_private_no_interference,spillover_control,0.110137319,0,-0.110137319,True,10,4.988869839e-05,1.223844655
complex,200,8,1600,1,76,doi_private_no_interference,spillover_treated,0.1731328632,0,-0.1731328632,True,10,4.988869839e-05,1.223844655
complex,200,8,1600,2,76,design_ht,direct_low,0.09860674353,0.08289352889,-0.01571321464,True,0,0,0
complex,200,8,1600,2,76,design_ht,direct_high,0.1616022877,0.230650881,0.06904859332,True,0,0,0
complex,200,8,1600,2,76,design_ht,spillover_control,0.110137319,0.1315347052,0.02139738619,True,0,0,0
complex,200,8,1600,2,76,design_ht,spillover_treated,0.1731328632,0.2792920573,0.1061591941,True,0,0,0
complex,200,8,1600,2,76,doi_nonprivate_generic,direct_low,0.09860674353,0.09911237946,0.0005056359266,True,90,0.009815499233,4.586214093
complex,200,8,1600,2,76,doi_nonprivate_generic,direct_high,0.1616022877,0.1564866002,-0.005115687446,True,90,0.009815499233,4.586214093
complex,200,8,1600,2,76,doi_nonprivate_generic,spillover_control,0.110137319,0.1184250357,0.008287716694,True,90,0.009815499233,4.586214093
complex,200,8,1600,2,76,doi_nonprivate_generic,spillover_treated,0.1731328632,0.1757992565,0.002666393321,True,90,0.009815499233,4.586214093
complex,200,8,1600,2,76,doi_private_generic,direct_low,0.09860674353,0.07952362124,-0.01908312229,True,70,0.001460089062,3.712342641
complex,200,8,1600,2,76,doi_private_generic,direct_high,0.1616022877,0.2000832302,0.03848094254,True,70,0.001460089062,3.712342641
complex,200,8,1600,2,76,doi_private_generic,spillover_control,0.110137319,0.1087032186,-0.001434100395,True,70,0.001460089062,3.712342641
complex,200,8,1600,2,76,doi_private_generic,spillover_treated,0.1731328632,0.2292628276,0.05612996444,True,70,0.001460089062,3.712342641
complex,200,8,1600,2,76,doi_private_no_interference,direct_low,0.09860674353,0.2422164259,0.1436096824,True,11,4.017173549e-05,1.389804212
complex,200,8,1600,2,76,doi_private_no_interference,direct_high,0.1616022877,0.2422164259,0.08061413823,True,11,4.017173549e-05,1.389804212
complex,200,8,1600,2,76,doi_private_no_interference,spillover_control,0.110137319,0,-0.110137319,True,11,4.017173549e-05,1.389804212
complex,200,8,1600,2,76,doi_private_no_interference,spillover_treated,0.1731328632,0,-0.1731328632,True,11,4.017173549e-05,1.389804212
complex,200,8,1600,0.5,77,design_ht,direct_low,0.09860674353,-0.05279759153,-0.1514043351,True,0,0,0
complex,200,8,1600,0.5,77,design_ht,direct_high,0.1616022877,0.1896979012,0.02809561356,True,0,0,0
complex,200,8,1600,0.5,77,design_ht,spillover_control,0.110137319,0.02714277458,-0.08299454446,True,0,0,0
complex,200,8,1600,0.5,77,design_ht,spillover_treated,0.1731328632,0.2696382673,0.09650540416,True,0,0,0
complex,200,8,1600,0.5,77,doi_nonprivate_generic,direct_low,0.09860674353,0.09627426775,-0.002332475781,True,70,0.001212361749,4.633825234
complex,200,8,1600,0.5,77,doi_nonprivate_generic,direct_high,0.1616022877,0.1586619746,-0.002940313057,True,70,0.001212361749,4.633825234
complex,200,8,1600,0.5,77,doi_nonprivate_generic,spillover_control,0.110137319,0.1131622136,0.003024894576,True,70,0.001212361749,4.633825234
complex,200,8,1600,0.5,77,doi_nonprivate_generic,spillover_treated,0.1731328632,0.1755499205,0.0024170573,True,70,0.001212361749,4.633825234
complex,200,8,1600,0.5,77,doi_private_generic,direct_low,0.09860674353,0.02214883013,-0.0764579134,True,54,0.0008439703226,3.881734614
complex,200,8,1600,0.5,77,doi_private_generic,direct_high,0.1616022877,0.2492026063,0.08760031859,True,54,0.0008439703226,3.881734614
complex,200,8,1600,0.5,77,doi_private_generic,spillover_control,0.110137319,-0.03662123252,-0.1467585516,True,54,0.0008439703226,3.881734614
complex,200,8,1600,0.5,77,doi_private_generic,spillover_treated,0.1731328632,0.1904325436,0.01729968044,True,54,0.0008439703226,3.881734614
complex,200,8,1600,0.5,77,doi_private_no_interference,direct_low,0.09860674353,0.1803469259,0.08174018233,True,10,1.666086518e-05,0.9004803635
complex,200,8,1600,0.5,77,doi_private_no_interference,direct_high,0.1616022877,0.1803469259,0.01874463819,True,10,1.666086518e-05,0.9004803635
complex,200,8,1600,0.5,77,doi_private_no_interference,spillover_control,0.110137319,0,-0.110137319,True,10,1.666086518e-05,0.9004803635
complex,200,8,1600,0.5,77,doi_private_no_interference,spillover_treated,0.1731328632,0,-0.1731328632,True,10,1.666086518e-05,0.9004803635
complex,200,8,1600,1,77,design_ht,direct_low,0.09860674353,0.09632539534,-0.002281348195,True,0,0,0
complex,200,8,1600,1,77,design_ht,direct_high,0.1616022877,0.15007812,-0.01152416769,True,0,0,0
complex,200,8,1600,1,77,design_ht,spillover_control,0.110137319,0.03961391441,-0.07052340463,True,0,0,0
complex,200,8,1600,1,77,design_ht,spillover_treated,0.1731328632,0.09336663906,-0.07976622412,True,0,0,0
complex,200,8,1600,1,77,doi_nonprivate_generic,direct_low,0.09860674353,0.09627426775,-0.002332475781,True,70,0.001212361749,4.633825234
complex,200,8,1600,1,77,doi_nonprivate_generic,direct_high,0.1616022877,0.1586619746,-0.002940313057,True,70,0.001212361749,4.633825234
complex,200,8,1600,1,77,doi_nonprivate_generic,spillover_control,0.110137319,0.1131622136,0.003024894576,True,70,0.001212361749,4.633825234
complex,200,8,1600,1,77,doi_nonprivate_generic,spillover_treated,0.1731328632,0.1755499205,0.0024170573,True,70,0.001212361749,4.633825234
complex,200,8,1600,1,77,doi_private_generic,direct_low,0.09860674353,0.132265912,0.03365916847,True,68,0.0002719950082,3.433739068
complex,200,8,1600,1,77,doi_private_generic,direct_high,0.1616022877,0.09126114329,-0.07034114438,True,68,0.0002719950082,3.433739068
complex,200,8,1600,1,77,doi_private_generic,spillover_control,0.110137319,0.1421282541,0.03199093509,True,68,0.0002719950082,3.433739068
complex,200,8,1600,1,77,doi_private_generic,spillover_treated,0.1731328632,0.1011234854,-0.07200937776,True,68,0.0002719950082,3.433739068
complex,200,8,1600,1,77,doi_private_no_interference,direct_low,0.09860674353,0.1875543657,0.08894762218,True,9,6.580655892e-05,0.9464078998
complex,200,8,1600,1,77,doi_private_no_interference,direct_high,0.1616022877,0.1875543657,0.02595207804,True,9,6.580655892e-05,0.9464078998
complex,200,8,1600,1,77,doi_private_no_interference,spillover_control,0.110137319,0,-0.110137319,True,9,6.580655892e-05,0.9464078998
complex,200,8,1600,1,77,doi_private_no_interference,spillover_treated,0.1731328632,0,-0.1731328632,True,9,6.580655892e-05,0.9464078998
complex,200,8,1600,2,77,design_ht,direct_low,0.09860674353,-0.02739132355,-0.1259980671,True,0,0,0
complex,200,8,1600,2,77,design_ht,direct_high,0.1616022877,0.09701029351,-0.06459199416,True,0,0,0
complex,200,8,1600,2,77,design_ht,spillover_control,0.110137319,0.1150533813,0.004916062296,True,0,0,0
complex,200,8,1600,2,77,design_ht,spillover_treated,0.1731328632,0.2394549984,0.06632213522,True,0,0,0
complex,200,8,1600,2,77,doi_nonprivate_generic,direct_low,0.09860674353,0.09627426775,-0.002332475781,True,70,0.001212361749,4.633825234
complex,200,8,1600,2,77,doi_nonprivate_generic,direct_high,0.1616022877,0.1586619746,-0.002940313057,True,70,0.001212361749,4.633825234
complex,200,8,1600,2,77,doi_nonprivate_generic,spillover_control,0.110137319,0.1131622136,0.003024894576,True,70,0.001212361749,4.633825234
complex,200,8,1600,2,77,doi_nonprivate_generic,spillover_treated,0.1731328632,0.1755499205,0.0024170573,True,70,0.001212361749,4.633825234
complex,200,8,1600,2,77,doi_private_generic,direct_low,0.09860674353,0.02052632274,-0.07808042079,True,69,0.0009503321849,5.89187379
complex,200,8,1600,2,77,doi_private_generic,direct_high,0.1616022877,0.08089651366,-0.08070577401,True,69,0.0009503321849,5.89187379
complex,200,8,1600,2,77,doi_private_generic,spillover_control,0.110137319,0.1602109854,0.05007366632,True,69,0.0009503321849,5.89187379
complex,200,8,1600,2,77,doi_private_generic,spillover_treated,0.1731328632,0.2205811763,0.0474483131,True,69,0.0009503321849,5.89187379
complex,200,8,1600,2,77,doi_private_no_interference,direct_low,0.09860674353,0.1660174968,0.06741075327,True,9,0.0001451327764,1.64494801
complex,200,8,1600,2,77,doi_private_no_interference,direct_high,0.1616022877,0.1660174968,0.004415209131,True,9,0.0001451327764,1.64494801
complex,200,8,1600,2,77,doi_private_no_interference,spillover_control,0.110137319,0,-0.110137319,True,9,0.0001451327764,1.64494801
complex,200,8,1600,2,77,doi_private_no_interference,spillover_treated,0.1731328632,0,-0.1731328632,True,9,0.0001451327764,1.64494801
complex,200,8,1600,0.5,78,design_ht,direct_low,0.09860674353,0.05103735206,-0.04756939147,True,0,0,0
complex,200,8,1600,0.5,78,design_ht,direct_high,0.1616022877,0.1921064857,0.03050419806,True,0,0,0
complex,200,8,1600,0.5,78,design_ht,spillover_control,0.110137319,0.1382650702,0.0281277512,True,0,0,0
complex,200,8,1600,0.5,78,design_ht,spillover_treated,0.1731328632,0.2793342039,0.1062013407,True,0,0,0
complex,200,8,1600,0.5,78,doi_nonprivate_generic,direct_low,0.09860674353,0.0982793612,-0.0003273823279,True,68,0.002436137574,4.659727435
complex,200,8,1600,0.5,78,doi_nonprivate_generic,direct_high,0.1616022877,0.1615915159,-1.077175722e-05,True,68,0.002436137574,4.659727435
complex,200,8,1600,0.5,78,doi_nonprivate_generic,spillover_control,0.110137319,0.1139218968,0.003784577729,True,68,0.002436137574,4.659727435
complex,200,8,1600,0.5,78,doi_nonprivate_generic,spillover_treated,0.1731328632,0.1772340515,0.0041011883,True,68,0.002436137574,4.659727435
complex,200,8,1600,0.5,78,doi_private_generic,direct_low,0.09860674353,0.1263207113,0.02771396774,True,36,0.0008755533346,3.284395631
complex,200,8,1600,0.5,78,doi_private_generic,direct_high,0.1616022877,0.1788114855,0.01720919787,True,36,0.0008755533346,3.284395631
complex,200,8,1600,0.5,78,doi_private_generic,spillover_control,0.110137319,0.1889909458,0.07885362678,True,36,0.0008755533346,3.284395631
complex,200,8,1600,0.5,78,doi_private_generic,spillover_treated,0.1731328632,0.2414817201,0.06834885691,True,36,0.0008755533346,3.284395631
complex,200,8,1600,0.5,78,doi_private_no_interference,direct_low,0.09860674353,0.2735393334,0.1749325898,True,10,0.0001883346467,1.62886011
complex,200,8,1600,0.5,78,doi_private_no_interference,direct_high,0.1616022877,0.2735393334,0.1119370457,True,10,0.0001883346467,1.62886011
complex,200,8,1600,0.5,78,doi_private_no_interference,spillover_control,0.110137319,0,-0.110137319,True,10,0.0001883346467,1.62886011
complex,200,8,1600,0.5,78,doi_private_no_interference,spillover_treated,0.1731328632,0,-0.1731328632,True,10,0.0001883346467,1.62886011
complex,200,8,1600,1,78,design_ht,direct_low,0.09860674353,-0.06086118976,-0.1594679333,True,0,0,0
complex,200,8,1600,1,78,design_ht,direct_high,0.1616022877,0.09012626883,-0.07147601885,True,0,0,0
complex,200,8,1600,1,78,design_ht,spillover_control,0.110137319,0.1632703414,0.05313302233,True,0,0,0
complex,200,8,1600,1,78,design_ht,spillover_treated,0.1731328632,0.3142578,0.1411249368,True,0,0,0
complex,200,8,1600,1,78,doi_nonprivate_generic,direct_low,0.09860674353,0.0982793612,-0.0003273823279,True,68,0.002436137574,4.659727435
complex,200,8,1600,1,78,doi_nonprivate_generic,direct_high,0.1616022877,0.1615915159,-1.077175722e-05,True,68,0.002436137574,4.659727435
complex,200,8,1600,1,78,doi_nonprivate_generic,spillover_control,0.110137319,0.1139218968,0.003784577729,True,68,0.002436137574,4.659727435
complex,200,8,1600,1,78,doi_nonprivate_generic,spillover_treated,0.1731328632,0.1772340515,0.0041011883,True,68,0.002436137574,4.659727435
complex,200,8,1600,1,78,doi_private_generic,direct_low,0.09860674353,-0.04499325613,-0.1435999997,True,71,0.001144099897,4.491981063
complex,200,8,1600,1,78,doi_private_generic,direct_high,0.1616022877,0.1103203073,-0.05128198034,True,71,0.001144099897,4.491981063
complex,200,8,1600,1,78,doi_private_generic,spillover_control,0.110137319,0.171333713,0.06119639399,True,71,0.001144099897,4.491981063
complex,200,8,1600,1,78,doi_private_generic,spillover_treated,0.1731328632,0.3266472765,0.1535144133,True,71,0.001144099897,4.491981063
complex,200,8,1600,1,78,doi_private_no_interference,direct_low,0.09860674353,0.1795362754,0.08092953187,True,11,1.481630878e-06,1.94871972
complex,200,8,1600,1,78,doi_private_no_interference,direct_high,0.1616022877,0.1795362754,0.01793398773,True,11,1.481630878e-06,1.94871972
complex,200,8,1600,1,78,doi_private_no_interference,spillover_control,0.110137319,0,-0.110137319,True,11,1.481630878e-06,1.94871972
complex,200,8,1600,1,78,doi_private_no_interference,spillover_treated,0.1731328632,0,-0.1731328632,True,11,1.481630878e-06,1.94871972
complex,200,8,1600,2,78,design_ht,direct_low,0.09860674353,0.04718720557,-0.05141953796,True,0,0,0
complex,200,8,1600,2,78,design_ht,direct_high,0.1616022877,0.138287205,-0.02331508267,True,0,0,0
complex,200,8,1600,2,78,design_ht,spillover_control,0.110137319,0.03099132298,-0.07914599606,True,0,0,0
complex,200,8,1600,2,78,design_ht,spillover_treated,0.1731328632,0.1220913224,-0.05104154078,True,0,0,0
complex,200,8,1600,2,78,doi_nonprivate_generic,direct_low,0.09860674353,0.0982793612,-0.0003273823279,True,68,0.002436137574,4.659727435
complex,200,8,1600,2,78,doi_nonprivate_generic,direct_high,0.1616022877,0.1615915159,-1.077175722e-05,True,68,0.002436137574,4.659727435
complex,200,8,1600,2,78,doi_nonprivate_generic,spillover_control,0.110137319,0.1139218968,0.003784577729,True,68,0.002436137574,4.659727435
complex,200,8,1600,2,78,doi_nonprivate_generic,spillover_treated,0.1731328632,0.1772340515,0.0041011883,True,68,0.002436137574,4.659727435
complex,200,8,1600,2,78,doi_private_generic,direct_low,0.09860674353,0.005050476025,-0.09355626751,True,84,0.002292762622,7.145583479
complex,200,8,1600,2,78,doi_private_generic,direct_high,0.1616022877,0.1334721808,-0.02813010686,True,84,0.002292762622,7.145583479
complex,200,8,1600,2,78,doi_private_generic,spillover_control,0.110137319,0.08460932716,-0.02552799188,True,84,0.002292762622,7.145583479
complex,200,8,1600,2,78,doi_private_generic,spillover_treated,0.1731328632,0.2130310319,0.03989816876,True,84,0.002292762622,7.145583479
complex,200,8,1600,2,78,doi_private_no_interference,direct_low,0.09860674353,0.1612858896,0.06267914607,True,10,6.585220454e-06,1.45242068
complex,200,8,1600,2,78,doi_private_no_interference,direct_high,0.1616022877,0.1612858896,-0.0003163980728,True,10,6.585220454e-06,1.45242068
complex,200,8,1600,2,78,doi_private_no_interference,spillover_control,0.110137319,0,-0.110137319,True,10,6.585220454e-06,1.45242068
complex,200,8,1600,2,78,doi_private_no_interference,spillover_treated,0.1731328632,0,-0.1731328632,True,10,6.585220454e-06,1.45242068
complex,200,8,1600,0.5,79,design_ht,direct_low,0.09860674353,-0.04277424649,-0.14138099,True,0,0,0
complex,200,8,1600,0.5,79,design_ht,direct_high,0.1616022877,0.2472445913,0.08564230363,True,0,0,0
complex,200,8,1600,0.5,79,design_ht,spillover_control,0.110137319,0.07414744359,-0.03598987545,True,0,0,0
complex,200,8,1600,0.5,79,design_ht,spillover_treated,0.1731328632,0.3641662814,0.1910334182,True,0,0,0
complex,200,8,1600,0.5,79,doi_nonprivate_generic,direct_low,0.09860674353,0.09659690695,-0.002009836586,True,78,0.007491954352,4.513175095
complex,200,8,1600,0.5,79,doi_nonprivate_generic,direct_high,0.1616022877,0.1559159321,-0.005686355556,True,78,0.007491954352,4.513175095
complex,200,8,1600,0.5,79,doi_nonprivate_generic,spillover_control,0.110137319,0.1149933189,0.004855999896,True,78,0.007491954352,4.513175095
complex,200,8,1600,0.5,79,doi_nonprivate_generic,spillover_treated,0.1731328632,0.1743123441,0.001179480926,True,78,0.007491954352,4.513175095
complex,200,8,1600,0.5,79,doi_private_generic,direct_low,0.09860674353,0.02458839103,-0.07401835251,True,51,0.004074898087,2.689699268
complex,200,8,1600,0.5,79,doi_private_generic,direct_high,0.1616022877,0.2567886251,0.09518633746,True,51,0.004074898087,2.689699268
complex,200,8,1600,0.5,79,doi_private_generic,spillover_control,0.110137319,0.07779945038,-0.03233786866,True,51,0.004074898087,2.689699268
complex,200,8,1600,0.5,79,doi_private_generic,spillover_treated,0.1731328632,0.3099996845,0.1368668213,True,51,0.004074898087,2.689699268
complex,200,8,1600,0.5,79,doi_private_no_interference,direct_low,0.09860674353,0.2429780821,0.1443713385,True,10,6.343552903e-06,1.903136225
complex,200,8,1600,0.5,79,doi_private_no_interference,direct_high,0.1616022877,0.2429780821,0.08137579438,True,10,6.343552903e-06,1.903136225
complex,200,8,1600,0.5,79,doi_private_no_interference,spillover_control,0.110137319,0,-0.110137319,True,10,6.343552903e-06,1.903136225
complex,200,8,1600,0.5,79,doi_private_no_interference,spillover_treated,0.1731328632,0,-0.1731328632,True,10,6.343552903e-06,1.903136225
complex,200,8,1600,1,79,design_ht,direct_low,0.09860674353,0.06430686371,-0.03429987982,True,0,0,0
complex,200,8,1600,1,79,design_ht,direct_high,0.1616022877,0.07620457581,-0.08539771187,True,0,0,0
complex,200,8,1600,1,79,design_ht,spillover_control,0.110137319,0.2459165977,0.1357792786,True,0,0,0
complex,200,8,1600,1,79,design_ht,spillover_treated,0.1731328632,0.2578143097,0.08468144656,True,0,0,0
complex,200,8,1600,1,79,doi_nonprivate_generic,direct_low,0.09860674353,0.09659690695,-0.002009836586,True,78,0.007491954352,4.513175095
complex,200,8,1600,1,79,doi_nonprivate_generic,direct_high,0.1616022877,0.1559159321,-0.005686355556,True,78,0.007491954352,4.513175095
complex,200,8,1600,1,79,doi_nonprivate_generic,spillover_control,0.110137319,0.1149933189,0.004855999896,True,78,0.007491954352,4.513175095
complex,200,8,1600,1,79,doi_nonprivate_generic,spillover_treated,0.1731328632,0.1743123441,0.001179480926,True,78,0.007491954352,4.513175095
complex,200,8,1600,1,79,doi_private_generic,direct_low,0.09860674353,0.07548179761,-0.02312494592,True,48,0.006015862551,3.600415345
complex,200,8,1600,1,79,doi_private_generic,direct_high,0.1616022877,0.1737015421,0.01209925443,True,48,0.006015862551,3.600415345
complex,200,8,1600,1,79,doi_private_generic,spillover_control,0.110137319,0.120303979,0.01016666001,True,48,0.006015862551,3.600415345
complex,200,8,1600,1,79,doi_private_generic,spillover_treated,0.1731328632,0.2185237235,0.04539086036,True,48,0.006015862551,3.600415345
complex,200,8,1600,1,79,doi_private_no_interference,direct_low,0.09860674353,0.2311426197,0.1325358762,True,9,2.945447414e-06,1.150547367
complex,200,8,1600,1,79,doi_private_no_interference,direct_high,0.1616022877,0.2311426197,0.06954033204,True,9,2.945447414e-06,1.150547367
complex,200,8,1600,1,79,doi_private_no_interference,spillover_control,0.110137319,0,-0.110137319,True,9,2.945447414e-06,1.150547367
complex,200,8,1600,1,79,doi_private_no_interference,spillover_treated,0.1731328632,0,-0.1731328632,True,9,2.945447414e-06,1.150547367
complex,200,8,1600,2,79,design_ht,direct_low,0.09860674353,0.082037205,-0.01656953853,True,0,0,0
complex,200,8,1600,2,79,design_ht,direct_high,0.1616022877,0.166670146,0.00506785828,True,0,0,0
complex,200,8,1600,2,79,design_ht,spillover_control,0.110137319,0.09002661706,-0.02011070198,True,0,0,0
complex,200,8,1600,2,79,design_ht,spillover_treated,0.1731328632,0.174659558,0.001526694833,True,0,0,0
complex,200,8,1600,2,79,doi_nonprivate_generic,direct_low,0.09860674353,0.09659690695,-0.002009836586,True,78,0.007491954352,4.513175095
complex,200,8,1600,2,79,doi_nonprivate_generic,direct_high,0.1616022877,0.1559159321,-0.005686355556,True,78,0.007491954352,4.513175095
complex,200,8,1600,2,79,doi_nonprivate_generic,spillover_control,0.110137319,0.1149933189,0.004855999896,True,78,0.007491954352,4.513175095
complex,200,8,1600,2,79,doi_nonprivate_generic,spillover_treated,0.1731328632,0.1743123441,0.001179480926,True,78,0.007491954352,4.513175095
complex,200,8,1600,2,79,doi_private_generic,direct_low,0.09860674353,0.1449052389,0.04629849533,True,85,0.0008414341715,6.242941441
complex,200,8,1600,2,79,doi_private_generic,direct_high,0.1616022877,0.145718575,-0.0158837127,True,85,0.0008414341715,6.242941441
complex,200,8,1600,2,79,doi_private_generic,spillover_control,0.110137319,0.115866358,0.005729039005,True,85,0.0008414341715,6.242941441
complex,200,8,1600,2,79,doi_private_generic,spillover_treated,0.1731328632,0.1166796942,-0.05645316902,True,85,0.0008414341715,6.242941441
complex,200,8,1600,2,79,doi_private_no_interference,direct_low,0.09860674353,0.2129584216,0.1143516781,True,10,0.0001472515094,1.541421702
complex,200,8,1600,2,79,doi_private_no_interference,direct_high,0.1616022877,0.2129584216,0.05135613391,True,10,0.0001472515094,1.541421702
complex,200,8,1600,2,79,doi_private_no_interference,spillover_control,0.110137319,0,-0.110137319,True,10,0.0001472515094,1.541421702
complex,200,8,1600,2,79,doi_private_no_interference,spillover_treated,0.1731328632,0,-0.1731328632,True,10,0.0001472515094,1.541421702
complex,200,8,1600,0.5,80,design_ht,direct_low,0.09860674353,0.09817169008,-0.0004350534524,True,0,0,0
complex,200,8,1600,0.5,80,design_ht,direct_high,0.1616022877,0.2017472957,0.04014500798,True,0,0,0
complex,200,8,1600,0.5,80,design_ht,spillover_control,0.110137319,0.2801867603,0.1700494413,True,0,0,0
complex,200,8,1600,0.5,80,design_ht,spillover_treated,0.1731328632,0.3837623659,0.2106295027,True,0,0,0
complex,200,8,1600,0.5,80,doi_nonprivate_generic,direct_low,0.09860674353,0.09726882634,-0.00133791719,True,79,0.001407015684,4.578656409
complex,200,8,1600,0.5,80,doi_nonprivate_generic,direct_high,0.1616022877,0.1560643873,-0.005537900357,True,79,0.001407015684,4.578656409
complex,200,8,1600,0.5,80,doi_nonprivate_generic,spillover_control,0.110137319,0.1172864969,0.007149177826,True,79,0.001407015684,4.578656409
complex,200,8,1600,0.5,80,doi_nonprivate_generic,spillover_treated,0.1731328632,0.1760820578,0.00294919466,True,79,0.001407015684,4.578656409
complex,200,8,1600,0.5,80,doi_private_generic,direct_low,0.09860674353,0.08677016204,-0.01183658149,True,50,0.0008200842275,4.49123785
complex,200,8,1600,0.5,80,doi_private_generic,direct_high,0.1616022877,0.1686286122,0.007026324541,True,50,0.0008200842275,4.49123785
complex,200,8,1600,0.5,80,doi_private_generic,spillover_control,0.110137319,0.1857063012,0.07556898211,True,50,0.0008200842275,4.49123785
complex,200,8,1600,0.5,80,doi_private_generic,spillover_treated,0.1731328632,0.2675647513,0.09443188814,True,50,0.0008200842275,4.49123785
complex,200,8,1600,0.5,80,doi_private_no_interference,direct_low,0.09860674353,0.2716767248,0.1730699813,True,11,5.777065612e-05,2.179198333
complex,200,8,1600,0.5,80,doi_private_no_interference,direct_high,0.1616022877,0.2716767248,0.1100744371,True,11,5.777065612e-05,2.179198333
complex,200,8,1600,0.5,80,doi_private_no_interference,spillover_control,0.110137319,0,-0.110137319,True,11,5.777065612e-05,2.179198333
complex,200,8,1600,0.5,80,doi_private_no_interference,spillover_treated,0.1731328632,0,-0.1731328632,True,11,5.777065612e-05,2.179198333
complex,200,8,1600,1,80,design_ht,direct_low,0.09860674353,0.09185501255,-0.006751730979,True,0,0,0
complex,200,8,1600,1,80,design_ht,direct_high,0.1616022877,0.2041378953,0.04253560766,True,0,0,0
complex,200,8,1600,1,80,design_ht,spillover_control,0.110137319,0.2785882907,0.1684509716,True,0,0,0
complex,200,8,1600,1,80,design_ht,spillover_treated,0.1731328632,0.3908711735,0.2177383103,True,0,0,0
complex,200,8,1600,1,80,doi_nonprivate_generic,direct_low,0.09860674353,0.09726882634,-0.00133791719,True,79,0.001407015684,4.578656409
complex,200,8,1600,1,80,doi_nonprivate_generic,direct_high,0.1616022877,0.1560643873,-0.005537900357,True,79,0.001407015684,4.578656409
complex,200,8,1600,1,80,doi_nonprivate_generic,spillover_control,0.110137319,0.1172864969,0.007149177826,True,79,0.001407015684,4.578656409
complex,200,8,1600,1,80,doi_nonprivate_generic,spillover_treated,0.1731328632,0.1760820578,0.00294919466,True,79,0.001407015684,4.578656409
complex,200,8,1600,1,80,doi_private_generic,direct_low,0.09860674353,0.06917859503,-0.0294281485,True,69,0.0005409843942,4.793827686
complex,200,8,1600,1,80,doi_private_generic,direct_high,0.1616022877,0.1608609546,-0.0007413330991,True,69,0.0005409843942,4.793827686
complex,200,8,1600,1,80,doi_private_generic,spillover_control,0.110137319,0.2322934378,0.1221561188,True,69,0.0005409843942,4.793827686
complex,200,8,1600,1,80,doi_private_generic,spillover_treated,0.1731328632,0.3239757973,0.1508429342,True,69,0.0005409843942,4.793827686
complex,200,8,1600,1,80,doi_private_no_interference,direct_low,0.09860674353,0.2832155772,0.1846088337,True,12,1.137311039e-05,1.73606512
complex,200,8,1600,1,80,doi_private_no_interference,direct_high,0.1616022877,0.2832155772,0.1216132895,True,12,1.137311039e-05,1.73606512
complex,200,8,1600,1,80,doi_private_no_interference,spillover_control,0.110137319,0,-0.110137319,True,12,1.137311039e-05,1.73606512
complex,200,8,1600,1,80,doi_private_no_interference,spillover_treated,0.1731328632,0,-0.1731328632,True,12,1.137311039e-05,1.73606512
complex,200,8,1600,2,80,design_ht,direct_low,0.09860674353,0.08361382321,-0.01499292033,True,0,0,0
complex,200,8,1600,2,80,design_ht,direct_high,0.1616022877,0.2835313222,0.1219290345,True,0,0,0
complex,200,8,1600,2,80,design_ht,spillover_control,0.110137319,0.1275808817,0.01744356264,True,0,0,0
complex,200,8,1600,2,80,design_ht,spillover_treated,0.1731328632,0.3274983806,0.1543655175,True,0,0,0
complex,200,8,1600,2,80,doi_nonprivate_generic,direct_low,0.09860674353,0.09726882634,-0.00133791719,True,79,0.001407015684,4.578656409
complex,200,8,1600,2,80,doi_nonprivate_generic,direct_high,0.1616022877,0.1560643873,-0.005537900357,True,79,0.001407015684,4.578656409
complex,200,8,1600,2,80,doi_nonprivate_generic,spillover_control,0.110137319,0.1172864969,0.007149177826,True,79,0.001407015684,4.578656409
complex,200,8,1600,2,80,doi_nonprivate_generic,spillover_treated,0.1731328632,0.1760820578,0.00294919466,True,79,0.001407015684,4.578656409
complex,200,8,1600,2,80,doi_private_generic,direct_low,0.09860674353,0.06109346148,-0.03751328206,True,60,0.007734022941,3.912286571
complex,200,8,1600,2,80,doi_private_generic,direct_high,0.1616022877,0.1975657235,0.03596343582,True,60,0.007734022941,3.912286571
complex,200,8,1600,2,80,doi_private_generic,spillover_control,0.110137319,0.1150018286,0.004864509526,True,60,0.007734022941,3.912286571
complex,200,8,1600,2,80,doi_private_generic,spillover_treated,0.1731328632,0.2514740906,0.0783412274,True,60,0.007734022941,3.912286571
complex,200,8,1600,2,80,doi_private_no_interference,direct_low,0.09860674353,0.2494532527,0.1508465092,True,11,2.076291056e-05,1.827313219
complex,200,8,1600,2,80,doi_private_no_interference,direct_high,0.1616022877,0.2494532527,0.08785096501,True,11,2.076291056e-05,1.827313219
complex,200,8,1600,2,80,doi_private_no_interference,spillover_control,0.110137319,0,-0.110137319,True,11,2.076291056e-05,1.827313219
complex,200,8,1600,2,80,doi_private_no_interference,spillover_treated,0.1731328632,0,-0.1731328632,True,11,2.076291056e-05,1.827313219
complex,200,8,1600,0.5,81,design_ht,direct_low,0.09860674353,0.09276130268,-0.005845440853,True,0,0,0
complex,200,8,1600,0.5,81,design_ht,direct_high,0.1616022877,-0.1717388591,-0.3333411468,True,0,0,0
complex,200,8,1600,0.5,81,design_ht,spillover_control,0.110137319,0.507063725,0.3969264059,True,0,0,0
complex,200,8,1600,0.5,81,design_ht,spillover_treated,0.1731328632,0.2425635632,0.06943070003,True,0,0,0
complex,200,8,1600,0.5,81,doi_nonprivate_generic,direct_low,0.09860674353,0.1013831897,0.002776446159,True,81,0.002604500107,4.592178106
complex,200,8,1600,0.5,81,doi_nonprivate_generic,direct_high,0.1616022877,0.1549379491,-0.006664338619,True,81,0.002604500107,4.592178106
complex,200,8,1600,0.5,81,doi_nonprivate_generic,spillover_control,0.110137319,0.1166593478,0.006522028728,True,81,0.002604500107,4.592178106
complex,200,8,1600,0.5,81,doi_nonprivate_generic,spillover_treated,0.1731328632,0.1702141071,-0.002918756049,True,81,0.002604500107,4.592178106
complex,200,8,1600,0.5,81,doi_private_generic,direct_low,0.09860674353,0.1193087481,0.0207020046,True,40,0.0008634663275,3.948494924
complex,200,8,1600,0.5,81,doi_private_generic,direct_high,0.1616022877,0.007932101986,-0.1536701857,True,40,0.0008634663275,3.948494924
complex,200,8,1600,0.5,81,doi_private_generic,spillover_control,0.110137319,0.2859659386,0.1758286196,True,40,0.0008634663275,3.948494924
complex,200,8,1600,0.5,81,doi_private_generic,spillover_treated,0.1731328632,0.1745892924,0.001456429265,True,40,0.0008634663275,3.948494924
complex,200,8,1600,0.5,81,doi_private_no_interference,direct_low,0.09860674353,0.2006436689,0.1020369253,True,9,0.0001158103241,1.804584504
complex,200,8,1600,0.5,81,doi_private_no_interference,direct_high,0.1616022877,0.2006436689,0.03904138119,True,9,0.0001158103241,1.804584504
complex,200,8,1600,0.5,81,doi_private_no_interference,spillover_control,0.110137319,0,-0.110137319,True,9,0.0001158103241,1.804584504
complex,200,8,1600,0.5,81,doi_private_no_interference,spillover_treated,0.1731328632,0,-0.1731328632,True,9,0.0001158103241,1.804584504
complex,200,8,1600,1,81,design_ht,direct_low,0.09860674353,0.05910700929,-0.03949973424,True,0,0,0
complex,200,8,1600,1,81,design_ht,direct_high,0.1616022877,-0.000127183731,-0.1617294714,True,0,0,0
complex,200,8,1600,1,81,design_ht,spillover_control,0.110137319,0.2377443637,0.1276070447,True,0,0,0
complex,200,8,1600,1,81,design_ht,spillover_treated,0.1731328632,0.1785101707,0.005377307504,True,0,0,0
complex,200,8,1600,1,81,doi_nonprivate_generic,direct_low,0.09860674353,0.1013831897,0.002776446159,True,81,0.002604500107,4.592178106
complex,200,8,1600,1,81,doi_nonprivate_generic,direct_high,0.1616022877,0.1549379491,-0.006664338619,True,81,0.002604500107,4.592178106
complex,200,8,1600,1,81,doi_nonprivate_generic,spillover_control,0.110137319,0.1166593478,0.006522028728,True,81,0.002604500107,4.592178106
complex,200,8,1600,1,81,doi_nonprivate_generic,spillover_treated,0.1731328632,0.1702141071,-0.002918756049,True,81,0.002604500107,4.592178106
complex,200,8,1600,1,81,doi_private_generic,direct_low,0.09860674353,0.0592382392,-0.03936850433,True,58,0.004989805993,2.327414746
complex,200,8,1600,1,81,doi_private_generic,direct_high,0.1616022877,0.1025969974,-0.05900529032,True,58,0.004989805993,2.327414746
complex,200,8,1600,1,81,doi_private_generic,spillover_control,0.110137319,0.115180912,0.005043592926,True,58,0.004989805993,2.327414746
complex,200,8,1600,1,81,doi_private_generic,spillover_treated,0.1731328632,0.1585396701,-0.01459319306,True,58,0.004989805993,2.327414746
complex,200,8,1600,1,81,doi_private_no_interference,direct_low,0.09860674353,0.1662833548,0.06767661124,True,10,6.848564838e-06,1.110376
complex,200,8,1600,1,81,doi_private_no_interference,direct_high,0.1616022877,0.1662833548,0.004681067099,True,10,6.848564838e-06,1.110376
complex,200,8,1600,1,81,doi_private_no_interference,spillover_control,0.110137319,0,-0.110137319,True,10,6.848564838e-06,1.110376
complex,200,8,1600,1,81,doi_private_no_interference,spillover_treated,0.1731328632,0,-0.1731328632,True,10,6.848564838e-06,1.110376
complex,200,8,1600,2,81,design_ht,direct_low,0.09860674353,0.05077382286,-0.04783292067,True,0,0,0
complex,200,8,1600,2,81,design_ht,direct_high,0.1616022877,0.1261670573,-0.03543523035,True,0,0,0
complex,200,8,1600,2,81,design_ht,spillover_control,0.110137319,0.1528938233,0.04275650428,True,0,0,0
complex,200,8,1600,2,81,design_ht,spillover_treated,0.1731328632,0.2282870578,0.0551541946,True,0,0,0
complex,200,8,1600,2,81,doi_nonprivate_generic,direct_low,0.09860674353,0.1013831897,0.002776446159,True,81,0.002604500107,4.592178106
complex,200,8,1600,2,81,doi_nonprivate_generic,direct_high,0.1616022877,0.1549379491,-0.006664338619,True,81,0.002604500107,4.592178106
complex,200,8,1600,2,81,doi_nonprivate_generic,spillover_control,0.110137319,0.1166593478,0.006522028728,True,81,0.002604500107,4.592178106
complex,200,8,1600,2,81,doi_nonprivate_generic,spillover_treated,0.1731328632,0.1702141071,-0.002918756049,True,81,0.002604500107,4.592178106
complex,200,8,1600,2,81,doi_private_generic,direct_low,0.09860674353,0.09323332442,-0.005373419111,True,67,0.001872337842,5.722427183
complex,200,8,1600,2,81,doi_private_generic,direct_high,0.1616022877,0.1587950112,-0.002807276444,True,67,0.001872337842,5.722427183
complex,200,8,1600,2,81,doi_private_generic,spillover_control,0.110137319,0.1071775412,-0.00295977787,True,67,0.001872337842,5.722427183
complex,200,8,1600,2,81,doi_private_generic,spillover_treated,0.1731328632,0.172739228,-0.0003936352041,True,67,0.001872337842,5.722427183
complex,200,8,1600,2,81,doi_private_no_interference,direct_low,0.09860674353,0.2149298986,0.1163231551,True,9,2.600896285e-05,1.516135632
complex,200,8,1600,2,81,doi_private_no_interference,direct_high,0.1616022877,0.2149298986,0.05332761097,True,9,2.600896285e-05,1.516135632
complex,200,8,1600,2,81,doi_private_no_interference,spillover_control,0.110137319,0,-0.110137319,True,9,2.600896285e-05,1.516135632
complex,200,8,1600,2,81,doi_private_no_interference,spillover_treated,0.1731328632,0,-0.1731328632,True,9,2.600896285e-05,1.516135632
complex,200,8,1600,0.5,82,design_ht,direct_low,0.09860674353,0.394693394,0.2960866505,True,0,0,0
complex,200,8,1600,0.5,82,design_ht,direct_high,0.1616022877,-0.1120299787,-0.2736322664,True,0,0,0
complex,200,8,1600,0.5,82,design_ht,spillover_control,0.110137319,0.2296000138,0.1194626948,True,0,0,0
complex,200,8,1600,0.5,82,design_ht,spillover_treated,0.1731328632,-0.2771233589,-0.4502562221,True,0,0,0
complex,200,8,1600,0.5,82,doi_nonprivate_generic,direct_low,0.09860674353,0.09972324772,0.001116504188,True,73,0.01498749998,4.616850986
complex,200,8,1600,0.5,82,doi_nonprivate_generic,direct_high,0.1616022877,0.1610969594,-0.0005053282893,True,73,0.01498749998,4.616850986
complex,200,8,1600,0.5,82,doi_nonprivate_generic,spillover_control,0.110137319,0.1155963733,0.005459054273,True,73,0.01498749998,4.616850986
complex,200,8,1600,0.5,82,doi_nonprivate_generic,spillover_treated,0.1731328632,0.176970085,0.003837221796,True,73,0.01498749998,4.616850986
complex,200,8,1600,0.5,82,doi_private_generic,direct_low,0.09860674353,0.2875469712,0.1889402277,True,46,0.0009000854004,2.912252146
complex,200,8,1600,0.5,82,doi_private_generic,direct_high,0.1616022877,-0.05581662378,-0.2174189115,True,46,0.0009000854004,2.912252146
complex,200,8,1600,0.5,82,doi_private_generic,spillover_control,0.110137319,0.1487543084,0.03861698935,True,46,0.0009000854004,2.912252146
complex,200,8,1600,0.5,82,doi_private_generic,spillover_treated,0.1731328632,-0.1946092866,-0.3677421498,True,46,0.0009000854004,2.912252146
complex,200,8,1600,0.5,82,doi_private_no_interference,direct_low,0.09860674353,0.1019666998,0.003359956278,True,8,9.026282196e-05,1.205056972
complex,200,8,1600,0.5,82,doi_private_no_interference,direct_high,0.1616022877,0.1019666998,-0.05963558786,True,8,9.026282196e-05,1.205056972
complex,200,8,1600,0.5,82,doi_private_no_interference,spillover_control,0.110137319,0,-0.110137319,True,8,9.026282196e-05,1.205056972
complex,200,8,1600,0.5,82,doi_private_no_interference,spillover_treated,0.1731328632,0,-0.1731328632,True,8,9.026282196e-05,1.205056972
complex,200,8,1600,1,82,design_ht,direct_low,0.09860674353,0.05813317395,-0.04047356958,True,0,0,0
complex,200,8,1600,1,82,design_ht,direct_high,0.1616022877,0.2480677623,0.08646547463,True,0,0,0
complex,200,8,1600,1,82,design_ht,spillover_control,0.110137319,0.07473200929,-0.03540530975,True,0,0,0
complex,200,8,1600,1,82,design_ht,spillover_treated,0.1731328632,0.2646665977,0.09153373447,True,0,0,0
complex,200,8,1600,1,82,doi_nonprivate_generic,direct_low,0.09860674353,0.09972324772,0.001116504188,True,73,0.01498749998,4.616850986
complex,200,8,1600,1,82,doi_nonprivate_generic,direct_high,0.1616022877,0.1610969594,-0.0005053282893,True,73,0.01498749998,4.616850986
complex,200,8,1600,1,82,doi_nonprivate_generic,spillover_control,0.110137319,0.1155963733,0.005459054273,True,73,0.01498749998,4.616850986
complex,200,8,1600,1,82,doi_nonprivate_generic,spillover_treated,0.1731328632,0.176970085,0.003837221796,True,73,0.01498749998,4.616850986
complex,200,8,1600,1,82,doi_private_generic,direct_low,0.09860674353,0.1093847766,0.01077803302,True,58,0.005589690083,2.792101345
complex,200,8,1600,1,82,doi_private_generic,direct_high,0.1616022877,0.1379029277,-0.02369935998,True,58,0.005589690083,2.792101345
complex,200,8,1600,1,82,doi_private_generic,spillover_control,0.110137319,0.1463127178,0.0361753988,True,58,0.005589690083,2.792101345
complex,200,8,1600,1,82,doi_private_generic,spillover_treated,0.1731328632,0.174830869,0.001698005806,True,58,0.005589690083,2.792101345
complex,200,8,1600,1,82,doi_private_no_interference,direct_low,0.09860674353,0.2293366915,0.130729948,True,9,7.228249311e-05,1.647220728
complex,200,8,1600,1,82,doi_private_no_interference,direct_high,0.1616022877,0.2293366915,0.06773440384,True,9,7.228249311e-05,1.647220728
complex,200,8,1600,1,82,doi_private_no_interference,spillover_control,0.110137319,0,-0.110137319,True,9,7.228249311e-05,1.647220728
complex,200,8,1600,1,82,doi_private_no_interference,spillover_treated,0.1731328632,0,-0.1731328632,True,9,7.228249311e-05,1.647220728
complex,200,8,1600,2,82,design_ht,direct_low,0.09860674353,0.09158911706,-0.00701762647,True,0,0,0
complex,200,8,1600,2,82,design_ht,direct_high,0.1616022877,0.3104060277,0.1488037401,True,0,0,0
complex,200,8,1600,2,82,design_ht,spillover_control,0.110137319,0.03767617599,-0.07246114305,True,0,0,0
complex,200,8,1600,2,82,design_ht,spillover_treated,0.1731328632,0.2564930867,0.0833602235,True,0,0,0
complex,200,8,1600,2,82,doi_nonprivate_generic,direct_low,0.09860674353,0.09972324772,0.001116504188,True,73,0.01498749998,4.616850986
complex,200,8,1600,2,82,doi_nonprivate_generic,direct_high,0.1616022877,0.1610969594,-0.0005053282893,True,73,0.01498749998,4.616850986
complex,200,8,1600,2,82,doi_nonprivate_generic,spillover_control,0.110137319,0.1155963733,0.005459054273,True,73,0.01498749998,4.616850986
complex,200,8,1600,2,82,doi_nonprivate_generic,spillover_treated,0.1731328632,0.176970085,0.003837221796,True,73,0.01498749998,4.616850986
complex,200,8,1600,2,82,doi_private_generic,direct_low,0.09860674353,0.09939542716,0.0007886836329,True,70,0.002730316435,5.010299176
complex,200,8,1600,2,82,doi_private_generic,direct_high,0.1616022877,0.2019249352,0.04032264753,True,70,0.002730316435,5.010299176
complex,200,8,1600,2,82,doi_private_generic,spillover_control,0.110137319,0.1160128487,0.005875529652,True,70,0.002730316435,5.010299176
complex,200,8,1600,2,82,doi_private_generic,spillover_treated,0.1731328632,0.2185423567,0.04540949355,True,70,0.002730316435,5.010299176
complex,200,8,1600,2,82,doi_private_no_interference,direct_low,0.09860674353,0.2643474076,0.1657406641,True,10,1.022729549e-05,1.720024397
complex,200,8,1600,2,82,doi_private_no_interference,direct_high,0.1616022877,0.2643474076,0.1027451199,True,10,1.022729549e-05,1.720024397
complex,200,8,1600,2,82,doi_private_no_interference,spillover_control,0.110137319,0,-0.110137319,True,10,1.022729549e-05,1.720024397
complex,200,8,1600,2,82,doi_private_no_interference,spillover_treated,0.1731328632,0,-0.1731328632,True,10,1.022729549e-05,1.720024397
complex,200,8,1600,0.5,83,design_ht,direct_low,0.09860674353,0.3835581545,0.284951411,True,0,0,0
complex,200,8,1600,0.5,83,design_ht,direct_high,0.1616022877,0.2162539293,0.05465164165,True,0,0,0
complex,200,8,1600,0.5,83,design_ht,spillover_control,0.110137319,0.1325466901,0.02240937104,True,0,0,0
complex,200,8,1600,0.5,83,design_ht,spillover_treated,0.1731328632,-0.03475753512,-0.2078903983,True,0,0,0
complex,200,8,1600,0.5,83,doi_nonprivate_generic,direct_low,0.09860674353,0.1001547186,0.001547975056,True,78,0.02087983815,4.671968525
complex,200,8,1600,0.5,83,doi_nonprivate_generic,direct_high,0.1616022877,0.1605539057,-0.001048382021,True,78,0.02087983815,4.671968525
complex,200,8,1600,0.5,83,doi_nonprivate_generic,spillover_control,0.110137319,0.1139059755,0.003768656463,True,78,0.02087983815,4.671968525
complex,200,8,1600,0.5,83,doi_nonprivate_generic,spillover_treated,0.1731328632,0.1743051626,0.001172299386,True,78,0.02087983815,4.671968525
complex,200,8,1600,0.5,83,doi_private_generic,direct_low,0.09860674353,0.3495516004,0.2509448569,True,57,0.0002470119796,3.519216768
complex,200,8,1600,0.5,83,doi_private_generic,direct_high,0.1616022877,0.2736169764,0.1120146888,True,57,0.0002470119796,3.519216768
complex,200,8,1600,0.5,83,doi_private_generic,spillover_control,0.110137319,0.03995549957,-0.07018181947,True,57,0.0002470119796,3.519216768
complex,200,8,1600,0.5,83,doi_private_generic,spillover_treated,0.1731328632,-0.03597912441,-0.2091119876,True,57,0.0002470119796,3.519216768
complex,200,8,1600,0.5,83,doi_private_no_interference,direct_low,0.09860674353,0.3266086191,0.2280018756,True,11,4.319468141e-05,2.232243202
complex,200,8,1600,0.5,83,doi_private_no_interference,direct_high,0.1616022877,0.3266086191,0.1650063314,True,11,4.319468141e-05,2.232243202
complex,200,8,1600,0.5,83,doi_private_no_interference,spillover_control,0.110137319,0,-0.110137319,True,11,4.319468141e-05,2.232243202
complex,200,8,1600,0.5,83,doi_private_no_interference,spillover_treated,0.1731328632,0,-0.1731328632,True,11,4.319468141e-05,2.232243202
complex,200,8,1600,1,83,design_ht,direct_low,0.09860674353,-0.09836118976,-0.1969679333,True,0,0,0
complex,200,8,1600,1,83,design_ht,direct_high,0.1616022877,0.1913699046,0.02976761695,True,0,0,0
complex,200,8,1600,1,83,design_ht,spillover_control,0.110137319,0.06198764558,-0.04814967346,True,0,0,0
complex,200,8,1600,1,83,design_ht,spillover_treated,0.1731328632,0.35171874,0.1785858768,True,0,0,0
complex,200,8,1600,1,83,doi_nonprivate_generic,direct_low,0.09860674353,0.1001547186,0.001547975056,True,78,0.02087983815,4.671968525
complex,200,8,1600,1,83,doi_nonprivate_generic,direct_high,0.1616022877,0.1605539057,-0.001048382021,True,78,0.02087983815,4.671968525
complex,200,8,1600,1,83,doi_nonprivate_generic,spillover_control,0.110137319,0.1139059755,0.003768656463,True,78,0.02087983815,4.671968525
complex,200,8,1600,1,83,doi_nonprivate_generic,spillover_treated,0.1731328632,0.1743051626,0.001172299386,True,78,0.02087983815,4.671968525
complex,200,8,1600,1,83,doi_private_generic,direct_low,0.09860674353,-0.07999397386,-0.1786007174,True,51,0.004838788261,2.98845109
complex,200,8,1600,1,83,doi_private_generic,direct_high,0.1616022877,0.2351598652,0.0735575775,True,51,0.004838788261,2.98845109
complex,200,8,1600,1,83,doi_private_generic,spillover_control,0.110137319,-0.004220666875,-0.1143579859,True,51,0.004838788261,2.98845109
complex,200,8,1600,1,83,doi_private_generic,spillover_treated,0.1731328632,0.3109331722,0.137800309,True,51,0.004838788261,2.98845109
complex,200,8,1600,1,83,doi_private_no_interference,direct_low,0.09860674353,0.1712871978,0.0726804543,True,11,3.285718775e-05,1.058936818
complex,200,8,1600,1,83,doi_private_no_interference,direct_high,0.1616022877,0.1712871978,0.009684910152,True,11,3.285718775e-05,1.058936818
complex,200,8,1600,1,83,doi_private_no_interference,spillover_control,0.110137319,0,-0.110137319,True,11,3.285718775e-05,1.058936818
complex,200,8,1600,1,83,doi_private_no_interference,spillover_treated,0.1731328632,0,-0.1731328632,True,11,3.285718775e-05,1.058936818
complex,200,8,1600,2,83,design_ht,direct_low,0.09860674353,0.06713249931,-0.03147424422,True,0,0,0
complex,200,8,1600,2,83,design_ht,direct_high,0.1616022877,0.1290749989,-0.03252728882,True,0,0,0
complex,200,8,1600,2,83,design_ht,spillover_control,0.110137319,0.1405566172,0.03041929814,True,0,0,0
complex,200,8,1600,2,83,design_ht,spillover_treated,0.1731328632,0.2024991167,0.02936625354,True,0,0,0
complex,200,8,1600,2,83,doi_nonprivate_generic,direct_low,0.09860674353,0.1001547186,0.001547975056,True,78,0.02087983815,4.671968525
complex,200,8,1600,2,83,doi_nonprivate_generic,direct_high,0.1616022877,0.1605539057,-0.001048382021,True,78,0.02087983815,4.671968525
complex,200,8,1600,2,83,doi_nonprivate_generic,spillover_control,0.110137319,0.1139059755,0.003768656463,True,78,0.02087983815,4.671968525
complex,200,8,1600,2,83,doi_nonprivate_generic,spillover_treated,0.1731328632,0.1743051626,0.001172299386,True,78,0.02087983815,4.671968525
complex,200,8,1600,2,83,doi_private_generic,direct_low,0.09860674353,0.09130037295,-0.00730637058,True,86,0.002782820787,10.23284142
complex,200,8,1600,2,83,doi_private_generic,direct_high,0.1616022877,0.1637429169,0.002140629189,True,86,0.002782820787,10.23284142
complex,200,8,1600,2,83,doi_private_generic,spillover_control,0.110137319,0.08120598856,-0.02893133048,True,86,0.002782820787,10.23284142
complex,200,8,1600,2,83,doi_private_generic,spillover_treated,0.1731328632,0.1536485325,-0.01948433071,True,86,0.002782820787,10.23284142
complex,200,8,1600,2,83,doi_private_no_interference,direct_low,0.09860674353,0.2005201173,0.1019133738,True,10,5.847978258e-05,1.458601106
complex,200,8,1600,2,83,doi_private_no_interference,direct_high,0.1616022877,0.2005201173,0.03891782962,True,10,5.847978258e-05,1.458601106
complex,200,8,1600,2,83,doi_private_no_interference,spillover_control,0.110137319,0,-0.110137319,True,10,5.847978258e-05,1.458601106
complex,200,8,1600,2,83,doi_private_no_interference,spillover_treated,0.1731328632,0,-0.1731328632,True,10,5.847978258e-05,1.458601106
complex,200,8,1600,0.5,84,design_ht,direct_low,0.09860674353,-0.1496596477,-0.2482663912,True,0,0,0
complex,200,8,1600,0.5,84,design_ht,direct_high,0.1616022877,0.1642408237,0.002638536075,True,0,0,0
complex,200,8,1600,0.5,84,design_ht,spillover_control,0.110137319,0.1487584366,0.03862111753,True,0,0,0
complex,200,8,1600,0.5,84,design_ht,spillover_treated,0.1731328632,0.462658908,0.2895260449,True,0,0,0
complex,200,8,1600,0.5,84,doi_nonprivate_generic,direct_low,0.09860674353,0.09884806357,0.0002413200424,True,84,0.005434779752,4.601107884
complex,200,8,1600,0.5,84,doi_nonprivate_generic,direct_high,0.1616022877,0.158477607,-0.003124680643,True,84,0.005434779752,4.601107884
complex,200,8,1600,0.5,84,doi_nonprivate_generic,spillover_control,0.110137319,0.1122558844,0.002118565383,True,84,0.005434779752,4.601107884
complex,200,8,1600,0.5,84,doi_nonprivate_generic,spillover_treated,0.1731328632,0.1718854279,-0.001247435303,True,84,0.005434779752,4.601107884
complex,200,8,1600,0.5,84,doi_private_generic,direct_low,0.09860674353,-0.1910231766,-0.2896299202,True,36,0.002010048304,5.539471349
complex,200,8,1600,0.5,84,doi_private_generic,direct_high,0.1616022877,0.203073616,0.04147132835,True,36,0.002010048304,5.539471349
complex,200,8,1600,0.5,84,doi_private_generic,spillover_control,0.110137319,-0.003869990091,-0.1140073091,True,36,0.002010048304,5.539471349
complex,200,8,1600,0.5,84,doi_private_generic,spillover_treated,0.1731328632,0.3902268026,0.2170939394,True,36,0.002010048304,5.539471349
complex,200,8,1600,0.5,84,doi_private_no_interference,direct_low,0.09860674353,0.1543002094,0.05569346585,True,8,4.109295196e-07,0.8161755636
complex,200,8,1600,0.5,84,doi_private_no_interference,direct_high,0.1616022877,0.1543002094,-0.007302078293,True,8,4.109295196e-07,0.8161755636
complex,200,8,1600,0.5,84,doi_private_no_interference,spillover_control,0.110137319,0,-0.110137319,True,8,4.109295196e-07,0.8161755636
complex,200,8,1600,0.5,84,doi_private_no_interference,spillover_treated,0.1731328632,0,-0.1731328632,True,8,4.109295196e-07,0.8161755636
complex,200,8,1600,1,84,design_ht,direct_low,0.09860674353,0.07142714232,-0.02717960121,True,0,0,0
complex,200,8,1600,1,84,design_ht,direct_high,0.1616022877,0.06978833208,-0.09181395559,True,0,0,0
complex,200,8,1600,1,84,design_ht,spillover_control,0.110137319,0.3159983572,0.2058610381,True,0,0,0
complex,200,8,1600,1,84,design_ht,spillover_treated,0.1731328632,0.3143595469,0.1412266838,True,0,0,0
complex,200,8,1600,1,84,doi_nonprivate_generic,direct_low,0.09860674353,0.09884806357,0.0002413200424,True,84,0.005434779752,4.601107884
complex,200,8,1600,1,84,doi_nonprivate_generic,direct_high,0.1616022877,0.158477607,-0.003124680643,True,84,0.005434779752,4.601107884
complex,200,8,1600,1,84,doi_nonprivate_generic,spillover_control,0.110137319,0.1122558844,0.002118565383,True,84,0.005434779752,4.601107884
complex,200,8,1600,1,84,doi_nonprivate_generic,spillover_treated,0.1731328632,0.1718854279,-0.001247435303,True,84,0.005434779752,4.601107884
complex,200,8,1600,1,84,doi_private_generic,direct_low,0.09860674353,0.1016254653,0.003018721767,True,54,0.0006625883438,2.199767862
complex,200,8,1600,1,84,doi_private_generic,direct_high,0.1616022877,0.07278912247,-0.08881316521,True,54,0.0006625883438,2.199767862
complex,200,8,1600,1,84,doi_private_generic,spillover_control,0.110137319,0.2756033015,0.1654659825,True,54,0.0006625883438,2.199767862
complex,200,8,1600,1,84,doi_private_generic,spillover_treated,0.1731328632,0.2467669587,0.07363409553,True,54,0.0006625883438,2.199767862
complex,200,8,1600,1,84,doi_private_no_interference,direct_low,0.09860674353,0.2320475228,0.1334407793,True,10,0.0001246886341,1.301680056
complex,200,8,1600,1,84,doi_private_no_interference,direct_high,0.1616022877,0.2320475228,0.07044523515,True,10,0.0001246886341,1.301680056
complex,200,8,1600,1,84,doi_private_no_interference,spillover_control,0.110137319,0,-0.110137319,True,10,0.0001246886341,1.301680056
complex,200,8,1600,1,84,doi_private_no_interference,spillover_treated,0.1731328632,0,-0.1731328632,True,10,0.0001246886341,1.301680056
complex,200,8,1600,2,84,design_ht,direct_low,0.09860674353,0.1478524992,0.04924575567,True,0,0,0
complex,200,8,1600,2,84,design_ht,direct_high,0.1616022877,0.1386945577,-0.02290773,True,0,0,0
complex,200,8,1600,2,84,design_ht,spillover_control,0.110137319,0.2001895581,0.09005223909,True,0,0,0
complex,200,8,1600,2,84,design_ht,spillover_treated,0.1731328632,0.1910316166,0.01789875342,True,0,0,0
complex,200,8,1600,2,84,doi_nonprivate_generic,direct_low,0.09860674353,0.09884806357,0.0002413200424,True,84,0.005434779752,4.601107884
complex,200,8,1600,2,84,doi_nonprivate_generic,direct_high,0.1616022877,0.158477607,-0.003124680643,True,84,0.005434779752,4.601107884
complex,200,8,1600,2,84,doi_nonprivate_generic,spillover_control,0.110137319,0.1122558844,0.002118565383,True,84,0.005434779752,4.601107884
complex,200,8,1600,2,84,doi_nonprivate_generic,spillover_treated,0.1731328632,0.1718854279,-0.001247435303,True,84,0.005434779752,4.601107884
complex,200,8,1600,2,84,doi_private_generic,direct_low,0.09860674353,0.1115720794,0.01296533591,True,64,0.0009933585706,4.047417949
complex,200,8,1600,2,84,doi_private_generic,direct_high,0.1616022877,0.161880645,0.0002783573434,True,64,0.0009933585706,4.047417949
complex,200,8,1600,2,84,doi_private_generic,spillover_control,0.110137319,0.1513091179,0.04117179882,True,64,0.0009933585706,4.047417949
complex,200,8,1600,2,84,doi_private_generic,spillover_treated,0.1731328632,0.2016176834,0.02848482025,True,64,0.0009933585706,4.047417949
complex,200,8,1600,2,84,doi_private_no_interference,direct_low,0.09860674353,0.2327066915,0.134099948,True,9,0.0005345535744,1.252748828
complex,200,8,1600,2,84,doi_private_no_interference,direct_high,0.1616022877,0.2327066915,0.07110440385,True,9,0.0005345535744,1.252748828
complex,200,8,1600,2,84,doi_private_no_interference,spillover_control,0.110137319,0,-0.110137319,True,9,0.0005345535744,1.252748828
complex,200,8,1600,2,84,doi_private_no_interference,spillover_treated,0.1731328632,0,-0.1731328632,True,9,0.0005345535744,1.252748828
complex,200,8,1600,0.5,85,design_ht,direct_low,0.09860674353,-0.05917078863,-0.1577775322,True,0,0,0
complex,200,8,1600,0.5,85,design_ht,direct_high,0.1616022877,0.2064899223,0.04488763463,True,0,0,0
complex,200,8,1600,0.5,85,design_ht,spillover_control,0.110137319,0.1296129576,0.0194756386,True,0,0,0
complex,200,8,1600,0.5,85,design_ht,spillover_treated,0.1731328632,0.3952736686,0.2221408054,True,0,0,0
complex,200,8,1600,0.5,85,doi_nonprivate_generic,direct_low,0.09860674353,0.09875542536,0.0001486818273,True,67,0.004877878682,4.611271865
complex,200,8,1600,0.5,85,doi_nonprivate_generic,direct_high,0.1616022877,0.1587624419,-0.002839845802,True,67,0.004877878682,4.611271865
complex,200,8,1600,0.5,85,doi_nonprivate_generic,spillover_control,0.110137319,0.1144684873,0.004331168297,True,67,0.004877878682,4.611271865
complex,200,8,1600,0.5,85,doi_nonprivate_generic,spillover_treated,0.1731328632,0.1744755039,0.001342640668,True,67,0.004877878682,4.611271865
complex,200,8,1600,0.5,85,doi_private_generic,direct_low,0.09860674353,-0.04326699358,-0.1418737371,True,59,0.002213254238,4.481522881
complex,200,8,1600,0.5,85,doi_private_generic,direct_high,0.1616022877,0.3006403275,0.1390380399,True,59,0.002213254238,4.481522881
complex,200,8,1600,0.5,85,doi_private_generic,spillover_control,0.110137319,0.02042250204,-0.089714817,True,59,0.002213254238,4.481522881
complex,200,8,1600,0.5,85,doi_private_generic,spillover_treated,0.1731328632,0.3643298232,0.19119696,True,59,0.002213254238,4.481522881
complex,200,8,1600,0.5,85,doi_private_no_interference,direct_low,0.09860674353,0.2458185078,0.1472117643,True,11,4.01285929e-05,3.429182738
complex,200,8,1600,0.5,85,doi_private_no_interference,direct_high,0.1616022877,0.2458185078,0.08421622017,True,11,4.01285929e-05,3.429182738
complex,200,8,1600,0.5,85,doi_private_no_interference,spillover_control,0.110137319,0,-0.110137319,True,11,4.01285929e-05,3.429182738
complex,200,8,1600,0.5,85,doi_private_no_interference,spillover_treated,0.1731328632,0,-0.1731328632,True,11,4.01285929e-05,3.429182738
complex,200,8,1600,1,85,design_ht,direct_low,0.09860674353,0.05792787023,-0.0406788733,True,0,0,0
complex,200,8,1600,1,85,design_ht,direct_high,0.1616022877,0.1229778288,-0.03862445885,True,0,0,0
complex,200,8,1600,1,85,design_ht,spillover_control,0.110137319,0.1177134777,0.007576158625,True,0,0,0
complex,200,8,1600,1,85,design_ht,spillover_treated,0.1731328632,0.1827634363,0.009630573072,True,0,0,0
complex,200,8,1600,1,85,doi_nonprivate_generic,direct_low,0.09860674353,0.09875542536,0.0001486818273,True,67,0.004877878682,4.611271865
complex,200,8,1600,1,85,doi_nonprivate_generic,direct_high,0.1616022877,0.1587624419,-0.002839845802,True,67,0.004877878682,4.611271865
complex,200,8,1600,1,85,doi_nonprivate_generic,spillover_control,0.110137319,0.1144684873,0.004331168297,True,67,0.004877878682,4.611271865
complex,200,8,1600,1,85,doi_nonprivate_generic,spillover_treated,0.1731328632,0.1744755039,0.001342640668,True,67,0.004877878682,4.611271865
complex,200,8,1600,1,85,doi_private_generic,direct_low,0.09860674353,0.01056563624,-0.08804110729,True,72,0.002824250115,3.314751495
complex,200,8,1600,1,85,doi_private_generic,direct_high,0.1616022877,0.1834505632,0.02184827556,True,72,0.002824250115,3.314751495
complex,200,8,1600,1,85,doi_private_generic,spillover_control,0.110137319,0.08478947326,-0.02534784578,True,72,0.002824250115,3.314751495
complex,200,8,1600,1,85,doi_private_generic,spillover_treated,0.1731328632,0.2576744003,0.08454153708,True,72,0.002824250115,3.314751495
complex,200,8,1600,1,85,doi_private_no_interference,direct_low,0.09860674353,0.1881568505,0.08955010693,True,10,8.105065056e-05,0.9466550465
complex,200,8,1600,1,85,doi_private_no_interference,direct_high,0.1616022877,0.1881568505,0.02655456278,True,10,8.105065056e-05,0.9466550465
complex,200,8,1600,1,85,doi_private_no_interference,spillover_control,0.110137319,0,-0.110137319,True,10,8.105065056e-05,0.9466550465
complex,200,8,1600,1,85,doi_private_no_interference,spillover_treated,0.1731328632,0,-0.1731328632,True,10,8.105065056e-05,0.9466550465
complex,200,8,1600,2,85,design_ht,direct_low,0.09860674353,0.1004616173,0.001854873759,True,0,0,0
complex,200,8,1600,2,85,design_ht,direct_high,0.1616022877,0.06048852878,-0.1011137589,True,0,0,0
complex,200,8,1600,2,85,design_ht,spillover_control,0.110137319,0.1420916168,0.03195429779,True,0,0,0
complex,200,8,1600,2,85,design_ht,spillover_treated,0.1731328632,0.1021185283,-0.07101433486,True,0,0,0
complex,200,8,1600,2,85,doi_nonprivate_generic,direct_low,0.09860674353,0.09875542536,0.0001486818273,True,67,0.004877878682,4.611271865
complex,200,8,1600,2,85,doi_nonprivate_generic,direct_high,0.1616022877,0.1587624419,-0.002839845802,True,67,0.004877878682,4.611271865
complex,200,8,1600,2,85,doi_nonprivate_generic,spillover_control,0.110137319,0.1144684873,0.004331168297,True,67,0.004877878682,4.611271865
complex,200,8,1600,2,85,doi_nonprivate_generic,spillover_treated,0.1731328632,0.1744755039,0.001342640668,True,67,0.004877878682,4.611271865
complex,200,8,1600,2,85,doi_private_generic,direct_low,0.09860674353,0.08627697799,-0.01232976554,True,71,0.01281664838,1.478941121
complex,200,8,1600,2,85,doi_private_generic,direct_high,0.1616022877,0.1142607785,-0.04734150922,True,71,0.01281664838,1.478941121
complex,200,8,1600,2,85,doi_private_generic,spillover_control,0.110137319,0.08906478944,-0.0210725296,True,71,0.01281664838,1.478941121
complex,200,8,1600,2,85,doi_private_generic,spillover_treated,0.1731328632,0.1170485899,-0.05608427328,True,71,0.01281664838,1.478941121
complex,200,8,1600,2,85,doi_private_no_interference,direct_low,0.09860674353,0.1599779022,0.06137115871,True,9,4.064327656e-05,1.20915876
complex,200,8,1600,2,85,doi_private_no_interference,direct_high,0.1616022877,0.1599779022,-0.001624385428,True,9,4.064327656e-05,1.20915876
complex,200,8,1600,2,85,doi_private_no_interference,spillover_control,0.110137319,0,-0.110137319,True,9,4.064327656e-05,1.20915876
complex,200,8,1600,2,85,doi_private_no_interference,spillover_treated,0.1731328632,0,-0.1731328632,True,9,4.064327656e-05,1.20915876
complex,200,8,1600,0.5,86,design_ht,direct_low,0.09860674353,0.02910075351,-0.06950599002,True,0,0,0
complex,200,8,1600,0.5,86,design_ht,direct_high,0.1616022877,0.2580524223,0.09645013463,True,0,0,0
complex,200,8,1600,0.5,86,design_ht,spillover_control,0.110137319,0.1689218518,0.05878453281,True,0,0,0
complex,200,8,1600,0.5,86,design_ht,spillover_treated,0.1731328632,0.3978735206,0.2247406575,True,0,0,0
complex,200,8,1600,0.5,86,doi_nonprivate_generic,direct_low,0.09860674353,0.09679955713,-0.001807186402,True,89,0.003230504357,4.505114486
complex,200,8,1600,0.5,86,doi_nonprivate_generic,direct_high,0.1616022877,0.155367756,-0.006234531638,True,89,0.003230504357,4.505114486
complex,200,8,1600,0.5,86,doi_nonprivate_generic,spillover_control,0.110137319,0.114275124,0.004137804936,True,89,0.003230504357,4.505114486
complex,200,8,1600,0.5,86,doi_nonprivate_generic,spillover_treated,0.1731328632,0.1728433229,-0.0002895402998,True,89,0.003230504357,4.505114486
complex,200,8,1600,0.5,86,doi_private_generic,direct_low,0.09860674353,0.1202488414,0.02164209783,True,39,0.0003955173654,4.005234804
complex,200,8,1600,0.5,86,doi_private_generic,direct_high,0.1616022877,0.161371023,-0.0002312646526,True,39,0.0003955173654,4.005234804
complex,200,8,1600,0.5,86,doi_private_generic,spillover_control,0.110137319,0.3478283922,0.2376910732,True,39,0.0003955173654,4.005234804
complex,200,8,1600,0.5,86,doi_private_generic,spillover_treated,0.1731328632,0.3889505739,0.2158177107,True,39,0.0003955173654,4.005234804
complex,200,8,1600,0.5,86,doi_private_no_interference,direct_low,0.09860674353,0.3476721515,0.249065408,True,11,7.094102201e-05,2.360733435
complex,200,8,1600,0.5,86,doi_private_no_interference,direct_high,0.1616022877,0.3476721515,0.1860698638,True,11,7.094102201e-05,2.360733435
complex,200,8,1600,0.5,86,doi_private_no_interference,spillover_control,0.110137319,0,-0.110137319,True,11,7.094102201e-05,2.360733435
complex,200,8,1600,0.5,86,doi_private_no_interference,spillover_treated,0.1731328632,0,-0.1731328632,True,11,7.094102201e-05,2.360733435
complex,200,8,1600,1,86,design_ht,direct_low,0.09860674353,0.1902806991,0.09167395552,True,0,0,0
complex,200,8,1600,1,86,design_ht,direct_high,0.1616022877,0.2827379995,0.1211357118,True,0,0,0
complex,200,8,1600,1,86,design_ht,spillover_control,0.110137319,-0.02575490838,-0.1358922274,True,0,0,0
complex,200,8,1600,1,86,design_ht,spillover_treated,0.1731328632,0.06670239208,-0.1064304711,True,0,0,0
complex,200,8,1600,1,86,doi_nonprivate_generic,direct_low,0.09860674353,0.09679955713,-0.001807186402,True,89,0.003230504357,4.505114486
complex,200,8,1600,1,86,doi_nonprivate_generic,direct_high,0.1616022877,0.155367756,-0.006234531638,True,89,0.003230504357,4.505114486
complex,200,8,1600,1,86,doi_nonprivate_generic,spillover_control,0.110137319,0.114275124,0.004137804936,True,89,0.003230504357,4.505114486
complex,200,8,1600,1,86,doi_nonprivate_generic,spillover_treated,0.1731328632,0.1728433229,-0.0002895402998,True,89,0.003230504357,4.505114486
complex,200,8,1600,1,86,doi_private_generic,direct_low,0.09860674353,0.1714436825,0.07283693895,True,61,0.00129910541,3.384813035
complex,200,8,1600,1,86,doi_private_generic,direct_high,0.1616022877,0.292294966,0.1306926784,True,61,0.00129910541,3.384813035
complex,200,8,1600,1,86,doi_private_generic,spillover_control,0.110137319,0.05027422782,-0.05986309122,True,61,0.00129910541,3.384813035
complex,200,8,1600,1,86,doi_private_generic,spillover_treated,0.1731328632,0.1711255114,-0.002007351799,True,61,0.00129910541,3.384813035
complex,200,8,1600,1,86,doi_private_no_interference,direct_low,0.09860674353,0.2859409255,0.1873341819,True,11,2.574650594e-05,2.197758552
complex,200,8,1600,1,86,doi_private_no_interference,direct_high,0.1616022877,0.2859409255,0.1243386378,True,11,2.574650594e-05,2.197758552
complex,200,8,1600,1,86,doi_private_no_interference,spillover_control,0.110137319,0,-0.110137319,True,11,2.574650594e-05,2.197758552
complex,200,8,1600,1,86,doi_private_no_interference,spillover_treated,0.1731328632,0,-0.1731328632,True,11,2.574650594e-05,2.197758552
complex,200,8,1600,2,86,design_ht,direct_low,0.09860674353,0.1416024992,0.04299575567,True,0,0,0
complex,200,8,1600,2,86,design_ht,direct_high,0.1616022877,0.1120510288,-0.0495512589,True,0,0,0
complex,200,8,1600,2,86,design_ht,spillover_control,0.110137319,0.05861308714,-0.0515242319,True,0,0,0
complex,200,8,1600,2,86,design_ht,spillover_treated,0.1731328632,0.02906161672,-0.1440712465,True,0,0,0
complex,200,8,1600,2,86,doi_nonprivate_generic,direct_low,0.09860674353,0.09679955713,-0.001807186402,True,89,0.003230504357,4.505114486
complex,200,8,1600,2,86,doi_nonprivate_generic,direct_high,0.1616022877,0.155367756,-0.006234531638,True,89,0.003230504357,4.505114486
complex,200,8,1600,2,86,doi_nonprivate_generic,spillover_control,0.110137319,0.114275124,0.004137804936,True,89,0.003230504357,4.505114486
complex,200,8,1600,2,86,doi_nonprivate_generic,spillover_treated,0.1731328632,0.1728433229,-0.0002895402998,True,89,0.003230504357,4.505114486
complex,200,8,1600,2,86,doi_private_generic,direct_low,0.09860674353,0.09675945571,-0.001847287824,True,91,0.002047671131,5.437275213
complex,200,8,1600,2,86,doi_private_generic,direct_high,0.1616022877,0.1597436491,-0.001858638544,True,91,0.002047671131,5.437275213
complex,200,8,1600,2,86,doi_private_generic,spillover_control,0.110137319,0.09838839046,-0.01174892857,True,91,0.002047671131,5.437275213
complex,200,8,1600,2,86,doi_private_generic,spillover_treated,0.1731328632,0.1613725839,-0.01176027929,True,91,0.002047671131,5.437275213
complex,200,8,1600,2,86,doi_private_no_interference,direct_low,0.09860674353,0.1987515626,0.100144819,True,9,1.181093616e-05,1.535175289
complex,200,8,1600,2,86,doi_private_no_interference,direct_high,0.1616022877,0.1987515626,0.03714927489,True,9,1.181093616e-05,1.535175289
complex,200,8,1600,2,86,doi_private_no_interference,spillover_control,0.110137319,0,-0.110137319,True,9,1.181093616e-05,1.535175289
complex,200,8,1600,2,86,doi_private_no_interference,spillover_treated,0.1731328632,0,-0.1731328632,True,9,1.181093616e-05,1.535175289
complex,200,8,1600,0.5,87,design_ht,direct_low,0.09860674353,-0.08130512665,-0.1799118702,True,0,0,0
complex,200,8,1600,0.5,87,design_ht,direct_high,0.1616022877,0.2149572392,0.05335495157,True,0,0,0
complex,200,8,1600,0.5,87,design_ht,spillover_control,0.110137319,-0.09304005641,-0.2031773754,True,0,0,0
complex,200,8,1600,0.5,87,design_ht,spillover_treated,0.1731328632,0.2032223095,0.0300894463,True,0,0,0
complex,200,8,1600,0.5,87,doi_nonprivate_generic,direct_low,0.09860674353,0.09734590246,-0.001260841071,True,70,0.0005467227577,4.634209499
complex,200,8,1600,0.5,87,doi_nonprivate_generic,direct_high,0.1616022877,0.1562179981,-0.005384289586,True,70,0.0005467227577,4.634209499
complex,200,8,1600,0.5,87,doi_nonprivate_generic,spillover_control,0.110137319,0.1167456024,0.006608283394,True,70,0.0005467227577,4.634209499
complex,200,8,1600,0.5,87,doi_nonprivate_generic,spillover_treated,0.1731328632,0.1756176981,0.002484834879,True,70,0.0005467227577,4.634209499
complex,200,8,1600,0.5,87,doi_private_generic,direct_low,0.09860674353,-0.009115225861,-0.1077219694,True,46,0.001596972067,4.994529338
complex,200,8,1600,0.5,87,doi_private_generic,direct_high,0.1616022877,0.1991626078,0.03756032008,True,46,0.001596972067,4.994529338
complex,200,8,1600,0.5,87,doi_private_generic,spillover_control,0.110137319,0.02746708945,-0.08267022959,True,46,0.001596972067,4.994529338
complex,200,8,1600,0.5,87,doi_private_generic,spillover_treated,0.1731328632,0.2357449231,0.06261205988,True,46,0.001596972067,4.994529338
complex,200,8,1600,0.5,87,doi_private_no_interference,direct_low,0.09860674353,0.1623086111,0.06370186754,True,11,4.317117439e-05,1.944951635
complex,200,8,1600,0.5,87,doi_private_no_interference,direct_high,0.1616022877,0.1623086111,0.0007063233963,True,11,4.317117439e-05,1.944951635
complex,200,8,1600,0.5,87,doi_private_no_interference,spillover_control,0.110137319,0,-0.110137319,True,11,4.317117439e-05,1.944951635
complex,200,8,1600,0.5,87,doi_private_no_interference,spillover_treated,0.1731328632,0,-0.1731328632,True,11,4.317117439e-05,1.944951635
complex,200,8,1600,1,87,design_ht,direct_low,0.09860674353,-0.05288244604,-0.1514891896,True,0,0,0
complex,200,8,1600,1,87,design_ht,direct_high,0.1616022877,0.1118604619,-0.04974182582,True,0,0,0
complex,200,8,1600,1,87,design_ht,spillover_control,0.110137319,-0.04637445908,-0.1565117781,True,0,0,0
complex,200,8,1600,1,87,design_ht,spillover_treated,0.1731328632,0.1183684488,-0.05476441438,True,0,0,0
complex,200,8,1600,1,87,doi_nonprivate_generic,direct_low,0.09860674353,0.09734590246,-0.001260841071,True,70,0.0005467227577,4.634209499
complex,200,8,1600,1,87,doi_nonprivate_generic,direct_high,0.1616022877,0.1562179981,-0.005384289586,True,70,0.0005467227577,4.634209499
complex,200,8,1600,1,87,doi_nonprivate_generic,spillover_control,0.110137319,0.1167456024,0.006608283394,True,70,0.0005467227577,4.634209499
complex,200,8,1600,1,87,doi_nonprivate_generic,spillover_treated,0.1731328632,0.1756176981,0.002484834879,True,70,0.0005467227577,4.634209499
complex,200,8,1600,1,87,doi_private_generic,direct_low,0.09860674353,-0.06873106727,-0.1673378108,True,74,0.002571876943,4.686850981
complex,200,8,1600,1,87,doi_private_generic,direct_high,0.1616022877,0.1045890042,-0.05701328352,True,74,0.002571876943,4.686850981
complex,200,8,1600,1,87,doi_private_generic,spillover_control,0.110137319,0.08975214962,-0.02038516942,True,74,0.002571876943,4.686850981
complex,200,8,1600,1,87,doi_private_generic,spillover_treated,0.1731328632,0.263072221,0.08993935786,True,74,0.002571876943,4.686850981
complex,200,8,1600,1,87,doi_private_no_interference,direct_low,0.09860674353,0.1141400142,0.01553327069,True,11,5.535214388e-05,2.093543851
complex,200,8,1600,1,87,doi_private_no_interference,direct_high,0.1616022877,0.1141400142,-0.04746227345,True,11,5.535214388e-05,2.093543851
complex,200,8,1600,1,87,doi_private_no_interference,spillover_control,0.110137319,0,-0.110137319,True,11,5.535214388e-05,2.093543851
complex,200,8,1600,1,87,doi_private_no_interference,spillover_treated,0.1731328632,0,-0.1731328632,True,11,5.535214388e-05,2.093543851
complex,200,8,1600,2,87,design_ht,direct_low,0.09860674353,0.1526351463,0.05402840277,True,0,0,0
complex,200,8,1600,2,87,design_ht,direct_high,0.1616022877,0.1874717636,0.02586947591,True,0,0,0
complex,200,8,1600,2,87,design_ht,spillover_control,0.110137319,-0.04638661843,-0.1565239375,True,0,0,0
complex,200,8,1600,2,87,design_ht,spillover_treated,0.1731328632,-0.01155000114,-0.1846828643,True,0,0,0
complex,200,8,1600,2,87,doi_nonprivate_generic,direct_low,0.09860674353,0.09734590246,-0.001260841071,True,70,0.0005467227577,4.634209499
complex,200,8,1600,2,87,doi_nonprivate_generic,direct_high,0.1616022877,0.1562179981,-0.005384289586,True,70,0.0005467227577,4.634209499
complex,200,8,1600,2,87,doi_nonprivate_generic,spillover_control,0.110137319,0.1167456024,0.006608283394,True,70,0.0005467227577,4.634209499
complex,200,8,1600,2,87,doi_nonprivate_generic,spillover_treated,0.1731328632,0.1756176981,0.002484834879,True,70,0.0005467227577,4.634209499
complex,200,8,1600,2,87,doi_private_generic,direct_low,0.09860674353,0.0627333882,-0.03587335534,True,68,0.002443647151,4.161706448
complex,200,8,1600,2,87,doi_private_generic,direct_high,0.1616022877,0.220162223,0.0585599353,True,68,0.002443647151,4.161706448
complex,200,8,1600,2,87,doi_private_generic,spillover_control,0.110137319,0.06726747916,-0.04286983988,True,68,0.002443647151,4.161706448
complex,200,8,1600,2,87,doi_private_generic,spillover_treated,0.1731328632,0.2246963139,0.05156345076,True,68,0.002443647151,4.161706448
complex,200,8,1600,2,87,doi_private_no_interference,direct_low,0.09860674353,0.2153760197,0.1167692762,True,11,2.567211408e-05,1.454608416
complex,200,8,1600,2,87,doi_private_no_interference,direct_high,0.1616022877,0.2153760197,0.05377373206,True,11,2.567211408e-05,1.454608416
complex,200,8,1600,2,87,doi_private_no_interference,spillover_control,0.110137319,0,-0.110137319,True,11,2.567211408e-05,1.454608416
complex,200,8,1600,2,87,doi_private_no_interference,spillover_treated,0.1731328632,0,-0.1731328632,True,11,2.567211408e-05,1.454608416
complex,200,8,1600,0.5,88,design_ht,direct_low,0.09860674353,0.08359051405,-0.01501622948,True,0,0,0
complex,200,8,1600,0.5,88,design_ht,direct_high,0.1616022877,0.2777101054,0.1161078177,True,0,0,0
complex,200,8,1600,0.5,88,design_ht,spillover_control,0.110137319,-0.1882715421,-0.2984088612,True,0,0,0
complex,200,8,1600,0.5,88,design_ht,spillover_treated,0.1731328632,0.005848049166,-0.167284814,True,0,0,0
complex,200,8,1600,0.5,88,doi_nonprivate_generic,direct_low,0.09860674353,0.09702533061,-0.001581412925,True,68,0.001016358794,4.540011114
complex,200,8,1600,0.5,88,doi_nonprivate_generic,direct_high,0.1616022877,0.1582228733,-0.003379414361,True,68,0.001016358794,4.540011114
complex,200,8,1600,0.5,88,doi_nonprivate_generic,spillover_control,0.110137319,0.1152608658,0.005123546742,True,68,0.001016358794,4.540011114
complex,200,8,1600,0.5,88,doi_nonprivate_generic,spillover_treated,0.1731328632,0.1764584085,0.003325545306,True,68,0.001016358794,4.540011114
complex,200,8,1600,0.5,88,doi_private_generic,direct_low,0.09860674353,0.07920538799,-0.01940135554,True,48,0.0004241185145,3.508141034
complex,200,8,1600,0.5,88,doi_private_generic,direct_high,0.1616022877,0.1536174005,-0.00798488716,True,48,0.0004241185145,3.508141034
complex,200,8,1600,0.5,88,doi_private_generic,spillover_control,0.110137319,0.0411032168,-0.06903410224,True,48,0.0004241185145,3.508141034
complex,200,8,1600,0.5,88,doi_private_generic,spillover_treated,0.1731328632,0.1155152293,-0.05761763385,True,48,0.0004241185145,3.508141034
complex,200,8,1600,0.5,88,doi_private_no_interference,direct_low,0.09860674353,0.153573422,0.05496667847,True,10,1.362352433e-05,1.770867001
complex,200,8,1600,0.5,88,doi_private_no_interference,direct_high,0.1616022877,0.153573422,-0.008028865676,True,10,1.362352433e-05,1.770867001
complex,200,8,1600,0.5,88,doi_private_no_interference,spillover_control,0.110137319,0,-0.110137319,True,10,1.362352433e-05,1.770867001
complex,200,8,1600,0.5,88,doi_private_no_interference,spillover_treated,0.1731328632,0,-0.1731328632,True,10,1.362352433e-05,1.770867001
complex,200,8,1600,1,88,design_ht,direct_low,0.09860674353,0.207609006,0.1090022625,True,0,0,0
complex,200,8,1600,1,88,design_ht,direct_high,0.1616022877,0.152921506,-0.008680781644,True,0,0,0
complex,200,8,1600,1,88,design_ht,spillover_control,0.110137319,0.08885900603,-0.02127831301,True,0,0,0
complex,200,8,1600,1,88,design_ht,spillover_treated,0.1731328632,0.03417150603,-0.1389613572,True,0,0,0
complex,200,8,1600,1,88,doi_nonprivate_generic,direct_low,0.09860674353,0.09702533061,-0.001581412925,True,68,0.001016358794,4.540011114
complex,200,8,1600,1,88,doi_nonprivate_generic,direct_high,0.1616022877,0.1582228733,-0.003379414361,True,68,0.001016358794,4.540011114
complex,200,8,1600,1,88,doi_nonprivate_generic,spillover_control,0.110137319,0.1152608658,0.005123546742,True,68,0.001016358794,4.540011114
complex,200,8,1600,1,88,doi_nonprivate_generic,spillover_treated,0.1731328632,0.1764584085,0.003325545306,True,68,0.001016358794,4.540011114
complex,200,8,1600,1,88,doi_private_generic,direct_low,0.09860674353,0.1569842728,0.05837752929,True,64,0.001214243226,2.720043137
complex,200,8,1600,1,88,doi_private_generic,direct_high,0.1616022877,0.1838999755,0.02229768778,True,64,0.001214243226,2.720043137
complex,200,8,1600,1,88,doi_private_generic,spillover_control,0.110137319,0.1332133311,0.02307601211,True,64,0.001214243226,2.720043137
complex,200,8,1600,1,88,doi_private_generic,spillover_treated,0.1731328632,0.1601290338,-0.0130038294,True,64,0.001214243226,2.720043137
complex,200,8,1600,1,88,doi_private_no_interference,direct_low,0.09860674353,0.2502808056,0.1516740621,True,11,2.11461707e-05,1.619761285
complex,200,8,1600,1,88,doi_private_no_interference,direct_high,0.1616022877,0.2502808056,0.08867851792,True,11,2.11461707e-05,1.619761285
complex,200,8,1600,1,88,doi_private_no_interference,spillover_control,0.110137319,0,-0.110137319,True,11,2.11461707e-05,1.619761285
complex,200,8,1600,1,88,doi_private_no_interference,spillover_treated,0.1731328632,0,-0.1731328632,True,11,2.11461707e-05,1.619761285
complex,200,8,1600,2,88,design_ht,direct_low,0.09860674353,0.1314804406,0.03287369708,True,0,0,0
complex,200,8,1600,2,88,design_ht,direct_high,0.1616022877,0.1527027931,-0.008899494621,True,0,0,0
complex,200,8,1600,2,88,design_ht,spillover_control,0.110137319,0.06196926382,-0.04816805522,True,0,0,0
complex,200,8,1600,2,88,design_ht,spillover_treated,0.1731328632,0.08319161626,-0.08994124692,True,0,0,0
complex,200,8,1600,2,88,doi_nonprivate_generic,direct_low,0.09860674353,0.09702533061,-0.001581412925,True,68,0.001016358794,4.540011114
complex,200,8,1600,2,88,doi_nonprivate_generic,direct_high,0.1616022877,0.1582228733,-0.003379414361,True,68,0.001016358794,4.540011114
complex,200,8,1600,2,88,doi_nonprivate_generic,spillover_control,0.110137319,0.1152608658,0.005123546742,True,68,0.001016358794,4.540011114
complex,200,8,1600,2,88,doi_nonprivate_generic,spillover_treated,0.1731328632,0.1764584085,0.003325545306,True,68,0.001016358794,4.540011114
complex,200,8,1600,2,88,doi_private_generic,direct_low,0.09860674353,0.1227085679,0.02410182435,True,87,0.003897066467,3.770579013
complex,200,8,1600,2,88,doi_private_generic,direct_high,0.1616022877,0.1331778352,-0.02842445246,True,87,0.003897066467,3.770579013
complex,200,8,1600,2,88,doi_private_generic,spillover_control,0.110137319,0.1612914099,0.05115409086,True,87,0.003897066467,3.770579013
complex,200,8,1600,2,88,doi_private_generic,spillover_treated,0.1731328632,0.1717606772,-0.001372185955,True,87,0.003897066467,3.770579013
complex,200,8,1600,2,88,doi_private_no_interference,direct_low,0.09860674353,0.2178555975,0.119248854,True,11,3.395243877e-06,1.64401238
complex,200,8,1600,2,88,doi_private_no_interference,direct_high,0.1616022877,0.2178555975,0.05625330984,True,11,3.395243877e-06,1.64401238
complex,200,8,1600,2,88,doi_private_no_interference,spillover_control,0.110137319,0,-0.110137319,True,11,3.395243877e-06,1.64401238
complex,200,8,1600,2,88,doi_private_no_interference,spillover_treated,0.1731328632,0,-0.1731328632,True,11,3.395243877e-06,1.64401238
complex,200,8,1600,0.5,89,design_ht,direct_low,0.09860674353,0.2982819434,0.1996751998,True,0,0,0
complex,200,8,1600,0.5,89,design_ht,direct_high,0.1616022877,0.5414257812,0.3798234935,True,0,0,0
complex,200,8,1600,0.5,89,design_ht,spillover_control,0.110137319,-0.08788253512,-0.1980198542,True,0,0,0
complex,200,8,1600,0.5,89,design_ht,spillover_treated,0.1731328632,0.1552613027,-0.0178715605,True,0,0,0
complex,200,8,1600,0.5,89,doi_nonprivate_generic,direct_low,0.09860674353,0.09781781011,-0.000788933426,True,70,0.003215677164,4.585415352
complex,200,8,1600,0.5,89,doi_nonprivate_generic,direct_high,0.1616022877,0.1592212076,-0.002381080084,True,70,0.003215677164,4.585415352
complex,200,8,1600,0.5,89,doi_nonprivate_generic,spillover_control,0.110137319,0.1142885866,0.004151267533,True,70,0.003215677164,4.585415352
complex,200,8,1600,0.5,89,doi_nonprivate_generic,spillover_treated,0.1731328632,0.1756919841,0.002559120875,True,70,0.003215677164,4.585415352
complex,200,8,1600,0.5,89,doi_private_generic,direct_low,0.09860674353,0.3277310822,0.2291243387,True,45,0.0004511236591,3.665705796
complex,200,8,1600,0.5,89,doi_private_generic,direct_high,0.1616022877,0.489495597,0.3278933093,True,45,0.0004511236591,3.665705796
complex,200,8,1600,0.5,89,doi_private_generic,spillover_control,0.110137319,-0.0694369627,-0.1795742817,True,45,0.0004511236591,3.665705796
complex,200,8,1600,0.5,89,doi_private_generic,spillover_treated,0.1731328632,0.0923275521,-0.08080531108,True,45,0.0004511236591,3.665705796
complex,200,8,1600,0.5,89,doi_private_no_interference,direct_low,0.09860674353,0.4237885931,0.3251818495,True,10,0.0001386706109,2.982434638
complex,200,8,1600,0.5,89,doi_private_no_interference,direct_high,0.1616022877,0.4237885931,0.2621863054,True,10,0.0001386706109,2.982434638
complex,200,8,1600,0.5,89,doi_private_no_interference,spillover_control,0.110137319,0,-0.110137319,True,10,0.0001386706109,2.982434638
complex,200,8,1600,0.5,89,doi_private_no_interference,spillover_treated,0.1731328632,0,-0.1731328632,True,10,0.0001386706109,2.982434638
complex,200,8,1600,1,89,design_ht,direct_low,0.09860674353,0.1472092972,0.04860255366,True,0,0,0
complex,200,8,1600,1,89,design_ht,direct_high,0.1616022877,0.1629496674,0.001347379752,True,0,0,0
complex,200,8,1600,1,89,design_ht,spillover_control,0.110137319,0.1092478163,-0.0008895027708,True,0,0,0
complex,200,8,1600,1,89,design_ht,spillover_treated,0.1731328632,0.1249881865,-0.04814467668,True,0,0,0
complex,200,8,1600,1,89,doi_nonprivate_generic,direct_low,0.09860674353,0.09781781011,-0.000788933426,True,70,0.003215677164,4.585415352
complex,200,8,1600,1,89,doi_nonprivate_generic,direct_high,0.1616022877,0.1592212076,-0.002381080084,True,70,0.003215677164,4.585415352
complex,200,8,1600,1,89,doi_nonprivate_generic,spillover_control,0.110137319,0.1142885866,0.004151267533,True,70,0.003215677164,4.585415352
complex,200,8,1600,1,89,doi_nonprivate_generic,spillover_treated,0.1731328632,0.1756919841,0.002559120875,True,70,0.003215677164,4.585415352
complex,200,8,1600,1,89,doi_private_generic,direct_low,0.09860674353,0.2122621251,0.1136553816,True,78,0.003250026564,4.953120841
complex,200,8,1600,1,89,doi_private_generic,direct_high,0.1616022877,0.06252688828,-0.0990753994,True,78,0.003250026564,4.953120841
complex,200,8,1600,1,89,doi_private_generic,spillover_control,0.110137319,0.2084596017,0.09832228268,True,78,0.003250026564,4.953120841
complex,200,8,1600,1,89,doi_private_generic,spillover_treated,0.1731328632,0.05872436491,-0.1144084983,True,78,0.003250026564,4.953120841
complex,200,8,1600,1,89,doi_private_no_interference,direct_low,0.09860674353,0.2196630101,0.1210562666,True,10,0.0001226746285,1.459379622
complex,200,8,1600,1,89,doi_private_no_interference,direct_high,0.1616022877,0.2196630101,0.05806072242,True,10,0.0001226746285,1.459379622
complex,200,8,1600,1,89,doi_private_no_interference,spillover_control,0.110137319,0,-0.110137319,True,10,0.0001226746285,1.459379622
complex,200,8,1600,1,89,doi_private_no_interference,spillover_treated,0.1731328632,0,-0.1731328632,True,10,0.0001226746285,1.459379622
complex,200,8,1600,2,89,design_ht,direct_low,0.09860674353,0.06819249954,-0.03041424399,True,0,0,0
complex,200,8,1600,2,89,design_ht,direct_high,0.1616022877,0.2187894103,0.05718712267,True,0,0,0
complex,200,8,1600,2,89,design_ht,spillover_control,0.110137319,0.06525779374,-0.0448795253,True,0,0,0
complex,200,8,1600,2,89,design_ht,spillover_treated,0.1731328632,0.2158547045,0.04272184136,True,0,0,0
complex,200,8,1600,2,89,doi_nonprivate_generic,direct_low,0.09860674353,0.09781781011,-0.000788933426,True,70,0.003215677164,4.585415352
complex,200,8,1600,2,89,doi_nonprivate_generic,direct_high,0.1616022877,0.1592212076,-0.002381080084,True,70,0.003215677164,4.585415352
complex,200,8,1600,2,89,doi_nonprivate_generic,spillover_control,0.110137319,0.1142885866,0.004151267533,True,70,0.003215677164,4.585415352
complex,200,8,1600,2,89,doi_nonprivate_generic,spillover_treated,0.1731328632,0.1756919841,0.002559120875,True,70,0.003215677164,4.585415352
complex,200,8,1600,2,89,doi_private_generic,direct_low,0.09860674353,0.08238344059,-0.01622330294,True,56,0.001968891813,2.85095968
complex,200,8,1600,2,89,doi_private_generic,direct_high,0.1616022877,0.2161920286,0.05458974097,True,56,0.001968891813,2.85095968
complex,200,8,1600,2,89,doi_private_generic,spillover_control,0.110137319,0.05675770354,-0.0533796155,True,56,0.001968891813,2.85095968
complex,200,8,1600,2,89,doi_private_generic,spillover_treated,0.1731328632,0.1905662916,0.01743342842,True,56,0.001968891813,2.85095968
complex,200,8,1600,2,89,doi_private_no_interference,direct_low,0.09860674353,0.2252339125,0.126627169,True,10,4.169156312e-05,1.854723227
complex,200,8,1600,2,89,doi_private_no_interference,direct_high,0.1616022877,0.2252339125,0.06363162482,True,10,4.169156312e-05,1.854723227
complex,200,8,1600,2,89,doi_private_no_interference,spillover_control,0.110137319,0,-0.110137319,True,10,4.169156312e-05,1.854723227
complex,200,8,1600,2,89,doi_private_no_interference,spillover_treated,0.1731328632,0,-0.1731328632,True,10,4.169156312e-05,1.854723227
complex,200,8,1600,0.5,90,design_ht,direct_low,0.09860674353,-0.06047395061,-0.1590806941,True,0,0,0
complex,200,8,1600,0.5,90,design_ht,direct_high,0.1616022877,0.09185361962,-0.06974866805,True,0,0,0
complex,200,8,1600,0.5,90,design_ht,spillover_control,0.110137319,0.2702314857,0.1600941667,True,0,0,0
complex,200,8,1600,0.5,90,design_ht,spillover_treated,0.1731328632,0.422559056,0.2494261928,True,0,0,0
complex,200,8,1600,0.5,90,doi_nonprivate_generic,direct_low,0.09860674353,0.1005169557,0.001910212198,True,70,0.002546030179,4.585043689
complex,200,8,1600,0.5,90,doi_nonprivate_generic,direct_high,0.1616022877,0.1576613763,-0.003940911391,True,70,0.002546030179,4.585043689
complex,200,8,1600,0.5,90,doi_nonprivate_generic,spillover_control,0.110137319,0.1161327965,0.005995477506,True,70,0.002546030179,4.585043689
complex,200,8,1600,0.5,90,doi_nonprivate_generic,spillover_treated,0.1731328632,0.1732772171,0.000144353917,True,70,0.002546030179,4.585043689
complex,200,8,1600,0.5,90,doi_private_generic,direct_low,0.09860674353,-0.1202984699,-0.2189052134,True,45,0.000375344766,6.204209144
complex,200,8,1600,0.5,90,doi_private_generic,direct_high,0.1616022877,0.1772228902,0.01562060251,True,45,0.000375344766,6.204209144
complex,200,8,1600,0.5,90,doi_private_generic,spillover_control,0.110137319,0.06119685911,-0.04894045993,True,45,0.000375344766,6.204209144
complex,200,8,1600,0.5,90,doi_private_generic,spillover_treated,0.1731328632,0.3587182192,0.185585356,True,45,0.000375344766,6.204209144
complex,200,8,1600,0.5,90,doi_private_no_interference,direct_low,0.09860674353,0.176599316,0.07799257247,True,9,4.156532588e-06,1.512838745
complex,200,8,1600,0.5,90,doi_private_no_interference,direct_high,0.1616022877,0.176599316,0.01499702832,True,9,4.156532588e-06,1.512838745
complex,200,8,1600,0.5,90,doi_private_no_interference,spillover_control,0.110137319,0,-0.110137319,True,9,4.156532588e-06,1.512838745
complex,200,8,1600,0.5,90,doi_private_no_interference,spillover_treated,0.1731328632,0,-0.1731328632,True,9,4.156532588e-06,1.512838745
complex,200,8,1600,1,90,design_ht,direct_low,0.09860674353,0.25011718,0.1515104364,True,0,0,0
complex,200,8,1600,1,90,design_ht,direct_high,0.1616022877,0.2854405786,0.1238382909,True,0,0,0
complex,200,8,1600,1,90,design_ht,spillover_control,0.110137319,0.1783948005,0.06825748142,True,0,0,0
complex,200,8,1600,1,90,design_ht,spillover_treated,0.1731328632,0.2137181991,0.04058533587,True,0,0,0
complex,200,8,1600,1,90,doi_nonprivate_generic,direct_low,0.09860674353,0.1005169557,0.001910212198,True,70,0.002546030179,4.585043689
complex,200,8,1600,1,90,doi_nonprivate_generic,direct_high,0.1616022877,0.1576613763,-0.003940911391,True,70,0.002546030179,4.585043689
complex,200,8,1600,1,90,doi_nonprivate_generic,spillover_control,0.110137319,0.1161327965,0.005995477506,True,70,0.002546030179,4.585043689
complex,200,8,1600,1,90,doi_nonprivate_generic,spillover_treated,0.1731328632,0.1732772171,0.000144353917,True,70,0.002546030179,4.585043689
complex,200,8,1600,1,90,doi_private_generic,direct_low,0.09860674353,0.266119157,0.1675124135,True,56,0.001610137493,5.78573107
complex,200,8,1600,1,90,doi_private_generic,direct_high,0.1616022877,0.2335155854,0.07191329777,True,56,0.001610137493,5.78573107
complex,200,8,1600,1,90,doi_private_generic,spillover_control,0.110137319,0.1569908712,0.04685355217,True,56,0.001610137493,5.78573107
complex,200,8,1600,1,90,doi_private_generic,spillover_treated,0.1731328632,0.1243872996,-0.04874556356,True,56,0.001610137493,5.78573107
complex,200,8,1600,1,90,doi_private_no_interference,direct_low,0.09860674353,0.3369858397,0.2383790961,True,9,0.0001566221026,1.976313516
complex,200,8,1600,1,90,doi_private_no_interference,direct_high,0.1616022877,0.3369858397,0.175383552,True,9,0.0001566221026,1.976313516
complex,200,8,1600,1,90,doi_private_no_interference,spillover_control,0.110137319,0,-0.110137319,True,9,0.0001566221026,1.976313516
complex,200,8,1600,1,90,doi_private_no_interference,spillover_treated,0.1731328632,0,-0.1731328632,True,9,0.0001566221026,1.976313516
complex,200,8,1600,2,90,design_ht,direct_low,0.09860674353,0.08639911729,-0.01220762624,True,0,0,0
complex,200,8,1600,2,90,design_ht,direct_high,0.1616022877,0.08631735233,-0.07528493535,True,0,0,0
complex,200,8,1600,2,90,design_ht,spillover_control,0.110137319,0.2102573521,0.1001200331,True,0,0,0
complex,200,8,1600,2,90,design_ht,spillover_treated,0.1731328632,0.2101755871,0.03704272396,True,0,0,0
complex,200,8,1600,2,90,doi_nonprivate_generic,direct_low,0.09860674353,0.1005169557,0.001910212198,True,70,0.002546030179,4.585043689
complex,200,8,1600,2,90,doi_nonprivate_generic,direct_high,0.1616022877,0.1576613763,-0.003940911391,True,70,0.002546030179,4.585043689
complex,200,8,1600,2,90,doi_nonprivate_generic,spillover_control,0.110137319,0.1161327965,0.005995477506,True,70,0.002546030179,4.585043689
complex,200,8,1600,2,90,doi_nonprivate_generic,spillover_treated,0.1731328632,0.1732772171,0.000144353917,True,70,0.002546030179,4.585043689
complex,200,8,1600,2,90,doi_private_generic,direct_low,0.09860674353,0.04335951505,-0.05524722849,True,67,0.001591807476,2.726193466
complex,200,8,1600,2,90,doi_private_generic,direct_high,0.1616022877,0.05338370982,-0.1082185779,True,67,0.001591807476,2.726193466
complex,200,8,1600,2,90,doi_private_generic,spillover_control,0.110137319,0.1943820689,0.08424474983,True,67,0.001591807476,2.726193466
complex,200,8,1600,2,90,doi_private_generic,spillover_treated,0.1731328632,0.2044062636,0.03127340047,True,67,0.001591807476,2.726193466
complex,200,8,1600,2,90,doi_private_no_interference,direct_low,0.09860674353,0.1687505215,0.07014377798,True,9,0.0001247280472,1.500900077
complex,200,8,1600,2,90,doi_private_no_interference,direct_high,0.1616022877,0.1687505215,0.007148233833,True,9,0.0001247280472,1.500900077
complex,200,8,1600,2,90,doi_private_no_interference,spillover_control,0.110137319,0,-0.110137319,True,9,0.0001247280472,1.500900077
complex,200,8,1600,2,90,doi_private_no_interference,spillover_treated,0.1731328632,0,-0.1731328632,True,9,0.0001247280472,1.500900077
complex,200,8,1600,0.5,91,design_ht,direct_low,0.09860674353,-0.1285075351,-0.2271142787,True,0,0,0
complex,200,8,1600,0.5,91,design_ht,direct_high,0.1616022877,0.3096084504,0.1480061627,True,0,0,0
complex,200,8,1600,0.5,91,design_ht,spillover_control,0.110137319,-0.01027621115,-0.1204135302,True,0,0,0
complex,200,8,1600,0.5,91,design_ht,spillover_treated,0.1731328632,0.4278397744,0.2547069112,True,0,0,0
complex,200,8,1600,0.5,91,doi_nonprivate_generic,direct_low,0.09860674353,0.09997566752,0.001368923991,True,80,0.0009281055601,4.579278313
complex,200,8,1600,0.5,91,doi_nonprivate_generic,direct_high,0.1616022877,0.1573129011,-0.004289386592,True,80,0.0009281055601,4.579278313
complex,200,8,1600,0.5,91,doi_nonprivate_generic,spillover_control,0.110137319,0.1161696416,0.006032322607,True,80,0.0009281055601,4.579278313
complex,200,8,1600,0.5,91,doi_nonprivate_generic,spillover_treated,0.1731328632,0.1735068752,0.0003740120241,True,80,0.0009281055601,4.579278313
complex,200,8,1600,0.5,91,doi_private_generic,direct_low,0.09860674353,-0.2037227429,-0.3023294864,True,50,0.00103312458,4.869768485
complex,200,8,1600,0.5,91,doi_private_generic,direct_high,0.1616022877,0.2863100481,0.1247077604,True,50,0.00103312458,4.869768485
complex,200,8,1600,0.5,91,doi_private_generic,spillover_control,0.110137319,-0.0850035789,-0.1951408979,True,50,0.00103312458,4.869768485
complex,200,8,1600,0.5,91,doi_private_generic,spillover_treated,0.1731328632,0.4050292121,0.2318963489,True,50,0.00103312458,4.869768485
complex,200,8,1600,0.5,91,doi_private_no_interference,direct_low,0.09860674353,0.1635705102,0.06496376669,True,8,2.817198326e-05,1.980979866
complex,200,8,1600,0.5,91,doi_private_no_interference,direct_high,0.1616022877,0.1635705102,0.001968222548,True,8,2.817198326e-05,1.980979866
complex,200,8,1600,0.5,91,doi_private_no_interference,spillover_control,0.110137319,0,-0.110137319,True,8,2.817198326e-05,1.980979866
complex,200,8,1600,0.5,91,doi_private_no_interference,spillover_treated,0.1731328632,0,-0.1731328632,True,8,2.817198326e-05,1.980979866
complex,200,8,1600,1,91,design_ht,direct_low,0.09860674353,0.03142986697,-0.06717687656,True,0,0,0
complex,200,8,1600,1,91,design_ht,direct_high,0.1616022877,0.1833521009,0.02174981324,True,0,0,0
complex,200,8,1600,1,91,design_ht,spillover_control,0.110137319,0.1887045758,0.07856725677,True,0,0,0
complex,200,8,1600,1,91,design_ht,spillover_treated,0.1731328632,0.3406268097,0.1674939466,True,0,0,0
complex,200,8,1600,1,91,doi_nonprivate_generic,direct_low,0.09860674353,0.09997566752,0.001368923991,True,80,0.0009281055601,4.579278313
complex,200,8,1600,1,91,doi_nonprivate_generic,direct_high,0.1616022877,0.1573129011,-0.004289386592,True,80,0.0009281055601,4.579278313
complex,200,8,1600,1,91,doi_nonprivate_generic,spillover_control,0.110137319,0.1161696416,0.006032322607,True,80,0.0009281055601,4.579278313
complex,200,8,1600,1,91,doi_nonprivate_generic,spillover_treated,0.1731328632,0.1735068752,0.0003740120241,True,80,0.0009281055601,4.579278313
complex,200,8,1600,1,91,doi_private_generic,direct_low,0.09860674353,0.1053546952,0.006747951628,True,66,0.005406175095,2.732888359
complex,200,8,1600,1,91,doi_private_generic,direct_high,0.1616022877,0.1464351507,-0.01516713701,True,66,0.005406175095,2.732888359
complex,200,8,1600,1,91,doi_private_generic,spillover_control,0.110137319,0.1251586978,0.01502137881,True,66,0.005406175095,2.732888359
complex,200,8,1600,1,91,doi_private_generic,spillover_treated,0.1731328632,0.1662391534,-0.006893709827,True,66,0.005406175095,2.732888359
complex,200,8,1600,1,91,doi_private_no_interference,direct_low,0.09860674353,0.2186678403,0.1200610968,True,10,0.0001212623621,1.423654101
complex,200,8,1600,1,91,doi_private_no_interference,direct_high,0.1616022877,0.2186678403,0.05706555262,True,10,0.0001212623621,1.423654101
complex,200,8,1600,1,91,doi_private_no_interference,spillover_control,0.110137319,0,-0.110137319,True,10,0.0001212623621,1.423654101
complex,200,8,1600,1,91,doi_private_no_interference,spillover_treated,0.1731328632,0,-0.1731328632,True,10,0.0001212623621,1.423654101
complex,200,8,1600,2,91,design_ht,direct_low,0.09860674353,-0.02460602947,-0.123212773,True,0,0,0
complex,200,8,1600,2,91,design_ht,direct_high,0.1616022877,0.1875802928,0.02597800515,True,0,0,0
complex,200,8,1600,2,91,design_ht,spillover_control,0.110137319,0.1683827937,0.0582454747,True,0,0,0
complex,200,8,1600,2,91,design_ht,spillover_treated,0.1731328632,0.380569116,0.2074362528,True,0,0,0
complex,200,8,1600,2,91,doi_nonprivate_generic,direct_low,0.09860674353,0.09997566752,0.001368923991,True,80,0.0009281055601,4.579278313
complex,200,8,1600,2,91,doi_nonprivate_generic,direct_high,0.1616022877,0.1573129011,-0.004289386592,True,80,0.0009281055601,4.579278313
complex,200,8,1600,2,91,doi_nonprivate_generic,spillover_control,0.110137319,0.1161696416,0.006032322607,True,80,0.0009281055601,4.579278313
complex,200,8,1600,2,91,doi_nonprivate_generic,spillover_treated,0.1731328632,0.1735068752,0.0003740120241,True,80,0.0009281055601,4.579278313
complex,200,8,1600,2,91,doi_private_generic,direct_low,0.09860674353,-0.02364891171,-0.1222556552,True,72,0.004243079568,4.36938706
complex,200,8,1600,2,91,doi_private_generic,direct_high,0.1616022877,0.1615621731,-4.011453216e-05,True,72,0.004243079568,4.36938706
complex,200,8,1600,2,91,doi_private_generic,spillover_control,0.110137319,0.1126065876,0.002469268592,True,72,0.004243079568,4.36938706
complex,200,8,1600,2,91,doi_private_generic,spillover_treated,0.1731328632,0.2978176725,0.1246848093,True,72,0.004243079568,4.36938706
complex,200,8,1600,2,91,doi_private_no_interference,direct_low,0.09860674353,0.2017309181,0.1031241746,True,10,8.621563763e-06,1.609798811
complex,200,8,1600,2,91,doi_private_no_interference,direct_high,0.1616022877,0.2017309181,0.04012863044,True,10,8.621563763e-06,1.609798811
complex,200,8,1600,2,91,doi_private_no_interference,spillover_control,0.110137319,0,-0.110137319,True,10,8.621563763e-06,1.609798811
complex,200,8,1600,2,91,doi_private_no_interference,spillover_treated,0.1731328632,0,-0.1731328632,True,10,8.621563763e-06,1.609798811
complex,200,8,1600,0.5,92,design_ht,direct_low,0.09860674353,0.3447614644,0.2461547209,True,0,0,0
complex,200,8,1600,0.5,92,design_ht,direct_high,0.1616022877,0.2186689857,0.05706669806,True,0,0,0
complex,200,8,1600,0.5,92,design_ht,spillover_control,0.110137319,0.1445150702,0.0343777512,True,0,0,0
complex,200,8,1600,0.5,92,design_ht,spillover_treated,0.1731328632,0.01842259153,-0.1547102717,True,0,0,0
complex,200,8,1600,0.5,92,doi_nonprivate_generic,direct_low,0.09860674353,0.09869337076,8.662722334e-05,True,79,0.0100496422,4.605375395
complex,200,8,1600,0.5,92,doi_nonprivate_generic,direct_high,0.1616022877,0.1598107083,-0.001791579423,True,79,0.0100496422,4.605375395
complex,200,8,1600,0.5,92,doi_nonprivate_generic,spillover_control,0.110137319,0.115171347,0.005034027947,True,79,0.0100496422,4.605375395
complex,200,8,1600,0.5,92,doi_nonprivate_generic,spillover_treated,0.1731328632,0.1762886845,0.003155821301,True,79,0.0100496422,4.605375395
complex,200,8,1600,0.5,92,doi_private_generic,direct_low,0.09860674353,0.3478721847,0.2492654412,True,47,0.0008987816138,3.689771976
complex,200,8,1600,0.5,92,doi_private_generic,direct_high,0.1616022877,0.2692263018,0.1076240141,True,47,0.0008987816138,3.689771976
complex,200,8,1600,0.5,92,doi_private_generic,spillover_control,0.110137319,0.0798012898,-0.03033602924,True,47,0.0008987816138,3.689771976
complex,200,8,1600,0.5,92,doi_private_generic,spillover_treated,0.1731328632,0.001155406898,-0.1719774563,True,47,0.0008987816138,3.689771976
complex,200,8,1600,0.5,92,doi_private_no_interference,direct_low,0.09860674353,0.3258151808,0.2272084372,True,10,6.75421457e-05,2.221759669
complex,200,8,1600,0.5,92,doi_private_no_interference,direct_high,0.1616022877,0.3258151808,0.1642128931,True,10,6.75421457e-05,2.221759669
complex,200,8,1600,0.5,92,doi_private_no_interference,spillover_control,0.110137319,0,-0.110137319,True,10,6.75421457e-05,2.221759669
complex,200,8,1600,0.5,92,doi_private_no_interference,spillover_treated,0.1731328632,0,-0.1731328632,True,10,6.75421457e-05,2.221759669
complex,200,8,1600,1,92,design_ht,direct_low,0.09860674353,0.1261282656,0.02752152204,True,0,0,0
complex,200,8,1600,1,92,design_ht,direct_high,0.1616022877,0.1369758321,-0.02462645559,True,0,0,0
complex,200,8,1600,1,92,design_ht,spillover_control,0.110137319,0.09851561999,-0.01162169905,True,0,0,0
complex,200,8,1600,1,92,design_ht,spillover_treated,0.1731328632,0.1093631865,-0.06376967668,True,0,0,0
complex,200,8,1600,1,92,doi_nonprivate_generic,direct_low,0.09860674353,0.09869337076,8.662722334e-05,True,79,0.0100496422,4.605375395
complex,200,8,1600,1,92,doi_nonprivate_generic,direct_high,0.1616022877,0.1598107083,-0.001791579423,True,79,0.0100496422,4.605375395
complex,200,8,1600,1,92,doi_nonprivate_generic,spillover_control,0.110137319,0.115171347,0.005034027947,True,79,0.0100496422,4.605375395
complex,200,8,1600,1,92,doi_nonprivate_generic,spillover_treated,0.1731328632,0.1762886845,0.003155821301,True,79,0.0100496422,4.605375395
complex,200,8,1600,1,92,doi_private_generic,direct_low,0.09860674353,0.1273048753,0.02869813176,True,54,0.0007036819879,2.426979135
complex,200,8,1600,1,92,doi_private_generic,direct_high,0.1616022877,0.1535785155,-0.00802377215,True,54,0.0007036819879,2.426979135
complex,200,8,1600,1,92,doi_private_generic,spillover_control,0.110137319,0.07288975925,-0.03724755979,True,54,0.0007036819879,2.426979135
complex,200,8,1600,1,92,doi_private_generic,spillover_treated,0.1731328632,0.09916339948,-0.0739694637,True,54,0.0007036819879,2.426979135
complex,200,8,1600,1,92,doi_private_no_interference,direct_low,0.09860674353,0.1953854041,0.09677866053,True,10,4.430211964e-05,1.904122136
complex,200,8,1600,1,92,doi_private_no_interference,direct_high,0.1616022877,0.1953854041,0.03378311639,True,10,4.430211964e-05,1.904122136
complex,200,8,1600,1,92,doi_private_no_interference,spillover_control,0.110137319,0,-0.110137319,True,10,4.430211964e-05,1.904122136
complex,200,8,1600,1,92,doi_private_no_interference,spillover_treated,0.1731328632,0,-0.1731328632,True,10,4.430211964e-05,1.904122136
complex,200,8,1600,2,92,design_ht,direct_low,0.09860674353,0.2111263221,0.1125195785,True,0,0,0
complex,200,8,1600,2,92,design_ht,direct_high,0.1616022877,0.1135592642,-0.04804302351,True,0,0,0
complex,200,8,1600,2,92,design_ht,spillover_control,0.110137319,0.1234092636,0.01327194455,True,0,0,0
complex,200,8,1600,2,92,design_ht,spillover_treated,0.1731328632,0.02584220569,-0.1472906575,True,0,0,0
complex,200,8,1600,2,92,doi_nonprivate_generic,direct_low,0.09860674353,0.09869337076,8.662722334e-05,True,79,0.0100496422,4.605375395
complex,200,8,1600,2,92,doi_nonprivate_generic,direct_high,0.1616022877,0.1598107083,-0.001791579423,True,79,0.0100496422,4.605375395
complex,200,8,1600,2,92,doi_nonprivate_generic,spillover_control,0.110137319,0.115171347,0.005034027947,True,79,0.0100496422,4.605375395
complex,200,8,1600,2,92,doi_nonprivate_generic,spillover_treated,0.1731328632,0.1762886845,0.003155821301,True,79,0.0100496422,4.605375395
complex,200,8,1600,2,92,doi_private_generic,direct_low,0.09860674353,0.1941438854,0.09553714182,True,72,0.002079638442,5.282758426
complex,200,8,1600,2,92,doi_private_generic,direct_high,0.1616022877,0.07494635009,-0.08665593759,True,72,0.002079638442,5.282758426
complex,200,8,1600,2,92,doi_private_generic,spillover_control,0.110137319,0.1592070737,0.0490697547,True,72,0.002079638442,5.282758426
complex,200,8,1600,2,92,doi_private_generic,spillover_treated,0.1731328632,0.04000953847,-0.1331233247,True,72,0.002079638442,5.282758426
complex,200,8,1600,2,92,doi_private_no_interference,direct_low,0.09860674353,0.2085317775,0.109925034,True,10,0.0001104833381,1.378030827
complex,200,8,1600,2,92,doi_private_no_interference,direct_high,0.1616022877,0.2085317775,0.04692948983,True,10,0.0001104833381,1.378030827
complex,200,8,1600,2,92,doi_private_no_interference,spillover_control,0.110137319,0,-0.110137319,True,10,0.0001104833381,1.378030827
complex,200,8,1600,2,92,doi_private_no_interference,spillover_treated,0.1731328632,0,-0.1731328632,True,10,0.0001104833381,1.378030827
complex,200,8,1600,0.5,93,design_ht,direct_low,0.09860674353,-0.02174533099,-0.1203520745,True,0,0,0
complex,200,8,1600,0.5,93,design_ht,direct_high,0.1616022877,0.3342875138,0.1726852262,True,0,0,0
complex,200,8,1600,0.5,93,design_ht,spillover_control,0.110137319,-0.03866702107,-0.1488043401,True,0,0,0
complex,200,8,1600,0.5,93,design_ht,spillover_treated,0.1731328632,0.3173658237,0.1442329606,True,0,0,0
complex,200,8,1600,0.5,93,doi_nonprivate_generic,direct_low,0.09860674353,0.09919422844,0.0005874849066,True,75,0.002317884353,4.61358693
complex,200,8,1600,0.5,93,doi_nonprivate_generic,direct_high,0.1616022877,0.1576097849,-0.003992502758,True,75,0.002317884353,4.61358693
complex,200,8,1600,0.5,93,doi_nonprivate_generic,spillover_control,0.110137319,0.1142141467,0.004076827658,True,75,0.002317884353,4.61358693
complex,200,8,1600,0.5,93,doi_nonprivate_generic,spillover_treated,0.1731328632,0.1726297032,-0.0005031600062,True,75,0.002317884353,4.61358693
complex,200,8,1600,0.5,93,doi_private_generic,direct_low,0.09860674353,0.01586933155,-0.08273741198,True,50,0.003909616791,2.978654215
complex,200,8,1600,0.5,93,doi_private_generic,direct_high,0.1616022877,0.2288268635,0.06722457581,True,50,0.003909616791,2.978654215
complex,200,8,1600,0.5,93,doi_private_generic,spillover_control,0.110137319,-0.0293097914,-0.1394471104,True,50,0.003909616791,2.978654215
complex,200,8,1600,0.5,93,doi_private_generic,spillover_treated,0.1731328632,0.1836477405,0.01051487736,True,50,0.003909616791,2.978654215
complex,200,8,1600,0.5,93,doi_private_no_interference,direct_low,0.09860674353,0.1865916611,0.08798491753,True,10,2.366083098e-05,1.094692959
complex,200,8,1600,0.5,93,doi_private_no_interference,direct_high,0.1616022877,0.1865916611,0.02498937338,True,10,2.366083098e-05,1.094692959
complex,200,8,1600,0.5,93,doi_private_no_interference,spillover_control,0.110137319,0,-0.110137319,True,10,2.366083098e-05,1.094692959
complex,200,8,1600,0.5,93,doi_private_no_interference,spillover_treated,0.1731328632,0,-0.1731328632,True,10,2.366083098e-05,1.094692959
complex,200,8,1600,1,93,design_ht,direct_low,0.09860674353,0.02597383534,-0.07263290819,True,0,0,0
complex,200,8,1600,1,93,design_ht,direct_high,0.1616022877,0.04755359814,-0.1140486895,True,0,0,0
complex,200,8,1600,1,93,design_ht,spillover_control,0.110137319,0.2689571135,0.1588197944,True,0,0,0
complex,200,8,1600,1,93,design_ht,spillover_treated,0.1731328632,0.2905368763,0.1174040131,True,0,0,0
complex,200,8,1600,1,93,doi_nonprivate_generic,direct_low,0.09860674353,0.09919422844,0.0005874849066,True,75,0.002317884353,4.61358693
complex,200,8,1600,1,93,doi_nonprivate_generic,direct_high,0.1616022877,0.1576097849,-0.003992502758,True,75,0.002317884353,4.61358693
complex,200,8,1600,1,93,doi_nonprivate_generic,spillover_control,0.110137319,0.1142141467,0.004076827658,True,75,0.002317884353,4.61358693
complex,200,8,1600,1,93,doi_nonprivate_generic,spillover_treated,0.1731328632,0.1726297032,-0.0005031600062,True,75,0.002317884353,4.61358693
complex,200,8,1600,1,93,doi_private_generic,direct_low,0.09860674353,0.1353809653,0.03677422175,True,64,0.0004299602158,3.095663162
complex,200,8,1600,1,93,doi_private_generic,direct_high,0.1616022877,-0.0617646148,-0.2233669025,True,64,0.0004299602158,3.095663162
complex,200,8,1600,1,93,doi_private_generic,spillover_control,0.110137319,0.2782708554,0.1681335364,True,64,0.0004299602158,3.095663162
complex,200,8,1600,1,93,doi_private_generic,spillover_treated,0.1731328632,0.08112527534,-0.09200758785,True,64,0.0004299602158,3.095663162
complex,200,8,1600,1,93,doi_private_no_interference,direct_low,0.09860674353,0.1491293679,0.05052262436,True,10,3.288723258e-06,0.8264397958
complex,200,8,1600,1,93,doi_private_no_interference,direct_high,0.1616022877,0.1491293679,-0.01247291979,True,10,3.288723258e-06,0.8264397958
complex,200,8,1600,1,93,doi_private_no_interference,spillover_control,0.110137319,0,-0.110137319,True,10,3.288723258e-06,0.8264397958
complex,200,8,1600,1,93,doi_private_no_interference,spillover_treated,0.1731328632,0,-0.1731328632,True,10,3.288723258e-06,0.8264397958
complex,200,8,1600,2,93,design_ht,direct_low,0.09860674353,0.07855911695,-0.02004762658,True,0,0,0
complex,200,8,1600,2,93,design_ht,direct_high,0.1616022877,0.2121186755,0.05051638786,True,0,0,0
complex,200,8,1600,2,93,design_ht,spillover_control,0.110137319,0.2526344102,0.1424970912,True,0,0,0
complex,200,8,1600,2,93,design_ht,spillover_treated,0.1731328632,0.3861939688,0.2130611056,True,0,0,0
complex,200,8,1600,2,93,doi_nonprivate_generic,direct_low,0.09860674353,0.09919422844,0.0005874849066,True,75,0.002317884353,4.61358693
complex,200,8,1600,2,93,doi_nonprivate_generic,direct_high,0.1616022877,0.1576097849,-0.003992502758,True,75,0.002317884353,4.61358693
complex,200,8,1600,2,93,doi_nonprivate_generic,spillover_control,0.110137319,0.1142141467,0.004076827658,True,75,0.002317884353,4.61358693
complex,200,8,1600,2,93,doi_nonprivate_generic,spillover_treated,0.1731328632,0.1726297032,-0.0005031600062,True,75,0.002317884353,4.61358693
complex,200,8,1600,2,93,doi_private_generic,direct_low,0.09860674353,0.111903643,0.01329689943,True,64,0.001590261262,5.237084776
complex,200,8,1600,2,93,doi_private_generic,direct_high,0.1616022877,0.139254704,-0.02234758368,True,64,0.001590261262,5.237084776
complex,200,8,1600,2,93,doi_private_generic,spillover_control,0.110137319,0.217701771,0.1075644519,True,64,0.001590261262,5.237084776
complex,200,8,1600,2,93,doi_private_generic,spillover_treated,0.1731328632,0.245052832,0.07191996882,True,64,0.001590261262,5.237084776
complex,200,8,1600,2,93,doi_private_no_interference,direct_low,0.09860674353,0.2811957375,0.1825889939,True,10,5.522928139e-05,1.546614375
complex,200,8,1600,2,93,doi_private_no_interference,direct_high,0.1616022877,0.2811957375,0.1195934498,True,10,5.522928139e-05,1.546614375
complex,200,8,1600,2,93,doi_private_no_interference,spillover_control,0.110137319,0,-0.110137319,True,10,5.522928139e-05,1.546614375
complex,200,8,1600,2,93,doi_private_no_interference,spillover_treated,0.1731328632,0,-0.1731328632,True,10,5.522928139e-05,1.546614375
complex,200,8,1600,0.5,94,design_ht,direct_low,0.09860674353,0.03202801405,-0.06657872948,True,0,0,0
complex,200,8,1600,0.5,94,design_ht,direct_high,0.1616022877,0.1971149223,0.03551263463,True,0,0,0
complex,200,8,1600,0.5,94,design_ht,spillover_control,0.110137319,-0.06224066198,-0.172377981,True,0,0,0
complex,200,8,1600,0.5,94,design_ht,spillover_treated,0.1731328632,0.1028462463,-0.07028661691,True,0,0,0
complex,200,8,1600,0.5,94,doi_nonprivate_generic,direct_low,0.09860674353,0.09685355911,-0.001753184419,True,60,0.004227073941,4.60195399
complex,200,8,1600,0.5,94,doi_nonprivate_generic,direct_high,0.1616022877,0.1577955567,-0.003806731004,True,60,0.004227073941,4.60195399
complex,200,8,1600,0.5,94,doi_nonprivate_generic,spillover_control,0.110137319,0.1151520831,0.005014764043,True,60,0.004227073941,4.60195399
complex,200,8,1600,0.5,94,doi_nonprivate_generic,spillover_treated,0.1731328632,0.1760940806,0.002961217459,True,60,0.004227073941,4.60195399
complex,200,8,1600,0.5,94,doi_private_generic,direct_low,0.09860674353,0.09991746927,0.001310725735,True,63,0.001042351477,5.353356758
complex,200,8,1600,0.5,94,doi_private_generic,direct_high,0.1616022877,0.1435239113,-0.01807837642,True,63,0.001042351477,5.353356758
complex,200,8,1600,0.5,94,doi_private_generic,spillover_control,0.110137319,0.1162358398,0.006098520737,True,63,0.001042351477,5.353356758
complex,200,8,1600,0.5,94,doi_private_generic,spillover_treated,0.1731328632,0.1598422818,-0.01329058141,True,63,0.001042351477,5.353356758
complex,200,8,1600,0.5,94,doi_private_no_interference,direct_low,0.09860674353,0.1892498802,0.09064313666,True,11,2.954066153e-06,1.365949196
complex,200,8,1600,0.5,94,doi_private_no_interference,direct_high,0.1616022877,0.1892498802,0.02764759252,True,11,2.954066153e-06,1.365949196
complex,200,8,1600,0.5,94,doi_private_no_interference,spillover_control,0.110137319,0,-0.110137319,True,11,2.954066153e-06,1.365949196
complex,200,8,1600,0.5,94,doi_private_no_interference,spillover_treated,0.1731328632,0,-0.1731328632,True,11,2.954066153e-06,1.365949196
complex,200,8,1600,1,94,design_ht,direct_low,0.09860674353,-0.03329941767,-0.1319061612,True,0,0,0
complex,200,8,1600,1,94,design_ht,direct_high,0.1616022877,0.03583575302,-0.1257665347,True,0,0,0
complex,200,8,1600,1,94,design_ht,spillover_control,0.110137319,0.03319767069,-0.07693964835,True,0,0,0
complex,200,8,1600,1,94,design_ht,spillover_treated,0.1731328632,0.1023328414,-0.07080002181,True,0,0,0
complex,200,8,1600,1,94,doi_nonprivate_generic,direct_low,0.09860674353,0.09685355911,-0.001753184419,True,60,0.004227073941,4.60195399
complex,200,8,1600,1,94,doi_nonprivate_generic,direct_high,0.1616022877,0.1577955567,-0.003806731004,True,60,0.004227073941,4.60195399
complex,200,8,1600,1,94,doi_nonprivate_generic,spillover_control,0.110137319,0.1151520831,0.005014764043,True,60,0.004227073941,4.60195399
complex,200,8,1600,1,94,doi_nonprivate_generic,spillover_treated,0.1731328632,0.1760940806,0.002961217459,True,60,0.004227073941,4.60195399
complex,200,8,1600,1,94,doi_private_generic,direct_low,0.09860674353,-0.06477932708,-0.1633860706,True,83,0.0004377052281,6.317303929
complex,200,8,1600,1,94,doi_private_generic,direct_high,0.1616022877,0.09685821632,-0.06474407136,True,83,0.0004377052281,6.317303929
complex,200,8,1600,1,94,doi_private_generic,spillover_control,0.110137319,0.09036351278,-0.01977380626,True,83,0.0004377052281,6.317303929
complex,200,8,1600,1,94,doi_private_generic,spillover_treated,0.1731328632,0.2520010562,0.07886819299,True,83,0.0004377052281,6.317303929
complex,200,8,1600,1,94,doi_private_no_interference,direct_low,0.09860674353,0.1019901378,0.003383394285,True,11,2.657369637e-07,1.297142096
complex,200,8,1600,1,94,doi_private_no_interference,direct_high,0.1616022877,0.1019901378,-0.05961214986,True,11,2.657369637e-07,1.297142096
complex,200,8,1600,1,94,doi_private_no_interference,spillover_control,0.110137319,0,-0.110137319,True,11,2.657369637e-07,1.297142096
complex,200,8,1600,1,94,doi_private_no_interference,spillover_treated,0.1731328632,0,-0.1731328632,True,11,2.657369637e-07,1.297142096
complex,200,8,1600,2,94,design_ht,direct_low,0.09860674353,0.05529852901,-0.04330821452,True,0,0,0
complex,200,8,1600,2,94,design_ht,direct_high,0.1616022877,0.09624911672,-0.06535317096,True,0,0,0
complex,200,8,1600,2,94,design_ht,spillover_control,0.110137319,0.07681970489,-0.03331761415,True,0,0,0
complex,200,8,1600,2,94,design_ht,spillover_treated,0.1731328632,0.1177702926,-0.05536257059,True,0,0,0
complex,200,8,1600,2,94,doi_nonprivate_generic,direct_low,0.09860674353,0.09685355911,-0.001753184419,True,60,0.004227073941,4.60195399
complex,200,8,1600,2,94,doi_nonprivate_generic,direct_high,0.1616022877,0.1577955567,-0.003806731004,True,60,0.004227073941,4.60195399
complex,200,8,1600,2,94,doi_nonprivate_generic,spillover_control,0.110137319,0.1151520831,0.005014764043,True,60,0.004227073941,4.60195399
complex,200,8,1600,2,94,doi_nonprivate_generic,spillover_treated,0.1731328632,0.1760940806,0.002961217459,True,60,0.004227073941,4.60195399
complex,200,8,1600,2,94,doi_private_generic,direct_low,0.09860674353,0.0404627521,-0.05814399143,True,61,0.007742931512,2.807507274
complex,200,8,1600,2,94,doi_private_generic,direct_high,0.1616022877,0.177084337,0.01548204931,True,61,0.007742931512,2.807507274
complex,200,8,1600,2,94,doi_private_generic,spillover_control,0.110137319,0.1144450896,0.004307770579,True,61,0.007742931512,2.807507274
complex,200,8,1600,2,94,doi_private_generic,spillover_treated,0.1731328632,0.2510666745,0.07793381132,True,61,0.007742931512,2.807507274
complex,200,8,1600,2,94,doi_private_no_interference,direct_low,0.09860674353,0.204865517,0.1062587734,True,10,0.0001025989538,1.301441771
complex,200,8,1600,2,94,doi_private_no_interference,direct_high,0.1616022877,0.204865517,0.0432632293,True,10,0.0001025989538,1.301441771
complex,200,8,1600,2,94,doi_private_no_interference,spillover_control,0.110137319,0,-0.110137319,True,10,0.0001025989538,1.301441771
complex,200,8,1600,2,94,doi_private_no_interference,spillover_treated,0.1731328632,0,-0.1731328632,True,10,0.0001025989538,1.301441771
complex,200,8,1600,0.5,95,design_ht,direct_low,0.09860674353,0.1773891688,0.07878242526,True,0,0,0
complex,200,8,1600,0.5,95,design_ht,direct_high,0.1616022877,0.4952801405,0.3336778528,True,0,0,0
complex,200,8,1600,0.5,95,design_ht,spillover_control,0.110137319,-0.1061819295,-0.2163192486,True,0,0,0
complex,200,8,1600,0.5,95,design_ht,spillover_treated,0.1731328632,0.2117090421,0.03857617896,True,0,0,0
complex,200,8,1600,0.5,95,doi_nonprivate_generic,direct_low,0.09860674353,0.09830465105,-0.0003020924819,True,76,0.000883323919,4.553493815
complex,200,8,1600,0.5,95,doi_nonprivate_generic,direct_high,0.1616022877,0.1549922192,-0.006610068444,True,76,0.000883323919,4.553493815
complex,200,8,1600,0.5,95,doi_nonprivate_generic,spillover_control,0.110137319,0.1173710662,0.007233747122,True,76,0.000883323919,4.553493815
complex,200,8,1600,0.5,95,doi_nonprivate_generic,spillover_treated,0.1731328632,0.1740586343,0.0009257711598,True,76,0.000883323919,4.553493815
complex,200,8,1600,0.5,95,doi_private_generic,direct_low,0.09860674353,0.2109239312,0.1123171877,True,55,0.0006078522569,4.840319481
complex,200,8,1600,0.5,95,doi_private_generic,direct_high,0.1616022877,0.3391517861,0.1775494984,True,55,0.0006078522569,4.840319481
complex,200,8,1600,0.5,95,doi_private_generic,spillover_control,0.110137319,-0.0295497716,-0.1396870906,True,55,0.0006078522569,4.840319481
complex,200,8,1600,0.5,95,doi_private_generic,spillover_treated,0.1731328632,0.09867808329,-0.07445477989,True,55,0.0006078522569,4.840319481
complex,200,8,1600,0.5,95,doi_private_no_interference,direct_low,0.09860674353,0.3332927205,0.234685977,True,12,9.485832853e-06,2.531696129
complex,200,8,1600,0.5,95,doi_private_no_interference,direct_high,0.1616022877,0.3332927205,0.1716904328,True,12,9.485832853e-06,2.531696129
complex,200,8,1600,0.5,95,doi_private_no_interference,spillover_control,0.110137319,0,-0.110137319,True,12,9.485832853e-06,2.531696129
complex,200,8,1600,0.5,95,doi_private_no_interference,spillover_treated,0.1731328632,0,-0.1731328632,True,12,9.485832853e-06,2.531696129
complex,200,8,1600,1,95,design_ht,direct_low,0.09860674353,0.1457112939,0.0471045504,True,0,0,0
complex,200,8,1600,1,95,design_ht,direct_high,0.1616022877,0.3694694679,0.2078671802,True,0,0,0
complex,200,8,1600,1,95,design_ht,spillover_control,0.110137319,-0.1201208195,-0.2302581386,True,0,0,0
complex,200,8,1600,1,95,design_ht,spillover_treated,0.1731328632,0.1036373544,-0.06949550876,True,0,0,0
complex,200,8,1600,1,95,doi_nonprivate_generic,direct_low,0.09860674353,0.09830465105,-0.0003020924819,True,76,0.000883323919,4.553493815
complex,200,8,1600,1,95,doi_nonprivate_generic,direct_high,0.1616022877,0.1549922192,-0.006610068444,True,76,0.000883323919,4.553493815
complex,200,8,1600,1,95,doi_nonprivate_generic,spillover_control,0.110137319,0.1173710662,0.007233747122,True,76,0.000883323919,4.553493815
complex,200,8,1600,1,95,doi_nonprivate_generic,spillover_treated,0.1731328632,0.1740586343,0.0009257711598,True,76,0.000883323919,4.553493815
complex,200,8,1600,1,95,doi_private_generic,direct_low,0.09860674353,0.1921500064,0.09354326282,True,69,0.0007334734755,2.896157939
complex,200,8,1600,1,95,doi_private_generic,direct_high,0.1616022877,0.2035091332,0.04190684554,True,69,0.0007334734755,2.896157939
complex,200,8,1600,1,95,doi_private_generic,spillover_control,0.110137319,0.02111567392,-0.08902164512,True,69,0.0007334734755,2.896157939
complex,200,8,1600,1,95,doi_private_generic,spillover_treated,0.1731328632,0.03247480077,-0.1406580624,True,69,0.0007334734755,2.896157939
complex,200,8,1600,1,95,doi_private_no_interference,direct_low,0.09860674353,0.2201536123,0.1215468687,True,11,1.986265857e-05,1.270562273
complex,200,8,1600,1,95,doi_private_no_interference,direct_high,0.1616022877,0.2201536123,0.05855132461,True,11,1.986265857e-05,1.270562273
complex,200,8,1600,1,95,doi_private_no_interference,spillover_control,0.110137319,0,-0.110137319,True,11,1.986265857e-05,1.270562273
complex,200,8,1600,1,95,doi_private_no_interference,spillover_treated,0.1731328632,0,-0.1731328632,True,11,1.986265857e-05,1.270562273
complex,200,8,1600,2,95,design_ht,direct_low,0.09860674353,0.0850670579,-0.01353968563,True,0,0,0
complex,200,8,1600,2,95,design_ht,direct_high,0.1616022877,0.2704745578,0.1088722701,True,0,0,0
complex,200,8,1600,2,95,design_ht,spillover_control,0.110137319,0.0325129405,-0.07762437854,True,0,0,0
complex,200,8,1600,2,95,design_ht,spillover_treated,0.1731328632,0.2179204404,0.0447875772,True,0,0,0
complex,200,8,1600,2,95,doi_nonprivate_generic,direct_low,0.09860674353,0.09830465105,-0.0003020924819,True,76,0.000883323919,4.553493815
complex,200,8,1600,2,95,doi_nonprivate_generic,direct_high,0.1616022877,0.1549922192,-0.006610068444,True,76,0.000883323919,4.553493815
complex,200,8,1600,2,95,doi_nonprivate_generic,spillover_control,0.110137319,0.1173710662,0.007233747122,True,76,0.000883323919,4.553493815
complex,200,8,1600,2,95,doi_nonprivate_generic,spillover_treated,0.1731328632,0.1740586343,0.0009257711598,True,76,0.000883323919,4.553493815
complex,200,8,1600,2,95,doi_private_generic,direct_low,0.09860674353,0.1513645803,0.0527578368,True,99,0.01388030126,5.583575395
complex,200,8,1600,2,95,doi_private_generic,direct_high,0.1616022877,0.1564822433,-0.005120044372,True,99,0.01388030126,5.583575395
complex,200,8,1600,2,95,doi_private_generic,spillover_control,0.110137319,0.09361527127,-0.01652204777,True,99,0.01388030126,5.583575395
complex,200,8,1600,2,95,doi_private_generic,spillover_treated,0.1731328632,0.09873293424,-0.07439992894,True,99,0.01388030126,5.583575395
complex,200,8,1600,2,95,doi_private_no_interference,direct_low,0.09860674353,0.2224331801,0.1238264366,True,10,0.0001122439649,1.460232034
complex,200,8,1600,2,95,doi_private_no_interference,direct_high,0.1616022877,0.2224331801,0.06083089242,True,10,0.0001122439649,1.460232034
complex,200,8,1600,2,95,doi_private_no_interference,spillover_control,0.110137319,0,-0.110137319,True,10,0.0001122439649,1.460232034
complex,200,8,1600,2,95,doi_private_no_interference,spillover_treated,0.1731328632,0,-0.1731328632,True,10,0.0001122439649,1.460232034
complex,200,8,1600,0.5,96,design_ht,direct_low,0.09860674353,0.3159200489,0.2173133054,True,0,0,0
complex,200,8,1600,0.5,96,design_ht,direct_high,0.1616022877,0.2960646264,0.1344623388,True,0,0,0
complex,200,8,1600,0.5,96,design_ht,spillover_control,0.110137319,-0.07180045764,-0.1819377767,True,0,0,0
complex,200,8,1600,0.5,96,design_ht,spillover_treated,0.1731328632,-0.09165588016,-0.2647887433,True,0,0,0
complex,200,8,1600,0.5,96,doi_nonprivate_generic,direct_low,0.09860674353,0.09901431098,0.0004075674435,True,90,0.002254720833,4.623050659
complex,200,8,1600,0.5,96,doi_nonprivate_generic,direct_high,0.1616022877,0.1589543056,-0.002647982092,True,90,0.002254720833,4.623050659
complex,200,8,1600,0.5,96,doi_nonprivate_generic,spillover_control,0.110137319,0.1136690083,0.003531689216,True,90,0.002254720833,4.623050659
complex,200,8,1600,0.5,96,doi_nonprivate_generic,spillover_treated,0.1731328632,0.1736090029,0.0004761396805,True,90,0.002254720833,4.623050659
complex,200,8,1600,0.5,96,doi_private_generic,direct_low,0.09860674353,0.3147112735,0.2161045299,True,39,0.002212185656,3.564570579
complex,200,8,1600,0.5,96,doi_private_generic,direct_high,0.1616022877,0.3312599907,0.169657703,True,39,0.002212185656,3.564570579
complex,200,8,1600,0.5,96,doi_private_generic,spillover_control,0.110137319,-0.08256880228,-0.1927061213,True,39,0.002212185656,3.564570579
complex,200,8,1600,0.5,96,doi_private_generic,spillover_treated,0.1731328632,-0.06602008509,-0.2391529483,True,39,0.002212185656,3.564570579
complex,200,8,1600,0.5,96,doi_private_no_interference,direct_low,0.09860674353,0.2808169397,0.1822101962,True,9,3.347997006e-05,1.477611578
complex,200,8,1600,0.5,96,doi_private_no_interference,direct_high,0.1616022877,0.2808169397,0.119214652,True,9,3.347997006e-05,1.477611578
complex,200,8,1600,0.5,96,doi_private_no_interference,spillover_control,0.110137319,0,-0.110137319,True,9,3.347997006e-05,1.477611578
complex,200,8,1600,0.5,96,doi_private_no_interference,spillover_treated,0.1731328632,0,-0.1731328632,True,9,3.347997006e-05,1.477611578
complex,200,8,1600,1,96,design_ht,direct_low,0.09860674353,-0.06650890186,-0.1651156454,True,0,0,0
complex,200,8,1600,1,96,design_ht,direct_high,0.1616022877,0.2186754995,0.05707321183,True,0,0,0
complex,200,8,1600,1,96,design_ht,spillover_control,0.110137319,0.1057767056,-0.004360613465,True,0,0,0
complex,200,8,1600,1,96,design_ht,spillover_treated,0.1731328632,0.3909611069,0.2178282438,True,0,0,0
complex,200,8,1600,1,96,doi_nonprivate_generic,direct_low,0.09860674353,0.09901431098,0.0004075674435,True,90,0.002254720833,4.623050659
complex,200,8,1600,1,96,doi_nonprivate_generic,direct_high,0.1616022877,0.1589543056,-0.002647982092,True,90,0.002254720833,4.623050659
complex,200,8,1600,1,96,doi_nonprivate_generic,spillover_control,0.110137319,0.1136690083,0.003531689216,True,90,0.002254720833,4.623050659
complex,200,8,1600,1,96,doi_nonprivate_generic,spillover_treated,0.1731328632,0.1736090029,0.0004761396805,True,90,0.002254720833,4.623050659
complex,200,8,1600,1,96,doi_private_generic,direct_low,0.09860674353,-0.03312920557,-0.1317359491,True,60,0.003054305498,4.219227651
complex,200,8,1600,1,96,doi_private_generic,direct_high,0.1616022877,0.2447916452,0.0831893575,True,60,0.003054305498,4.219227651
complex,200,8,1600,1,96,doi_private_generic,spillover_control,0.110137319,0.08396525652,-0.02617206252,True,60,0.003054305498,4.219227651
complex,200,8,1600,1,96,doi_private_generic,spillover_treated,0.1731328632,0.3618861073,0.1887532441,True,60,0.003054305498,4.219227651
complex,200,8,1600,1,96,doi_private_no_interference,direct_low,0.09860674353,0.2461215752,0.1475148316,True,10,1.229367483e-05,1.239589412
complex,200,8,1600,1,96,doi_private_no_interference,direct_high,0.1616022877,0.2461215752,0.08451928749,True,10,1.229367483e-05,1.239589412
complex,200,8,1600,1,96,doi_private_no_interference,spillover_control,0.110137319,0,-0.110137319,True,10,1.229367483e-05,1.239589412
complex,200,8,1600,1,96,doi_private_no_interference,spillover_treated,0.1731328632,0,-0.1731328632,True,10,1.229367483e-05,1.239589412
complex,200,8,1600,2,96,design_ht,direct_low,0.09860674353,0.1267788224,0.02817207887,True,0,0,0
complex,200,8,1600,2,96,design_ht,direct_high,0.1616022877,0.09517573435,-0.06642655332,True,0,0,0
complex,200,8,1600,2,96,design_ht,spillover_control,0.110137319,0.1906376461,0.08050032703,True,0,0,0
complex,200,8,1600,2,96,design_ht,spillover_treated,0.1731328632,0.159034558,-0.01409830517,True,0,0,0
complex,200,8,1600,2,96,doi_nonprivate_generic,direct_low,0.09860674353,0.09901431098,0.0004075674435,True,90,0.002254720833,4.623050659
complex,200,8,1600,2,96,doi_nonprivate_generic,direct_high,0.1616022877,0.1589543056,-0.002647982092,True,90,0.002254720833,4.623050659
complex,200,8,1600,2,96,doi_nonprivate_generic,spillover_control,0.110137319,0.1136690083,0.003531689216,True,90,0.002254720833,4.623050659
complex,200,8,1600,2,96,doi_nonprivate_generic,spillover_treated,0.1731328632,0.1736090029,0.0004761396805,True,90,0.002254720833,4.623050659
complex,200,8,1600,2,96,doi_private_generic,direct_low,0.09860674353,0.1403049854,0.04169824185,True,61,0.001400220604,3.13617592
complex,200,8,1600,2,96,doi_private_generic,direct_high,0.1616022877,0.1811966238,0.01959433616,True,61,0.001400220604,3.13617592
complex,200,8,1600,2,96,doi_private_generic,spillover_control,0.110137319,0.1205839383,0.01044661927,True,61,0.001400220604,3.13617592
complex,200,8,1600,2,96,doi_private_generic,spillover_treated,0.1731328632,0.1614755768,-0.01165728642,True,61,0.001400220604,3.13617592
complex,200,8,1600,2,96,doi_private_no_interference,direct_low,0.09860674353,0.238782548,0.1401758045,True,10,5.892487382e-05,1.741312469
complex,200,8,1600,2,96,doi_private_no_interference,direct_high,0.1616022877,0.238782548,0.07718026033,True,10,5.892487382e-05,1.741312469
complex,200,8,1600,2,96,doi_private_no_interference,spillover_control,0.110137319,0,-0.110137319,True,10,5.892487382e-05,1.741312469
complex,200,8,1600,2,96,doi_private_no_interference,spillover_treated,0.1731328632,0,-0.1731328632,True,10,5.892487382e-05,1.741312469
complex,200,8,1600,0.5,97,design_ht,direct_low,0.09860674353,-0.1063667252,-0.2049734687,True,0,0,0
complex,200,8,1600,0.5,97,design_ht,direct_high,0.1616022877,0.09706626756,-0.06453602011,True,0,0,0
complex,200,8,1600,0.5,97,design_ht,spillover_control,0.110137319,0.2162604012,0.1061230822,True,0,0,0
complex,200,8,1600,0.5,97,design_ht,spillover_treated,0.1731328632,0.419693394,0.2465605308,True,0,0,0
complex,200,8,1600,0.5,97,doi_nonprivate_generic,direct_low,0.09860674353,0.09777136635,-0.0008353771806,True,82,0.002019775738,4.692584447
complex,200,8,1600,0.5,97,doi_nonprivate_generic,direct_high,0.1616022877,0.1579104146,-0.003691873039,True,82,0.002019775738,4.692584447
complex,200,8,1600,0.5,97,doi_nonprivate_generic,spillover_control,0.110137319,0.1139351341,0.003797815029,True,82,0.002019775738,4.692584447
complex,200,8,1600,0.5,97,doi_nonprivate_generic,spillover_treated,0.1731328632,0.1740741824,0.0009413191705,True,82,0.002019775738,4.692584447
complex,200,8,1600,0.5,97,doi_private_generic,direct_low,0.09860674353,-0.1426036767,-0.2412104202,True,50,0.00311085926,4.818104508
complex,200,8,1600,0.5,97,doi_private_generic,direct_high,0.1616022877,0.001697006232,-0.1599052814,True,50,0.00311085926,4.818104508
complex,200,8,1600,0.5,97,doi_private_generic,spillover_control,0.110137319,0.2297291475,0.1195918284,True,50,0.00311085926,4.818104508
complex,200,8,1600,0.5,97,doi_private_generic,spillover_treated,0.1731328632,0.3740298304,0.2008969673,True,50,0.00311085926,4.818104508
complex,200,8,1600,0.5,97,doi_private_no_interference,direct_low,0.09860674353,0.1202913384,0.02168459492,True,9,2.055934309e-05,1.389731051
complex,200,8,1600,0.5,97,doi_private_no_interference,direct_high,0.1616022877,0.1202913384,-0.04131094922,True,9,2.055934309e-05,1.389731051
complex,200,8,1600,0.5,97,doi_private_no_interference,spillover_control,0.110137319,0,-0.110137319,True,9,2.055934309e-05,1.389731051
complex,200,8,1600,0.5,97,doi_private_no_interference,spillover_treated,0.1731328632,0,-0.1731328632,True,9,2.055934309e-05,1.389731051
complex,200,8,1600,1,97,design_ht,direct_low,0.09860674353,0.1477979619,0.04919121832,True,0,0,0
complex,200,8,1600,1,97,design_ht,direct_high,0.1616022877,0.284210566,0.1226082783,True,0,0,0
complex,200,8,1600,1,97,design_ht,spillover_control,0.110137319,0.2003088604,0.09017154141,True,0,0,0
complex,200,8,1600,1,97,design_ht,spillover_treated,0.1731328632,0.3367214646,0.1635886014,True,0,0,0
complex,200,8,1600,1,97,doi_nonprivate_generic,direct_low,0.09860674353,0.09777136635,-0.0008353771806,True,82,0.002019775738,4.692584447
complex,200,8,1600,1,97,doi_nonprivate_generic,direct_high,0.1616022877,0.1579104146,-0.003691873039,True,82,0.002019775738,4.692584447
complex,200,8,1600,1,97,doi_nonprivate_generic,spillover_control,0.110137319,0.1139351341,0.003797815029,True,82,0.002019775738,4.692584447
complex,200,8,1600,1,97,doi_nonprivate_generic,spillover_treated,0.1731328632,0.1740741824,0.0009413191705,True,82,0.002019775738,4.692584447
complex,200,8,1600,1,97,doi_private_generic,direct_low,0.09860674353,0.08180242868,-0.01680431485,True,56,0.0007195402923,2.77792374
complex,200,8,1600,1,97,doi_private_generic,direct_high,0.1616022877,0.2523565612,0.09075427357,True,56,0.0007195402923,2.77792374
complex,200,8,1600,1,97,doi_private_generic,spillover_control,0.110137319,0.1472287355,0.0370914165,True,56,0.0007195402923,2.77792374
complex,200,8,1600,1,97,doi_private_generic,spillover_treated,0.1731328632,0.3177828681,0.1446500049,True,56,0.0007195402923,2.77792374
complex,200,8,1600,1,97,doi_private_no_interference,direct_low,0.09860674353,0.3154929752,0.2168862317,True,10,0.0001279533106,1.913376776
complex,200,8,1600,1,97,doi_private_no_interference,direct_high,0.1616022877,0.3154929752,0.1538906875,True,10,0.0001279533106,1.913376776
complex,200,8,1600,1,97,doi_private_no_interference,spillover_control,0.110137319,0,-0.110137319,True,10,0.0001279533106,1.913376776
complex,200,8,1600,1,97,doi_private_no_interference,spillover_treated,0.1731328632,0,-0.1731328632,True,10,0.0001279533106,1.913376776
complex,200,8,1600,2,97,design_ht,direct_low,0.09860674353,0.09620897031,-0.002397773226,True,0,0,0
complex,200,8,1600,2,97,design_ht,direct_high,0.1616022877,0.1979610284,0.03635874076,True,0,0,0
complex,200,8,1600,2,97,design_ht,spillover_control,0.110137319,0.1276760288,0.01753870974,True,0,0,0
complex,200,8,1600,2,97,design_ht,spillover_treated,0.1731328632,0.2294280869,0.05629522373,True,0,0,0
complex,200,8,1600,2,97,doi_nonprivate_generic,direct_low,0.09860674353,0.09777136635,-0.0008353771806,True,82,0.002019775738,4.692584447
complex,200,8,1600,2,97,doi_nonprivate_generic,direct_high,0.1616022877,0.1579104146,-0.003691873039,True,82,0.002019775738,4.692584447
complex,200,8,1600,2,97,doi_nonprivate_generic,spillover_control,0.110137319,0.1139351341,0.003797815029,True,82,0.002019775738,4.692584447
complex,200,8,1600,2,97,doi_nonprivate_generic,spillover_treated,0.1731328632,0.1740741824,0.0009413191705,True,82,0.002019775738,4.692584447
complex,200,8,1600,2,97,doi_private_generic,direct_low,0.09860674353,0.05665405648,-0.04195268705,True,77,0.005302955993,2.837545789
complex,200,8,1600,2,97,doi_private_generic,direct_high,0.1616022877,0.1432489448,-0.01835334289,True,77,0.005302955993,2.837545789
complex,200,8,1600,2,97,doi_private_generic,spillover_control,0.110137319,0.1154249732,0.005287654129,True,77,0.005302955993,2.837545789
complex,200,8,1600,2,97,doi_private_generic,spillover_treated,0.1731328632,0.2020198615,0.0288869983,True,77,0.005302955993,2.837545789
complex,200,8,1600,2,97,doi_private_no_interference,direct_low,0.09860674353,0.1969744359,0.09836769239,True,10,7.659804981e-05,1.416171093
complex,200,8,1600,2,97,doi_private_no_interference,direct_high,0.1616022877,0.1969744359,0.03537214825,True,10,7.659804981e-05,1.416171093
complex,200,8,1600,2,97,doi_private_no_interference,spillover_control,0.110137319,0,-0.110137319,True,10,7.659804981e-05,1.416171093
complex,200,8,1600,2,97,doi_private_no_interference,spillover_treated,0.1731328632,0,-0.1731328632,True,10,7.659804981e-05,1.416171093
complex,200,8,1600,0.5,98,design_ht,direct_low,0.09860674353,-0.07915588016,-0.1777626237,True,0,0,0
complex,200,8,1600,0.5,98,design_ht,direct_high,0.1616022877,-0.06073328863,-0.2223355763,True,0,0,0
complex,200,8,1600,0.5,98,design_ht,spillover_control,0.110137319,0.5116766826,0.4015393636,True,0,0,0
complex,200,8,1600,0.5,98,design_ht,spillover_treated,0.1731328632,0.5300992741,0.356966411,True,0,0,0
complex,200,8,1600,0.5,98,doi_nonprivate_generic,direct_low,0.09860674353,0.0987227916,0.0001160480658,True,83,0.008492174703,4.526257941
complex,200,8,1600,0.5,98,doi_nonprivate_generic,direct_high,0.1616022877,0.1576166163,-0.00398567133,True,83,0.008492174703,4.526257941
complex,200,8,1600,0.5,98,doi_nonprivate_generic,spillover_control,0.110137319,0.1148554025,0.004718083454,True,83,0.008492174703,4.526257941
complex,200,8,1600,0.5,98,doi_nonprivate_generic,spillover_treated,0.1731328632,0.1737492272,0.0006163640585,True,83,0.008492174703,4.526257941
complex,200,8,1600,0.5,98,doi_private_generic,direct_low,0.09860674353,-0.01592028177,-0.1145270253,True,39,0.0003230851049,4.375598222
complex,200,8,1600,0.5,98,doi_private_generic,direct_high,0.1616022877,-0.02457322693,-0.1861755146,True,39,0.0003230851049,4.375598222
complex,200,8,1600,0.5,98,doi_private_generic,spillover_control,0.110137319,0.3353309955,0.2251936765,True,39,0.0003230851049,4.375598222
complex,200,8,1600,0.5,98,doi_private_generic,spillover_treated,0.1731328632,0.3266780504,0.1535451872,True,39,0.0003230851049,4.375598222
complex,200,8,1600,0.5,98,doi_private_no_interference,direct_low,0.09860674353,0.1886648566,0.09005811305,True,10,2.071420651e-06,0.9260698458
complex,200,8,1600,0.5,98,doi_private_no_interference,direct_high,0.1616022877,0.1886648566,0.0270625689,True,10,2.071420651e-06,0.9260698458
complex,200,8,1600,0.5,98,doi_private_no_interference,spillover_control,0.110137319,0,-0.110137319,True,10,2.071420651e-06,0.9260698458
complex,200,8,1600,0.5,98,doi_private_no_interference,spillover_treated,0.1731328632,0,-0.1731328632,True,10,2.071420651e-06,0.9260698458
complex,200,8,1600,1,98,design_ht,direct_low,0.09860674353,0.07210574046,-0.02650100307,True,0,0,0
complex,200,8,1600,1,98,design_ht,direct_high,0.1616022877,0.3741960279,0.2125937402,True,0,0,0
complex,200,8,1600,1,98,design_ht,spillover_control,0.110137319,-0.0231304493,-0.1332677683,True,0,0,0
complex,200,8,1600,1,98,design_ht,spillover_treated,0.1731328632,0.2789598381,0.1058269749,True,0,0,0
complex,200,8,1600,1,98,doi_nonprivate_generic,direct_low,0.09860674353,0.0987227916,0.0001160480658,True,83,0.008492174703,4.526257941
complex,200,8,1600,1,98,doi_nonprivate_generic,direct_high,0.1616022877,0.1576166163,-0.00398567133,True,83,0.008492174703,4.526257941
complex,200,8,1600,1,98,doi_nonprivate_generic,spillover_control,0.110137319,0.1148554025,0.004718083454,True,83,0.008492174703,4.526257941
complex,200,8,1600,1,98,doi_nonprivate_generic,spillover_treated,0.1731328632,0.1737492272,0.0006163640585,True,83,0.008492174703,4.526257941
complex,200,8,1600,1,98,doi_private_generic,direct_low,0.09860674353,0.01482152797,-0.08378521556,True,42,0.0004932892084,1.999441843
complex,200,8,1600,1,98,doi_private_generic,direct_high,0.1616022877,0.2981251495,0.1365228618,True,42,0.0004932892084,1.999441843
complex,200,8,1600,1,98,doi_private_generic,spillover_control,0.110137319,-0.002514350826,-0.1126516699,True,42,0.0004932892084,1.999441843
complex,200,8,1600,1,98,doi_private_generic,spillover_treated,0.1731328632,0.2807892707,0.1076564075,True,42,0.0004932892084,1.999441843
complex,200,8,1600,1,98,doi_private_no_interference,direct_low,0.09860674353,0.2475659357,0.1489591922,True,9,9.812128693e-06,1.675747381
complex,200,8,1600,1,98,doi_private_no_interference,direct_high,0.1616022877,0.2475659357,0.08596364802,True,9,9.812128693e-06,1.675747381
complex,200,8,1600,1,98,doi_private_no_interference,spillover_control,0.110137319,0,-0.110137319,True,9,9.812128693e-06,1.675747381
complex,200,8,1600,1,98,doi_private_no_interference,spillover_treated,0.1731328632,0,-0.1731328632,True,9,9.812128693e-06,1.675747381
complex,200,8,1600,2,98,design_ht,direct_low,0.09860674353,0.1407602935,0.04215354998,True,0,0,0
complex,200,8,1600,2,98,design_ht,direct_high,0.1616022877,0.1255701465,-0.03603214115,True,0,0,0
complex,200,8,1600,2,98,design_ht,spillover_control,0.110137319,0.1351079404,0.02497062134,True,0,0,0
complex,200,8,1600,2,98,design_ht,spillover_treated,0.1731328632,0.1199177934,-0.05321506979,True,0,0,0
complex,200,8,1600,2,98,doi_nonprivate_generic,direct_low,0.09860674353,0.0987227916,0.0001160480658,True,83,0.008492174703,4.526257941
complex,200,8,1600,2,98,doi_nonprivate_generic,direct_high,0.1616022877,0.1576166163,-0.00398567133,True,83,0.008492174703,4.526257941
complex,200,8,1600,2,98,doi_nonprivate_generic,spillover_control,0.110137319,0.1148554025,0.004718083454,True,83,0.008492174703,4.526257941
complex,200,8,1600,2,98,doi_nonprivate_generic,spillover_treated,0.1731328632,0.1737492272,0.0006163640585,True,83,0.008492174703,4.526257941
complex,200,8,1600,2,98,doi_private_generic,direct_low,0.09860674353,0.09656613996,-0.002040603576,True,69,0.01069770346,7.541836081
complex,200,8,1600,2,98,doi_private_generic,direct_high,0.1616022877,0.07375032742,-0.08785196025,True,69,0.01069770346,7.541836081
complex,200,8,1600,2,98,doi_private_generic,spillover_control,0.110137319,0.130351671,0.02021435199,True,69,0.01069770346,7.541836081
complex,200,8,1600,2,98,doi_private_generic,spillover_treated,0.1731328632,0.1075358585,-0.06559700469,True,69,0.01069770346,7.541836081
complex,200,8,1600,2,98,doi_private_no_interference,direct_low,0.09860674353,0.1611855735,0.06257882992,True,10,9.283300037e-07,2.073546258
complex,200,8,1600,2,98,doi_private_no_interference,direct_high,0.1616022877,0.1611855735,-0.0004167142223,True,10,9.283300037e-07,2.073546258
complex,200,8,1600,2,98,doi_private_no_interference,spillover_control,0.110137319,0,-0.110137319,True,10,9.283300037e-07,2.073546258
complex,200,8,1600,2,98,doi_private_no_interference,spillover_treated,0.1731328632,0,-0.1731328632,True,10,9.283300037e-07,2.073546258
complex,200,8,1600,0.5,99,design_ht,direct_low,0.09860674353,0.1663284717,0.06772172815,True,0,0,0
complex,200,8,1600,0.5,99,design_ht,direct_high,0.1616022877,0.1365113027,-0.025090985,True,0,0,0
complex,200,8,1600,0.5,99,design_ht,spillover_control,0.110137319,0.02779111962,-0.08234619942,True,0,0,0
complex,200,8,1600,0.5,99,design_ht,spillover_treated,0.1731328632,-0.002026049385,-0.1751589126,True,0,0,0
complex,200,8,1600,0.5,99,doi_nonprivate_generic,direct_low,0.09860674353,0.09628755726,-0.002319186275,True,60,0.0105368759,4.540472311
complex,200,8,1600,0.5,99,doi_nonprivate_generic,direct_high,0.1616022877,0.1573897414,-0.004212546302,True,60,0.0105368759,4.540472311
complex,200,8,1600,0.5,99,doi_nonprivate_generic,spillover_control,0.110137319,0.1141052233,0.003967904214,True,60,0.0105368759,4.540472311
complex,200,8,1600,0.5,99,doi_nonprivate_generic,spillover_treated,0.1731328632,0.1752074074,0.002074544187,True,60,0.0105368759,4.540472311
complex,200,8,1600,0.5,99,doi_private_generic,direct_low,0.09860674353,0.1076989049,0.009092161327,True,50,0.001087734352,4.195491506
complex,200,8,1600,0.5,99,doi_private_generic,direct_high,0.1616022877,0.1463904671,-0.01521182055,True,50,0.001087734352,4.195491506
complex,200,8,1600,0.5,99,doi_private_generic,spillover_control,0.110137319,0.04476775777,-0.06536956127,True,50,0.001087734352,4.195491506
complex,200,8,1600,0.5,99,doi_private_generic,spillover_treated,0.1731328632,0.08345932003,-0.08967354315,True,50,0.001087734352,4.195491506
complex,200,8,1600,0.5,99,doi_private_no_interference,direct_low,0.09860674353,0.1926184786,0.09401173509,True,9,6.830444252e-05,1.869881621
complex,200,8,1600,0.5,99,doi_private_no_interference,direct_high,0.1616022877,0.1926184786,0.03101619095,True,9,6.830444252e-05,1.869881621
complex,200,8,1600,0.5,99,doi_private_no_interference,spillover_control,0.110137319,0,-0.110137319,True,9,6.830444252e-05,1.869881621
complex,200,8,1600,0.5,99,doi_private_no_interference,spillover_treated,0.1731328632,0,-0.1731328632,True,9,6.830444252e-05,1.869881621
complex,200,8,1600,1,99,design_ht,direct_low,0.09860674353,0.02147801581,-0.07712872772,True,0,0,0
complex,200,8,1600,1,99,design_ht,direct_high,0.1616022877,0.1670993763,0.005497088587,True,0,0,0
complex,200,8,1600,1,99,design_ht,spillover_control,0.110137319,0.001601559993,-0.108535759,True,0,0,0
complex,200,8,1600,1,99,design_ht,spillover_treated,0.1731328632,0.1472229204,-0.02590994274,True,0,0,0
complex,200,8,1600,1,99,doi_nonprivate_generic,direct_low,0.09860674353,0.09628755726,-0.002319186275,True,60,0.0105368759,4.540472311
complex,200,8,1600,1,99,doi_nonprivate_generic,direct_high,0.1616022877,0.1573897414,-0.004212546302,True,60,0.0105368759,4.540472311
complex,200,8,1600,1,99,doi_nonprivate_generic,spillover_control,0.110137319,0.1141052233,0.003967904214,True,60,0.0105368759,4.540472311
complex,200,8,1600,1,99,doi_nonprivate_generic,spillover_treated,0.1731328632,0.1752074074,0.002074544187,True,60,0.0105368759,4.540472311
complex,200,8,1600,1,99,doi_private_generic,direct_low,0.09860674353,0.03972545771,-0.05888128582,True,66,0.001956282603,8.193084098
complex,200,8,1600,1,99,doi_private_generic,direct_high,0.1616022877,0.1655894321,0.003987144437,True,66,0.001956282603,8.193084098
complex,200,8,1600,1,99,doi_private_generic,spillover_control,0.110137319,0.0706961582,-0.03944116084,True,66,0.001956282603,8.193084098
complex,200,8,1600,1,99,doi_private_generic,spillover_treated,0.1731328632,0.1965601326,0.02342726942,True,66,0.001956282603,8.193084098
complex,200,8,1600,1,99,doi_private_no_interference,direct_low,0.09860674353,0.1776031282,0.07899638463,True,9,2.164476511e-06,1.58573484
complex,200,8,1600,1,99,doi_private_no_interference,direct_high,0.1616022877,0.1776031282,0.01600084049,True,9,2.164476511e-06,1.58573484
complex,200,8,1600,1,99,doi_private_no_interference,spillover_control,0.110137319,0,-0.110137319,True,9,2.164476511e-06,1.58573484
complex,200,8,1600,1,99,doi_private_no_interference,spillover_treated,0.1731328632,0,-0.1731328632,True,9,2.164476511e-06,1.58573484
complex,200,8,1600,2,99,design_ht,direct_low,0.09860674353,0.1097548523,0.0111481088,True,0,0,0
complex,200,8,1600,2,99,design_ht,direct_high,0.1616022877,0.1396594108,-0.02194287687,True,0,0,0
complex,200,8,1600,2,99,design_ht,spillover_control,0.110137319,0.0386677934,-0.07146952564,True,0,0,0
complex,200,8,1600,2,99,design_ht,spillover_treated,0.1731328632,0.06857235187,-0.1045605113,True,0,0,0
complex,200,8,1600,2,99,doi_nonprivate_generic,direct_low,0.09860674353,0.09628755726,-0.002319186275,True,60,0.0105368759,4.540472311
complex,200,8,1600,2,99,doi_nonprivate_generic,direct_high,0.1616022877,0.1573897414,-0.004212546302,True,60,0.0105368759,4.540472311
complex,200,8,1600,2,99,doi_nonprivate_generic,spillover_control,0.110137319,0.1141052233,0.003967904214,True,60,0.0105368759,4.540472311
complex,200,8,1600,2,99,doi_nonprivate_generic,spillover_treated,0.1731328632,0.1752074074,0.002074544187,True,60,0.0105368759,4.540472311
complex,200,8,1600,2,99,doi_private_generic,direct_low,0.09860674353,0.07342233465,-0.02518440888,True,65,0.002065320149,5.846698756
complex,200,8,1600,2,99,doi_private_generic,direct_high,0.1616022877,0.1661717604,0.004569472695,True,65,0.002065320149,5.846698756
complex,200,8,1600,2,99,doi_private_generic,spillover_control,0.110137319,0.08711972017,-0.02301759887,True,65,0.002065320149,5.846698756
complex,200,8,1600,2,99,doi_private_generic,spillover_treated,0.1731328632,0.1798691459,0.006736282705,True,65,0.002065320149,5.846698756
complex,200,8,1600,2,99,doi_private_no_interference,direct_low,0.09860674353,0.1944184821,0.09581173857,True,9,8.129011377e-05,1.391863099
complex,200,8,1600,2,99,doi_private_no_interference,direct_high,0.1616022877,0.1944184821,0.03281619442,True,9,8.129011377e-05,1.391863099
complex,200,8,1600,2,99,doi_private_no_interference,spillover_control,0.110137319,0,-0.110137319,True,9,8.129011377e-05,1.391863099
complex,200,8,1600,2,99,doi_private_no_interference,spillover_treated,0.1731328632,0,-0.1731328632,True,9,8.129011377e-05,1.391863099
complex,200,8,1600,0.5,100,design_ht,direct_low,0.09860674353,0.09035271817,-0.008254025357,True,0,0,0
complex,200,8,1600,0.5,100,design_ht,direct_high,0.1616022877,0.3428099574,0.1812076697,True,0,0,0
complex,200,8,1600,0.5,100,design_ht,spillover_control,0.110137319,0.01589728183,-0.09424003721,True,0,0,0
complex,200,8,1600,0.5,100,design_ht,spillover_treated,0.1731328632,0.2683545211,0.09522165789,True,0,0,0
complex,200,8,1600,0.5,100,doi_nonprivate_generic,direct_low,0.09860674353,0.09792404202,-0.0006827015119,True,72,0.005511669366,4.590144207
complex,200,8,1600,0.5,100,doi_nonprivate_generic,direct_high,0.1616022877,0.1576568312,-0.003945456425,True,72,0.005511669366,4.590144207
complex,200,8,1600,0.5,100,doi_nonprivate_generic,spillover_control,0.110137319,0.1160712138,0.005933894756,True,72,0.005511669366,4.590144207
complex,200,8,1600,0.5,100,doi_nonprivate_generic,spillover_treated,0.1731328632,0.175804003,0.002671139843,True,72,0.005511669366,4.590144207
complex,200,8,1600,0.5,100,doi_private_generic,direct_low,0.09860674353,0.2217459087,0.1231391652,True,47,0.002392742926,2.929147198
complex,200,8,1600,0.5,100,doi_private_generic,direct_high,0.1616022877,0.3200981692,0.1584958815,True,47,0.002392742926,2.929147198
complex,200,8,1600,0.5,100,doi_private_generic,spillover_control,0.110137319,-0.1285036893,-0.2386410083,True,47,0.002392742926,2.929147198
complex,200,8,1600,0.5,100,doi_private_generic,spillover_treated,0.1731328632,-0.03015142879,-0.203284292,True,47,0.002392742926,2.929147198
complex,200,8,1600,0.5,100,doi_private_no_interference,direct_low,0.09860674353,0.2250027774,0.1263960338,True,10,9.350734799e-06,1.237065395
complex,200,8,1600,0.5,100,doi_private_no_interference,direct_high,0.1616022877,0.2250027774,0.0634004897,True,10,9.350734799e-06,1.237065395
complex,200,8,1600,0.5,100,doi_private_no_interference,spillover_control,0.110137319,0,-0.110137319,True,10,9.350734799e-06,1.237065395
complex,200,8,1600,0.5,100,doi_private_no_interference,spillover_treated,0.1731328632,0,-0.1731328632,True,10,9.350734799e-06,1.237065395
complex,200,8,1600,1,100,design_ht,direct_low,0.09860674353,0.07848473394,-0.02012200959,True,0,0,0
complex,200,8,1600,1,100,design_ht,direct_high,0.1616022877,0.0790733986,-0.08252888908,True,0,0,0
complex,200,8,1600,1,100,design_ht,spillover_control,0.110137319,0.3523582781,0.2422209591,True,0,0,0
complex,200,8,1600,1,100,design_ht,spillover_treated,0.1731328632,0.3529469428,0.1798140796,True,0,0,0
complex,200,8,1600,1,100,doi_nonprivate_generic,direct_low,0.09860674353,0.09792404202,-0.0006827015119,True,72,0.005511669366,4.590144207
complex,200,8,1600,1,100,doi_nonprivate_generic,direct_high,0.1616022877,0.1576568312,-0.003945456425,True,72,0.005511669366,4.590144207
complex,200,8,1600,1,100,doi_nonprivate_generic,spillover_control,0.110137319,0.1160712138,0.005933894756,True,72,0.005511669366,4.590144207
complex,200,8,1600,1,100,doi_nonprivate_generic,spillover_treated,0.1731328632,0.175804003,0.002671139843,True,72,0.005511669366,4.590144207
complex,200,8,1600,1,100,doi_private_generic,direct_low,0.09860674353,0.1328186078,0.03421186425,True,76,0.005406033947,3.226086339
complex,200,8,1600,1,100,doi_private_generic,direct_high,0.1616022877,0.1148000363,-0.04680225133,True,76,0.005406033947,3.226086339
complex,200,8,1600,1,100,doi_private_generic,spillover_control,0.110137319,0.1717692016,0.06163188255,True,76,0.005406033947,3.226086339
complex,200,8,1600,1,100,doi_private_generic,spillover_treated,0.1731328632,0.1537506302,-0.01938223303,True,76,0.005406033947,3.226086339
complex,200,8,1600,1,100,doi_private_no_interference,direct_low,0.09860674353,0.2196597842,0.1210530407,True,10,7.923922296e-05,1.775672693
complex,200,8,1600,1,100,doi_private_no_interference,direct_high,0.1616022877,0.2196597842,0.05805749654,True,10,7.923922296e-05,1.775672693
complex,200,8,1600,1,100,doi_private_no_interference,spillover_control,0.110137319,0,-0.110137319,True,10,7.923922296e-05,1.775672693
complex,200,8,1600,1,100,doi_private_no_interference,spillover_treated,0.1731328632,0,-0.1731328632,True,10,7.923922296e-05,1.775672693
complex,200,8,1600,2,100,design_ht,direct_low,0.09860674353,0.01154852901,-0.08705821452,True,0,0,0
complex,200,8,1600,2,100,design_ht,direct_high,0.1616022877,0.2036944105,0.04209212278,True,0,0,0
complex,200,8,1600,2,100,design_ht,spillover_control,0.110137319,0.2588308817,0.1486935626,True,0,0,0
complex,200,8,1600,2,100,design_ht,spillover_treated,0.1731328632,0.4509767631,0.2778438999,True,0,0,0
complex,200,8,1600,2,100,doi_nonprivate_generic,direct_low,0.09860674353,0.09792404202,-0.0006827015119,True,72,0.005511669366,4.590144207
complex,200,8,1600,2,100,doi_nonprivate_generic,direct_high,0.1616022877,0.1576568312,-0.003945456425,True,72,0.005511669366,4.590144207
complex,200,8,1600,2,100,doi_nonprivate_generic,spillover_control,0.110137319,0.1160712138,0.005933894756,True,72,0.005511669366,4.590144207
complex,200,8,1600,2,100,doi_nonprivate_generic,spillover_treated,0.1731328632,0.175804003,0.002671139843,True,72,0.005511669366,4.590144207
complex,200,8,1600,2,100,doi_private_generic,direct_low,0.09860674353,0.1094364429,0.01082969932,True,86,0.001782949642,4.106030762
complex,200,8,1600,2,100,doi_private_generic,direct_high,0.1616022877,0.1506216983,-0.01098058935,True,86,0.001782949642,4.106030762
complex,200,8,1600,2,100,doi_private_generic,spillover_control,0.110137319,0.1634517906,0.05331447156,True,86,0.001782949642,4.106030762
complex,200,8,1600,2,100,doi_private_generic,spillover_treated,0.1731328632,0.2046370461,0.03150418289,True,86,0.001782949642,4.106030762
complex,200,8,1600,2,100,doi_private_no_interference,direct_low,0.09860674353,0.2475126805,0.148905937,True,11,5.560305163e-05,1.618877183
complex,200,8,1600,2,100,doi_private_no_interference,direct_high,0.1616022877,0.2475126805,0.08591039287,True,11,5.560305163e-05,1.618877183
complex,200,8,1600,2,100,doi_private_no_interference,spillover_control,0.110137319,0,-0.110137319,True,11,5.560305163e-05,1.618877183
complex,200,8,1600,2,100,doi_private_no_interference,spillover_treated,0.1731328632,0,-0.1731328632,True,11,5.560305163e-05,1.618877183
complex,200,8,1600,0.5,101,design_ht,direct_low,0.09860674353,0.08254669008,-0.01606005345,True,0,0,0
complex,200,8,1600,0.5,101,design_ht,direct_high,0.1616022877,0.1732268167,0.01162452905,True,0,0,0
complex,200,8,1600,0.5,101,design_ht,spillover_control,0.110137319,-0.1114497041,-0.2215870232,True,0,0,0
complex,200,8,1600,0.5,101,design_ht,spillover_treated,0.1731328632,-0.02076957748,-0.1939024407,True,0,0,0
complex,200,8,1600,0.5,101,doi_nonprivate_generic,direct_low,0.09860674353,0.09603879987,-0.002567943666,True,68,0.003000693933,4.583895055
complex,200,8,1600,0.5,101,doi_nonprivate_generic,direct_high,0.1616022877,0.1551356258,-0.006466661899,True,68,0.003000693933,4.583895055
complex,200,8,1600,0.5,101,doi_nonprivate_generic,spillover_control,0.110137319,0.1182486771,0.008111358077,True,68,0.003000693933,4.583895055
complex,200,8,1600,0.5,101,doi_nonprivate_generic,spillover_treated,0.1731328632,0.177345503,0.004212639844,True,68,0.003000693933,4.583895055
complex,200,8,1600,0.5,101,doi_private_generic,direct_low,0.09860674353,0.1263487342,0.02774199063,True,47,0.003555426744,6.011213631
complex,200,8,1600,0.5,101,doi_private_generic,direct_high,0.1616022877,0.1809028981,0.01930061046,True,47,0.003555426744,6.011213631
complex,200,8,1600,0.5,101,doi_private_generic,spillover_control,0.110137319,-0.01131449849,-0.1214518175,True,47,0.003555426744,6.011213631
complex,200,8,1600,0.5,101,doi_private_generic,spillover_treated,0.1731328632,0.04323966549,-0.1298931977,True,47,0.003555426744,6.011213631
complex,200,8,1600,0.5,101,doi_private_no_interference,direct_low,0.09860674353,0.1560030258,0.05739628223,True,11,4.669379369e-06,3.825775956
complex,200,8,1600,0.5,101,doi_private_no_interference,direct_high,0.1616022877,0.1560030258,-0.005599261916,True,11,4.669379369e-06,3.825775956
complex,200,8,1600,0.5,101,doi_private_no_interference,spillover_control,0.110137319,0,-0.110137319,True,11,4.669379369e-06,3.825775956
complex,200,8,1600,0.5,101,doi_private_no_interference,spillover_treated,0.1731328632,0,-0.1731328632,True,11,4.669379369e-06,3.825775956
complex,200,8,1600,1,101,design_ht,direct_low,0.09860674353,-0.1198782656,-0.2184850091,True,0,0,0
complex,200,8,1600,1,101,design_ht,direct_high,0.1616022877,0.1756804079,0.01407812021,True,0,0,0
complex,200,8,1600,1,101,design_ht,spillover_control,0.110137319,0.007530886045,-0.102606433,True,0,0,0
complex,200,8,1600,1,101,design_ht,spillover_treated,0.1731328632,0.3030895595,0.1299566963,True,0,0,0
complex,200,8,1600,1,101,doi_nonprivate_generic,direct_low,0.09860674353,0.09603879987,-0.002567943666,True,68,0.003000693933,4.583895055
complex,200,8,1600,1,101,doi_nonprivate_generic,direct_high,0.1616022877,0.1551356258,-0.006466661899,True,68,0.003000693933,4.583895055
complex,200,8,1600,1,101,doi_nonprivate_generic,spillover_control,0.110137319,0.1182486771,0.008111358077,True,68,0.003000693933,4.583895055
complex,200,8,1600,1,101,doi_nonprivate_generic,spillover_treated,0.1731328632,0.177345503,0.004212639844,True,68,0.003000693933,4.583895055
complex,200,8,1600,1,101,doi_private_generic,direct_low,0.09860674353,-0.05239462577,-0.1510013693,True,72,0.001262931902,3.603766515
complex,200,8,1600,1,101,doi_private_generic,direct_high,0.1616022877,0.1168261009,-0.04477618678,True,72,0.001262931902,3.603766515
complex,200,8,1600,1,101,doi_private_generic,spillover_control,0.110137319,0.08729120695,-0.02284611209,True,72,0.001262931902,3.603766515
complex,200,8,1600,1,101,doi_private_generic,spillover_treated,0.1731328632,0.2565119336,0.08337907043,True,72,0.001262931902,3.603766515
complex,200,8,1600,1,101,doi_private_no_interference,direct_low,0.09860674353,0.1338681056,0.03526136209,True,10,1.889770528e-06,1.658523288
complex,200,8,1600,1,101,doi_private_no_interference,direct_high,0.1616022877,0.1338681056,-0.02773418205,True,10,1.889770528e-06,1.658523288
complex,200,8,1600,1,101,doi_private_no_interference,spillover_control,0.110137319,0,-0.110137319,True,10,1.889770528e-06,1.658523288
complex,200,8,1600,1,101,doi_private_no_interference,spillover_treated,0.1731328632,0,-0.1731328632,True,10,1.889770528e-06,1.658523288
complex,200,8,1600,2,101,design_ht,direct_low,0.09860674353,0.2423763221,0.1437695785,True,0,0,0
complex,200,8,1600,2,101,design_ht,direct_high,0.1616022877,0.2427294101,0.08112712244,True,0,0,0
complex,200,8,1600,2,101,design_ht,spillover_control,0.110137319,0.05422514664,-0.0559121724,True,0,0,0
complex,200,8,1600,2,101,design_ht,spillover_treated,0.1731328632,0.05457823469,-0.1185546285,True,0,0,0
complex,200,8,1600,2,101,doi_nonprivate_generic,direct_low,0.09860674353,0.09603879987,-0.002567943666,True,68,0.003000693933,4.583895055
complex,200,8,1600,2,101,doi_nonprivate_generic,direct_high,0.1616022877,0.1551356258,-0.006466661899,True,68,0.003000693933,4.583895055
complex,200,8,1600,2,101,doi_nonprivate_generic,spillover_control,0.110137319,0.1182486771,0.008111358077,True,68,0.003000693933,4.583895055
complex,200,8,1600,2,101,doi_nonprivate_generic,spillover_treated,0.1731328632,0.177345503,0.004212639844,True,68,0.003000693933,4.583895055
complex,200,8,1600,2,101,doi_private_generic,direct_low,0.09860674353,0.2135677707,0.1149610272,True,59,0.001307663842,2.621470752
complex,200,8,1600,2,101,doi_private_generic,direct_high,0.1616022877,0.2500473714,0.08844508372,True,59,0.001307663842,2.621470752
complex,200,8,1600,2,101,doi_private_generic,spillover_control,0.110137319,0.07112082716,-0.03901649188,True,59,0.001307663842,2.621470752
complex,200,8,1600,2,101,doi_private_generic,spillover_treated,0.1731328632,0.1076004278,-0.06553243536,True,59,0.001307663842,2.621470752
complex,200,8,1600,2,101,doi_private_no_interference,direct_low,0.09860674353,0.2838346522,0.1852279086,True,11,2.643615048e-05,1.762588599
complex,200,8,1600,2,101,doi_private_no_interference,direct_high,0.1616022877,0.2838346522,0.1222323645,True,11,2.643615048e-05,1.762588599
complex,200,8,1600,2,101,doi_private_no_interference,spillover_control,0.110137319,0,-0.110137319,True,11,2.643615048e-05,1.762588599
complex,200,8,1600,2,101,doi_private_no_interference,spillover_treated,0.1731328632,0,-0.1731328632,True,11,2.643615048e-05,1.762588599
complex,200,8,1600,0.5,102,design_ht,direct_low,0.09860674353,0.1119748521,0.01336810853,True,0,0,0
complex,200,8,1600,0.5,102,design_ht,direct_high,0.1616022877,-0.2441260632,-0.4057283509,True,0,0,0
complex,200,8,1600,0.5,102,design_ht,spillover_control,0.110137319,0.5890236686,0.4788863495,True,0,0,0
complex,200,8,1600,0.5,102,design_ht,spillover_treated,0.1731328632,0.2329227533,0.05978989011,True,0,0,0
complex,200,8,1600,0.5,102,doi_nonprivate_generic,direct_low,0.09860674353,0.09948768634,0.0008809428106,True,57,0.002515715305,4.606583494
complex,200,8,1600,0.5,102,doi_nonprivate_generic,direct_high,0.1616022877,0.1607790842,-0.0008232034416,True,57,0.002515715305,4.606583494
complex,200,8,1600,0.5,102,doi_nonprivate_generic,spillover_control,0.110137319,0.1136876989,0.003550379907,True,57,0.002515715305,4.606583494
complex,200,8,1600,0.5,102,doi_nonprivate_generic,spillover_treated,0.1731328632,0.1749790968,0.001846233654,True,57,0.002515715305,4.606583494
complex,200,8,1600,0.5,102,doi_private_generic,direct_low,0.09860674353,0.02429594881,-0.07431079472,True,47,0.0007686252842,4.604552393
complex,200,8,1600,0.5,102,doi_private_generic,direct_high,0.1616022877,-0.09938279276,-0.2609850804,True,47,0.0007686252842,4.604552393
complex,200,8,1600,0.5,102,doi_private_generic,spillover_control,0.110137319,0.4129469858,0.3028096668,True,47,0.0007686252842,4.604552393
complex,200,8,1600,0.5,102,doi_private_generic,spillover_treated,0.1731328632,0.2892682443,0.1161353811,True,47,0.0007686252842,4.604552393
complex,200,8,1600,0.5,102,doi_private_no_interference,direct_low,0.09860674353,0.1511432659,0.05253652236,True,10,1.183487535e-06,1.339810425
complex,200,8,1600,0.5,102,doi_private_no_interference,direct_high,0.1616022877,0.1511432659,-0.01045902178,True,10,1.183487535e-06,1.339810425
complex,200,8,1600,0.5,102,doi_private_no_interference,spillover_control,0.110137319,0,-0.110137319,True,10,1.183487535e-06,1.339810425
complex,200,8,1600,0.5,102,doi_private_no_interference,spillover_treated,0.1731328632,0,-0.1731328632,True,10,1.183487535e-06,1.339810425
complex,200,8,1600,1,102,design_ht,direct_low,0.09860674353,0.287476373,0.1888696295,True,0,0,0
complex,200,8,1600,1,102,design_ht,direct_high,0.1616022877,0.1681885818,0.006586294162,True,0,0,0
complex,200,8,1600,1,102,design_ht,spillover_control,0.110137319,0.1533557405,0.04321842142,True,0,0,0
complex,200,8,1600,1,102,design_ht,spillover_treated,0.1731328632,0.0340679493,-0.1390649139,True,0,0,0
complex,200,8,1600,1,102,doi_nonprivate_generic,direct_low,0.09860674353,0.09948768634,0.0008809428106,True,57,0.002515715305,4.606583494
complex,200,8,1600,1,102,doi_nonprivate_generic,direct_high,0.1616022877,0.1607790842,-0.0008232034416,True,57,0.002515715305,4.606583494
complex,200,8,1600,1,102,doi_nonprivate_generic,spillover_control,0.110137319,0.1136876989,0.003550379907,True,57,0.002515715305,4.606583494
complex,200,8,1600,1,102,doi_nonprivate_generic,spillover_treated,0.1731328632,0.1749790968,0.001846233654,True,57,0.002515715305,4.606583494
complex,200,8,1600,1,102,doi_private_generic,direct_low,0.09860674353,0.2664838698,0.1678771263,True,68,0.002014109602,4.806976643
complex,200,8,1600,1,102,doi_private_generic,direct_high,0.1616022877,0.1568432801,-0.00475900757,True,68,0.002014109602,4.806976643
complex,200,8,1600,1,102,doi_private_generic,spillover_control,0.110137319,0.1417197852,0.03158246615,True,68,0.002014109602,4.806976643
complex,200,8,1600,1,102,doi_private_generic,spillover_treated,0.1731328632,0.03207919548,-0.1410536677,True,68,0.002014109602,4.806976643
complex,200,8,1600,1,102,doi_private_no_interference,direct_low,0.09860674353,0.257388438,0.1587816945,True,10,3.433997959e-05,1.482467251
complex,200,8,1600,1,102,doi_private_no_interference,direct_high,0.1616022877,0.257388438,0.09578615034,True,10,3.433997959e-05,1.482467251
complex,200,8,1600,1,102,doi_private_no_interference,spillover_control,0.110137319,0,-0.110137319,True,10,3.433997959e-05,1.482467251
complex,200,8,1600,1,102,doi_private_no_interference,spillover_treated,0.1731328632,0,-0.1731328632,True,10,3.433997959e-05,1.482467251
complex,200,8,1600,2,102,design_ht,direct_low,0.09860674353,0.1573635288,0.05875678525,True,0,0,0
complex,200,8,1600,2,102,design_ht,direct_high,0.1616022877,0.2256095569,0.0640072692,True,0,0,0
complex,200,8,1600,2,102,design_ht,spillover_control,0.110137319,0.07839705916,-0.03174025988,True,0,0,0
complex,200,8,1600,2,102,design_ht,spillover_treated,0.1731328632,0.1466430873,-0.02648977593,True,0,0,0
complex,200,8,1600,2,102,doi_nonprivate_generic,direct_low,0.09860674353,0.09948768634,0.0008809428106,True,57,0.002515715305,4.606583494
complex,200,8,1600,2,102,doi_nonprivate_generic,direct_high,0.1616022877,0.1607790842,-0.0008232034416,True,57,0.002515715305,4.606583494
complex,200,8,1600,2,102,doi_nonprivate_generic,spillover_control,0.110137319,0.1136876989,0.003550379907,True,57,0.002515715305,4.606583494
complex,200,8,1600,2,102,doi_nonprivate_generic,spillover_treated,0.1731328632,0.1749790968,0.001846233654,True,57,0.002515715305,4.606583494
complex,200,8,1600,2,102,doi_private_generic,direct_low,0.09860674353,0.08031972688,-0.01828701665,True,66,0.0005674063331,5.474541799
complex,200,8,1600,2,102,doi_private_generic,direct_high,0.1616022877,0.2402580842,0.07865579657,True,66,0.0005674063331,5.474541799
complex,200,8,1600,2,102,doi_private_generic,spillover_control,0.110137319,0.06099585189,-0.04914146715,True,66,0.0005674063331,5.474541799
complex,200,8,1600,2,102,doi_private_generic,spillover_treated,0.1731328632,0.2209342093,0.04780134608,True,66,0.0005674063331,5.474541799
complex,200,8,1600,2,102,doi_private_no_interference,direct_low,0.09860674353,0.2308114987,0.1322047552,True,11,5.824760021e-05,1.600268029
complex,200,8,1600,2,102,doi_private_no_interference,direct_high,0.1616022877,0.2308114987,0.06920921102,True,11,5.824760021e-05,1.600268029
complex,200,8,1600,2,102,doi_private_no_interference,spillover_control,0.110137319,0,-0.110137319,True,11,5.824760021e-05,1.600268029
complex,200,8,1600,2,102,doi_private_no_interference,spillover_treated,0.1731328632,0,-0.1731328632,True,11,5.824760021e-05,1.600268029
complex,200,8,1600,0.5,103,design_ht,direct_low,0.09860674353,0.2249189857,0.1263122422,True,0,0,0
complex,200,8,1600,0.5,103,design_ht,direct_high,0.1616022877,0.6777393444,0.5161370567,True,0,0,0
complex,200,8,1600,0.5,103,design_ht,spillover_control,0.110137319,-0.198991887,-0.309129206,True,0,0,0
complex,200,8,1600,0.5,103,design_ht,spillover_treated,0.1731328632,0.2538284717,0.0806956085,True,0,0,0
complex,200,8,1600,0.5,103,doi_nonprivate_generic,direct_low,0.09860674353,0.1000032777,0.001396534211,True,65,0.002489018663,4.643457586
complex,200,8,1600,0.5,103,doi_nonprivate_generic,direct_high,0.1616022877,0.1572385983,-0.004363689338,True,65,0.002489018663,4.643457586
complex,200,8,1600,0.5,103,doi_nonprivate_generic,spillover_control,0.110137319,0.1152571256,0.005119806594,True,65,0.002489018663,4.643457586
complex,200,8,1600,0.5,103,doi_nonprivate_generic,spillover_treated,0.1731328632,0.1724924462,-0.0006404169542,True,65,0.002489018663,4.643457586
complex,200,8,1600,0.5,103,doi_private_generic,direct_low,0.09860674353,0.2171608689,0.1185541254,True,49,0.0009169490637,5.438966143
complex,200,8,1600,0.5,103,doi_private_generic,direct_high,0.1616022877,0.4689705222,0.3073682345,True,49,0.0009169490637,5.438966143
complex,200,8,1600,0.5,103,doi_private_generic,spillover_control,0.110137319,-0.08093713872,-0.1910744578,True,49,0.0009169490637,5.438966143
complex,200,8,1600,0.5,103,doi_private_generic,spillover_treated,0.1731328632,0.1708725145,-0.002260348676,True,49,0.0009169490637,5.438966143
complex,200,8,1600,0.5,103,doi_private_no_interference,direct_low,0.09860674353,0.3871134254,0.2885066819,True,12,6.45026754e-06,2.001648411
complex,200,8,1600,0.5,103,doi_private_no_interference,direct_high,0.1616022877,0.3871134254,0.2255111378,True,12,6.45026754e-06,2.001648411
complex,200,8,1600,0.5,103,doi_private_no_interference,spillover_control,0.110137319,0,-0.110137319,True,12,6.45026754e-06,2.001648411
complex,200,8,1600,0.5,103,doi_private_no_interference,spillover_treated,0.1731328632,0,-0.1731328632,True,12,6.45026754e-06,2.001648411
complex,200,8,1600,1,103,design_ht,direct_low,0.09860674353,0.06545875628,-0.03314798726,True,0,0,0
complex,200,8,1600,1,103,design_ht,direct_high,0.1616022877,0.1777298256,0.01612753789,True,0,0,0
complex,200,8,1600,1,103,design_ht,spillover_control,0.110137319,0.1218105033,0.01167318422,True,0,0,0
complex,200,8,1600,1,103,design_ht,spillover_treated,0.1731328632,0.2340815725,0.06094870936,True,0,0,0
complex,200,8,1600,1,103,doi_nonprivate_generic,direct_low,0.09860674353,0.1000032777,0.001396534211,True,65,0.002489018663,4.643457586
complex,200,8,1600,1,103,doi_nonprivate_generic,direct_high,0.1616022877,0.1572385983,-0.004363689338,True,65,0.002489018663,4.643457586
complex,200,8,1600,1,103,doi_nonprivate_generic,spillover_control,0.110137319,0.1152571256,0.005119806594,True,65,0.002489018663,4.643457586
complex,200,8,1600,1,103,doi_nonprivate_generic,spillover_treated,0.1731328632,0.1724924462,-0.0006404169542,True,65,0.002489018663,4.643457586
complex,200,8,1600,1,103,doi_private_generic,direct_low,0.09860674353,0.05407601685,-0.04453072668,True,69,0.0006168909183,5.119932063
complex,200,8,1600,1,103,doi_private_generic,direct_high,0.1616022877,0.1662714859,0.004669198274,True,69,0.0006168909183,5.119932063
complex,200,8,1600,1,103,doi_private_generic,spillover_control,0.110137319,0.003568959672,-0.1065683594,True,69,0.0006168909183,5.119932063
complex,200,8,1600,1,103,doi_private_generic,spillover_treated,0.1731328632,0.1157644288,-0.05736843441,True,69,0.0006168909183,5.119932063
complex,200,8,1600,1,103,doi_private_no_interference,direct_low,0.09860674353,0.1491882044,0.05058146083,True,10,1.418591057e-05,0.830498436
complex,200,8,1600,1,103,doi_private_no_interference,direct_high,0.1616022877,0.1491882044,-0.01241408331,True,10,1.418591057e-05,0.830498436
complex,200,8,1600,1,103,doi_private_no_interference,spillover_control,0.110137319,0,-0.110137319,True,10,1.418591057e-05,0.830498436
complex,200,8,1600,1,103,doi_private_no_interference,spillover_treated,0.1731328632,0,-0.1731328632,True,10,1.418591057e-05,0.830498436
complex,200,8,1600,2,103,design_ht,direct_low,0.09860674353,0.1259641171,0.02735737353,True,0,0,0
complex,200,8,1600,2,103,design_ht,direct_high,0.1616022877,0.1110452932,-0.05055699451,True,0,0,0
complex,200,8,1600,2,103,design_ht,spillover_control,0.110137319,0.2634641171,0.153326798,True,0,0,0
complex,200,8,1600,2,103,design_ht,spillover_treated,0.1731328632,0.2485452932,0.07541242999,True,0,0,0
complex,200,8,1600,2,103,doi_nonprivate_generic,direct_low,0.09860674353,0.1000032777,0.001396534211,True,65,0.002489018663,4.643457586
complex,200,8,1600,2,103,doi_nonprivate_generic,direct_high,0.1616022877,0.1572385983,-0.004363689338,True,65,0.002489018663,4.643457586
complex,200,8,1600,2,103,doi_nonprivate_generic,spillover_control,0.110137319,0.1152571256,0.005119806594,True,65,0.002489018663,4.643457586
complex,200,8,1600,2,103,doi_nonprivate_generic,spillover_treated,0.1731328632,0.1724924462,-0.0006404169542,True,65,0.002489018663,4.643457586
complex,200,8,1600,2,103,doi_private_generic,direct_low,0.09860674353,0.1206329938,0.02202625023,True,65,0.009402961284,3.904462416
complex,200,8,1600,2,103,doi_private_generic,direct_high,0.1616022877,0.1179168504,-0.04368543728,True,65,0.009402961284,3.904462416
complex,200,8,1600,2,103,doi_private_generic,spillover_control,0.110137319,0.1404855377,0.03034821865,True,65,0.009402961284,3.904462416
complex,200,8,1600,2,103,doi_private_generic,spillover_treated,0.1731328632,0.1377693943,-0.03536346886,True,65,0.009402961284,3.904462416
complex,200,8,1600,2,103,doi_private_no_interference,direct_low,0.09860674353,0.1989958579,0.1003891144,True,10,8.304173403e-06,1.562329085
complex,200,8,1600,2,103,doi_private_no_interference,direct_high,0.1616022877,0.1989958579,0.03739357022,True,10,8.304173403e-06,1.562329085
complex,200,8,1600,2,103,doi_private_no_interference,spillover_control,0.110137319,0,-0.110137319,True,10,8.304173403e-06,1.562329085
complex,200,8,1600,2,103,doi_private_no_interference,spillover_treated,0.1731328632,0,-0.1731328632,True,10,8.304173403e-06,1.562329085
complex,200,8,1600,0.5,104,design_ht,direct_low,0.09860674353,0.09523795764,-0.003368785893,True,0,0,0
complex,200,8,1600,0.5,104,design_ht,direct_high,0.1616022877,0.3463304363,0.1847281487,True,0,0,0
complex,200,8,1600,0.5,104,design_ht,spillover_control,0.110137319,0.1006969998,-0.009440319258,True,0,0,0
complex,200,8,1600,0.5,104,design_ht,spillover_treated,0.1731328632,0.3517894785,0.1786566153,True,0,0,0
complex,200,8,1600,0.5,104,doi_nonprivate_generic,direct_low,0.09860674353,0.09685545263,-0.0017512909,True,82,0.002286015119,4.582749647
complex,200,8,1600,0.5,104,doi_nonprivate_generic,direct_high,0.1616022877,0.158729679,-0.002872608713,True,82,0.002286015119,4.582749647
complex,200,8,1600,0.5,104,doi_nonprivate_generic,spillover_control,0.110137319,0.1161875328,0.006050213752,True,82,0.002286015119,4.582749647
complex,200,8,1600,0.5,104,doi_nonprivate_generic,spillover_treated,0.1731328632,0.1780617591,0.004928895939,True,82,0.002286015119,4.582749647
complex,200,8,1600,0.5,104,doi_private_generic,direct_low,0.09860674353,0.2461993002,0.1475925566,True,45,0.0007130954875,5.728216472
complex,200,8,1600,0.5,104,doi_private_generic,direct_high,0.1616022877,0.1590224095,-0.00257987819,True,45,0.0007130954875,5.728216472
complex,200,8,1600,0.5,104,doi_private_generic,spillover_control,0.110137319,0.298266728,0.1881294089,True,45,0.0007130954875,5.728216472
complex,200,8,1600,0.5,104,doi_private_generic,spillover_treated,0.1731328632,0.2110898373,0.0379569741,True,45,0.0007130954875,5.728216472
complex,200,8,1600,0.5,104,doi_private_no_interference,direct_low,0.09860674353,0.3723831416,0.2737763981,True,10,8.40533915e-05,2.192902116
complex,200,8,1600,0.5,104,doi_private_no_interference,direct_high,0.1616022877,0.3723831416,0.2107808539,True,10,8.40533915e-05,2.192902116
complex,200,8,1600,0.5,104,doi_private_no_interference,spillover_control,0.110137319,0,-0.110137319,True,10,8.40533915e-05,2.192902116
complex,200,8,1600,0.5,104,doi_private_no_interference,spillover_treated,0.1731328632,0,-0.1731328632,True,10,8.40533915e-05,2.192902116
complex,200,8,1600,1,104,design_ht,direct_low,0.09860674353,-0.08910155999,-0.1877083035,True,0,0,0
complex,200,8,1600,1,104,design_ht,direct_high,0.1616022877,0.2008720884,0.03926980068,True,0,0,0
complex,200,8,1600,1,104,design_ht,spillover_control,0.110137319,-0.02941769954,-0.1395550186,True,0,0,0
complex,200,8,1600,1,104,design_ht,spillover_treated,0.1731328632,0.2605559488,0.08742308562,True,0,0,0
complex,200,8,1600,1,104,doi_nonprivate_generic,direct_low,0.09860674353,0.09685545263,-0.0017512909,True,82,0.002286015119,4.582749647
complex,200,8,1600,1,104,doi_nonprivate_generic,direct_high,0.1616022877,0.158729679,-0.002872608713,True,82,0.002286015119,4.582749647
complex,200,8,1600,1,104,doi_nonprivate_generic,spillover_control,0.110137319,0.1161875328,0.006050213752,True,82,0.002286015119,4.582749647
complex,200,8,1600,1,104,doi_nonprivate_generic,spillover_treated,0.1731328632,0.1780617591,0.004928895939,True,82,0.002286015119,4.582749647
complex,200,8,1600,1,104,doi_private_generic,direct_low,0.09860674353,-0.04051127018,-0.1391180137,True,50,0.00969639192,4.062707063
complex,200,8,1600,1,104,doi_private_generic,direct_high,0.1616022877,0.1724254709,0.01082318322,True,50,0.00969639192,4.062707063
complex,200,8,1600,1,104,doi_private_generic,spillover_control,0.110137319,0.02626970831,-0.08386761073,True,50,0.00969639192,4.062707063
complex,200,8,1600,1,104,doi_private_generic,spillover_treated,0.1731328632,0.2392064494,0.0660735862,True,50,0.00969639192,4.062707063
complex,200,8,1600,1,104,doi_private_no_interference,direct_low,0.09860674353,0.1498288129,0.05122206941,True,10,4.985013611e-06,1.03422744
complex,200,8,1600,1,104,doi_private_no_interference,direct_high,0.1616022877,0.1498288129,-0.01177347473,True,10,4.985013611e-06,1.03422744
complex,200,8,1600,1,104,doi_private_no_interference,spillover_control,0.110137319,0,-0.110137319,True,10,4.985013611e-06,1.03422744
complex,200,8,1600,1,104,doi_private_no_interference,spillover_treated,0.1731328632,0,-0.1731328632,True,10,4.985013611e-06,1.03422744
complex,200,8,1600,2,104,design_ht,direct_low,0.09860674353,0.1138714697,0.0152647262,True,0,0,0
complex,200,8,1600,2,104,design_ht,direct_high,0.1616022877,0.2051349991,0.04353271141,True,0,0,0
complex,200,8,1600,2,104,design_ht,spillover_control,0.110137319,0.01680617553,-0.09333114351,True,0,0,0
complex,200,8,1600,2,104,design_ht,spillover_treated,0.1731328632,0.1080697049,-0.0650631583,True,0,0,0
complex,200,8,1600,2,104,doi_nonprivate_generic,direct_low,0.09860674353,0.09685545263,-0.0017512909,True,82,0.002286015119,4.582749647
complex,200,8,1600,2,104,doi_nonprivate_generic,direct_high,0.1616022877,0.158729679,-0.002872608713,True,82,0.002286015119,4.582749647
complex,200,8,1600,2,104,doi_nonprivate_generic,spillover_control,0.110137319,0.1161875328,0.006050213752,True,82,0.002286015119,4.582749647
complex,200,8,1600,2,104,doi_nonprivate_generic,spillover_treated,0.1731328632,0.1780617591,0.004928895939,True,82,0.002286015119,4.582749647
complex,200,8,1600,2,104,doi_private_generic,direct_low,0.09860674353,0.09092977629,-0.007676967237,True,80,0.002087395002,5.913946356
complex,200,8,1600,2,104,doi_private_generic,direct_high,0.1616022877,0.1355717377,-0.02603054999,True,80,0.002087395002,5.913946356
complex,200,8,1600,2,104,doi_private_generic,spillover_control,0.110137319,0.1444481362,0.03431081715,True,80,0.002087395002,5.913946356
complex,200,8,1600,2,104,doi_private_generic,spillover_treated,0.1731328632,0.1890900976,0.01595723439,True,80,0.002087395002,5.913946356
complex,200,8,1600,2,104,doi_private_no_interference,direct_low,0.09860674353,0.2222345083,0.1236277648,True,10,3.165179588e-05,1.738105897
complex,200,8,1600,2,104,doi_private_no_interference,direct_high,0.1616022877,0.2222345083,0.06063222066,True,10,3.165179588e-05,1.738105897
complex,200,8,1600,2,104,doi_private_no_interference,spillover_control,0.110137319,0,-0.110137319,True,10,3.165179588e-05,1.738105897
complex,200,8,1600,2,104,doi_private_no_interference,spillover_treated,0.1731328632,0,-0.1731328632,True,10,3.165179588e-05,1.738105897
complex,200,8,1600,0.5,105,design_ht,direct_low,0.09860674353,-0.1519450351,-0.2505517787,True,0,0,0
complex,200,8,1600,0.5,105,design_ht,direct_high,0.1616022877,0.0899021126,-0.07170017508,True,0,0,0
complex,200,8,1600,0.5,105,design_ht,spillover_control,0.110137319,-0.01367996488,-0.1238172839,True,0,0,0
complex,200,8,1600,0.5,105,design_ht,spillover_treated,0.1731328632,0.2281671828,0.05503431965,True,0,0,0
complex,200,8,1600,0.5,105,doi_nonprivate_generic,direct_low,0.09860674353,0.09938227599,0.00077553246,True,77,0.002019969696,4.600372899
complex,200,8,1600,0.5,105,doi_nonprivate_generic,direct_high,0.1616022877,0.1592569877,-0.002345299968,True,77,0.002019969696,4.600372899
complex,200,8,1600,0.5,105,doi_nonprivate_generic,spillover_control,0.110137319,0.114970322,0.004833003009,True,77,0.002019969696,4.600372899
complex,200,8,1600,0.5,105,doi_nonprivate_generic,spillover_treated,0.1731328632,0.1748450338,0.001712170581,True,77,0.002019969696,4.600372899
complex,200,8,1600,0.5,105,doi_private_generic,direct_low,0.09860674353,0.01258434068,-0.08602240286,True,55,0.0002125220392,3.316784256
complex,200,8,1600,0.5,105,doi_private_generic,direct_high,0.1616022877,0.1085047368,-0.05309755091,True,55,0.0002125220392,3.316784256
complex,200,8,1600,0.5,105,doi_private_generic,spillover_control,0.110137319,0.02907107268,-0.08106624636,True,55,0.0002125220392,3.316784256
complex,200,8,1600,0.5,105,doi_private_generic,spillover_treated,0.1731328632,0.1249914688,-0.04814139441,True,55,0.0002125220392,3.316784256
complex,200,8,1600,0.5,105,doi_private_no_interference,direct_low,0.09860674353,0.1003938569,0.001787113416,True,6,1.839228633e-06,0.6010918257
complex,200,8,1600,0.5,105,doi_private_no_interference,direct_high,0.1616022877,0.1003938569,-0.06120843073,True,6,1.839228633e-06,0.6010918257
complex,200,8,1600,0.5,105,doi_private_no_interference,spillover_control,0.110137319,0,-0.110137319,True,6,1.839228633e-06,0.6010918257
complex,200,8,1600,0.5,105,doi_private_no_interference,spillover_treated,0.1731328632,0,-0.1731328632,True,6,1.839228633e-06,0.6010918257
complex,200,8,1600,1,105,design_ht,direct_low,0.09860674353,-0.01567587349,-0.114282617,True,0,0,0
complex,200,8,1600,1,105,design_ht,direct_high,0.1616022877,0.06256449674,-0.09903779094,True,0,0,0
complex,200,8,1600,1,105,design_ht,spillover_control,0.110137319,0.05968386045,-0.05045345859,True,0,0,0
complex,200,8,1600,1,105,design_ht,spillover_treated,0.1731328632,0.1379242307,-0.0352086325,True,0,0,0
complex,200,8,1600,1,105,doi_nonprivate_generic,direct_low,0.09860674353,0.09938227599,0.00077553246,True,77,0.002019969696,4.600372899
complex,200,8,1600,1,105,doi_nonprivate_generic,direct_high,0.1616022877,0.1592569877,-0.002345299968,True,77,0.002019969696,4.600372899
complex,200,8,1600,1,105,doi_nonprivate_generic,spillover_control,0.110137319,0.114970322,0.004833003009,True,77,0.002019969696,4.600372899
complex,200,8,1600,1,105,doi_nonprivate_generic,spillover_treated,0.1731328632,0.1748450338,0.001712170581,True,77,0.002019969696,4.600372899
complex,200,8,1600,1,105,doi_private_generic,direct_low,0.09860674353,0.009188280518,-0.08941846301,True,64,0.0003516771308,5.763440846
complex,200,8,1600,1,105,doi_private_generic,direct_high,0.1616022877,0.03089580153,-0.1307064861,True,64,0.0003516771308,5.763440846
complex,200,8,1600,1,105,doi_private_generic,spillover_control,0.110137319,0.1813694874,0.07123216833,True,64,0.0003516771308,5.763440846
complex,200,8,1600,1,105,doi_private_generic,spillover_treated,0.1731328632,0.2030770084,0.0299441452,True,64,0.0003516771308,5.763440846
complex,200,8,1600,1,105,doi_private_no_interference,direct_low,0.09860674353,0.1434148563,0.04480811272,True,9,3.921510007e-05,0.9888351549
complex,200,8,1600,1,105,doi_private_no_interference,direct_high,0.1616022877,0.1434148563,-0.01818743142,True,9,3.921510007e-05,0.9888351549
complex,200,8,1600,1,105,doi_private_no_interference,spillover_control,0.110137319,0,-0.110137319,True,9,3.921510007e-05,0.9888351549
complex,200,8,1600,1,105,doi_private_no_interference,spillover_treated,0.1731328632,0,-0.1731328632,True,9,3.921510007e-05,0.9888351549
complex,200,8,1600,2,105,design_ht,direct_low,0.09860674353,0.04017602878,-0.05843071475,True,0,0,0
complex,200,8,1600,2,105,design_ht,direct_high,0.1616022877,0.1240210287,-0.03758125901,True,0,0,0
complex,200,8,1600,2,105,design_ht,spillover_control,0.110137319,0.1306642631,0.02052694409,True,0,0,0
complex,200,8,1600,2,105,design_ht,spillover_treated,0.1731328632,0.214509263,0.04137639983,True,0,0,0
complex,200,8,1600,2,105,doi_nonprivate_generic,direct_low,0.09860674353,0.09938227599,0.00077553246,True,77,0.002019969696,4.600372899
complex,200,8,1600,2,105,doi_nonprivate_generic,direct_high,0.1616022877,0.1592569877,-0.002345299968,True,77,0.002019969696,4.600372899
complex,200,8,1600,2,105,doi_nonprivate_generic,spillover_control,0.110137319,0.114970322,0.004833003009,True,77,0.002019969696,4.600372899
complex,200,8,1600,2,105,doi_nonprivate_generic,spillover_treated,0.1731328632,0.1748450338,0.001712170581,True,77,0.002019969696,4.600372899
complex,200,8,1600,2,105,doi_private_generic,direct_low,0.09860674353,0.1011145606,0.002507817021,True,81,0.002314396916,3.882776418
complex,200,8,1600,2,105,doi_private_generic,direct_high,0.1616022877,0.1030583042,-0.05854398344,True,81,0.002314396916,3.882776418
complex,200,8,1600,2,105,doi_private_generic,spillover_control,0.110137319,0.2206601069,0.1105227879,True,81,0.002314396916,3.882776418
complex,200,8,1600,2,105,doi_private_generic,spillover_treated,0.1731328632,0.2226038506,0.04947098743,True,81,0.002314396916,3.882776418
complex,200,8,1600,2,105,doi_private_no_interference,direct_low,0.09860674353,0.242926216,0.1443194724,True,10,0.0001969379649,1.676878315
complex,200,8,1600,2,105,doi_private_no_interference,direct_high,0.1616022877,0.242926216,0.08132392828,True,10,0.0001969379649,1.676878315
complex,200,8,1600,2,105,doi_private_no_interference,spillover_control,0.110137319,0,-0.110137319,True,10,0.0001969379649,1.676878315
complex,200,8,1600,2,105,doi_private_no_interference,spillover_treated,0.1731328632,0,-0.1731328632,True,10,0.0001969379649,1.676878315
complex,200,8,1600,0.5,106,design_ht,direct_low,0.09860674353,-0.08958117603,-0.1881879196,True,0,0,0
complex,200,8,1600,0.5,106,design_ht,direct_high,0.1616022877,0.3293958025,0.1677935148,True,0,0,0
complex,200,8,1600,0.5,106,design_ht,spillover_control,0.110137319,-0.04790588016,-0.1580431992,True,0,0,0
complex,200,8,1600,0.5,106,design_ht,spillover_treated,0.1731328632,0.3710710983,0.1979382352,True,0,0,0
complex,200,8,1600,0.5,106,doi_nonprivate_generic,direct_low,0.09860674353,0.09917511247,0.0005683689383,True,99,0.003044792484,4.625672999
complex,200,8,1600,0.5,106,doi_nonprivate_generic,direct_high,0.1616022877,0.157552192,-0.004050095698,True,99,0.003044792484,4.625672999
complex,200,8,1600,0.5,106,doi_nonprivate_generic,spillover_control,0.110137319,0.1164657354,0.006328416318,True,99,0.003044792484,4.625672999
complex,200,8,1600,0.5,106,doi_nonprivate_generic,spillover_treated,0.1731328632,0.1748428149,0.001709951682,True,99,0.003044792484,4.625672999
complex,200,8,1600,0.5,106,doi_private_generic,direct_low,0.09860674353,0.03797816651,-0.06062857702,True,57,0.0006115645479,3.034819956
complex,200,8,1600,0.5,106,doi_private_generic,direct_high,0.1616022877,0.3408374895,0.1792352018,True,57,0.0006115645479,3.034819956
complex,200,8,1600,0.5,106,doi_private_generic,spillover_control,0.110137319,-0.1259565327,-0.2360938517,True,57,0.0006115645479,3.034819956
complex,200,8,1600,0.5,106,doi_private_generic,spillover_treated,0.1731328632,0.1769027903,0.003769927088,True,57,0.0006115645479,3.034819956
complex,200,8,1600,0.5,106,doi_private_no_interference,direct_low,0.09860674353,0.2123567912,0.1137500477,True,11,1.19072831e-05,1.225341999
complex,200,8,1600,0.5,106,doi_private_no_interference,direct_high,0.1616022877,0.2123567912,0.05075450356,True,11,1.19072831e-05,1.225341999
complex,200,8,1600,0.5,106,doi_private_no_interference,spillover_control,0.110137319,0,-0.110137319,True,11,1.19072831e-05,1.225341999
complex,200,8,1600,0.5,106,doi_private_no_interference,spillover_treated,0.1731328632,0,-0.1731328632,True,11,1.19072831e-05,1.225341999
complex,200,8,1600,1,106,design_ht,direct_low,0.09860674353,0.0001798669704,-0.09842687656,True,0,0,0
complex,200,8,1600,1,106,design_ht,direct_high,0.1616022877,0.202819759,0.04121747137,True,0,0,0
complex,200,8,1600,1,106,design_ht,spillover_control,0.110137319,0.143929867,0.03379254793,True,0,0,0
complex,200,8,1600,1,106,design_ht,spillover_treated,0.1731328632,0.346569759,0.1734368959,True,0,0,0
complex,200,8,1600,1,106,doi_nonprivate_generic,direct_low,0.09860674353,0.09917511247,0.0005683689383,True,99,0.003044792484,4.625672999
complex,200,8,1600,1,106,doi_nonprivate_generic,direct_high,0.1616022877,0.157552192,-0.004050095698,True,99,0.003044792484,4.625672999
complex,200,8,1600,1,106,doi_nonprivate_generic,spillover_control,0.110137319,0.1164657354,0.006328416318,True,99,0.003044792484,4.625672999
complex,200,8,1600,1,106,doi_nonprivate_generic,spillover_treated,0.1731328632,0.1748428149,0.001709951682,True,99,0.003044792484,4.625672999
complex,200,8,1600,1,106,doi_private_generic,direct_low,0.09860674353,0.07618959216,-0.02241715138,True,63,0.001217040885,6.507997004
complex,200,8,1600,1,106,doi_private_generic,direct_high,0.1616022877,0.2121179116,0.05051562389,True,63,0.001217040885,6.507997004
complex,200,8,1600,1,106,doi_private_generic,spillover_control,0.110137319,0.09126574445,-0.01887157459,True,63,0.001217040885,6.507997004
complex,200,8,1600,1,106,doi_private_generic,spillover_treated,0.1731328632,0.2271940639,0.05406120068,True,63,0.001217040885,6.507997004
complex,200,8,1600,1,106,doi_private_no_interference,direct_low,0.09860674353,0.2443454764,0.1457387328,True,9,0.0001064507154,1.577302153
complex,200,8,1600,1,106,doi_private_no_interference,direct_high,0.1616022877,0.2443454764,0.08274318868,True,9,0.0001064507154,1.577302153
complex,200,8,1600,1,106,doi_private_no_interference,spillover_control,0.110137319,0,-0.110137319,True,9,0.0001064507154,1.577302153
complex,200,8,1600,1,106,doi_private_no_interference,spillover_treated,0.1731328632,0,-0.1731328632,True,9,0.0001064507154,1.577302153
complex,200,8,1600,2,106,design_ht,direct_low,0.09860674353,0.09391205779,-0.004694685745,True,0,0,0
complex,200,8,1600,2,106,design_ht,direct_high,0.1616022877,0.1070914696,-0.05451081806,True,0,0,0
complex,200,8,1600,2,106,design_ht,spillover_control,0.110137319,0.2048361756,0.09469885661,True,0,0,0
complex,200,8,1600,2,106,design_ht,spillover_treated,0.1731328632,0.2180155875,0.0448827243,True,0,0,0
complex,200,8,1600,2,106,doi_nonprivate_generic,direct_low,0.09860674353,0.09917511247,0.0005683689383,True,99,0.003044792484,4.625672999
complex,200,8,1600,2,106,doi_nonprivate_generic,direct_high,0.1616022877,0.157552192,-0.004050095698,True,99,0.003044792484,4.625672999
complex,200,8,1600,2,106,doi_nonprivate_generic,spillover_control,0.110137319,0.1164657354,0.006328416318,True,99,0.003044792484,4.625672999
complex,200,8,1600,2,106,doi_nonprivate_generic,spillover_treated,0.1731328632,0.1748428149,0.001709951682,True,99,0.003044792484,4.625672999
complex,200,8,1600,2,106,doi_private_generic,direct_low,0.09860674353,0.1318181536,0.03321141006,True,72,0.00179047176,3.994772861
complex,200,8,1600,2,106,doi_private_generic,direct_high,0.1616022877,0.1520631929,-0.009539094798,True,72,0.00179047176,3.994772861
complex,200,8,1600,2,106,doi_private_generic,spillover_control,0.110137319,0.1262593299,0.01612201089,True,72,0.00179047176,3.994772861
complex,200,8,1600,2,106,doi_private_generic,spillover_treated,0.1731328632,0.1465043692,-0.02662849397,True,72,0.00179047176,3.994772861
complex,200,8,1600,2,106,doi_private_no_interference,direct_low,0.09860674353,0.22361541,0.1250086665,True,10,4.39638071e-05,1.594985686
complex,200,8,1600,2,106,doi_private_no_interference,direct_high,0.1616022877,0.22361541,0.06201312234,True,10,4.39638071e-05,1.594985686
complex,200,8,1600,2,106,doi_private_no_interference,spillover_control,0.110137319,0,-0.110137319,True,10,4.39638071e-05,1.594985686
complex,200,8,1600,2,106,doi_private_no_interference,spillover_treated,0.1731328632,0,-0.1731328632,True,10,4.39638071e-05,1.594985686
complex,200,8,1600,0.5,107,design_ht,direct_low,0.09860674353,-0.05943659855,-0.1580433421,True,0,0,0
complex,200,8,1600,0.5,107,design_ht,direct_high,0.1616022877,-0.09849909855,-0.2601013862,True,0,0,0
complex,200,8,1600,0.5,107,design_ht,spillover_control,0.110137319,0.2712688378,0.1611315188,True,0,0,0
complex,200,8,1600,0.5,107,design_ht,spillover_treated,0.1731328632,0.2322063378,0.05907347461,True,0,0,0
complex,200,8,1600,0.5,107,doi_nonprivate_generic,direct_low,0.09860674353,0.1002117968,0.001605053251,True,79,0.005535747933,4.620607125
complex,200,8,1600,0.5,107,doi_nonprivate_generic,direct_high,0.1616022877,0.1593439932,-0.002258294509,True,79,0.005535747933,4.620607125
complex,200,8,1600,0.5,107,doi_nonprivate_generic,spillover_control,0.110137319,0.112563816,0.002426496929,True,79,0.005535747933,4.620607125
complex,200,8,1600,0.5,107,doi_nonprivate_generic,spillover_treated,0.1731328632,0.1716960124,-0.001436850832,True,79,0.005535747933,4.620607125
complex,200,8,1600,0.5,107,doi_private_generic,direct_low,0.09860674353,-0.03702337797,-0.1356301215,True,48,0.001937993527,3.584915618
complex,200,8,1600,0.5,107,doi_private_generic,direct_high,0.1616022877,-0.04162446789,-0.2032267556,True,48,0.001937993527,3.584915618
complex,200,8,1600,0.5,107,doi_private_generic,spillover_control,0.110137319,0.2249025833,0.1147652643,True,48,0.001937993527,3.584915618
complex,200,8,1600,0.5,107,doi_private_generic,spillover_treated,0.1731328632,0.2203014934,0.04716863019,True,48,0.001937993527,3.584915618
complex,200,8,1600,0.5,107,doi_private_no_interference,direct_low,0.09860674353,0.09866858856,6.184502595e-05,True,8,1.403342477e-05,0.6766841892
complex,200,8,1600,0.5,107,doi_private_no_interference,direct_high,0.1616022877,0.09866858856,-0.06293369912,True,8,1.403342477e-05,0.6766841892
complex,200,8,1600,0.5,107,doi_private_no_interference,spillover_control,0.110137319,0,-0.110137319,True,8,1.403342477e-05,0.6766841892
complex,200,8,1600,0.5,107,doi_private_no_interference,spillover_treated,0.1731328632,0,-0.1731328632,True,8,1.403342477e-05,0.6766841892
complex,200,8,1600,1,107,design_ht,direct_low,0.09860674353,-0.0196593386,-0.1182660821,True,0,0,0
complex,200,8,1600,1,107,design_ht,direct_high,0.1616022877,0.1542923256,-0.007309962114,True,0,0,0
complex,200,8,1600,1,107,design_ht,spillover_control,0.110137319,0.0709147879,-0.03922253114,True,0,0,0
complex,200,8,1600,1,107,design_ht,spillover_treated,0.1731328632,0.2448664521,0.07173358889,True,0,0,0
complex,200,8,1600,1,107,doi_nonprivate_generic,direct_low,0.09860674353,0.1002117968,0.001605053251,True,79,0.005535747933,4.620607125
complex,200,8,1600,1,107,doi_nonprivate_generic,direct_high,0.1616022877,0.1593439932,-0.002258294509,True,79,0.005535747933,4.620607125
complex,200,8,1600,1,107,doi_nonprivate_generic,spillover_control,0.110137319,0.112563816,0.002426496929,True,79,0.005535747933,4.620607125
complex,200,8,1600,1,107,doi_nonprivate_generic,spillover_treated,0.1731328632,0.1716960124,-0.001436850832,True,79,0.005535747933,4.620607125
complex,200,8,1600,1,107,doi_private_generic,direct_low,0.09860674353,0.001688847068,-0.09691789646,True,63,0.001068400885,5.018655223
complex,200,8,1600,1,107,doi_private_generic,direct_high,0.1616022877,0.1989301151,0.03732782739,True,63,0.001068400885,5.018655223
complex,200,8,1600,1,107,doi_private_generic,spillover_control,0.110137319,0.04227567704,-0.067861642,True,63,0.001068400885,5.018655223
complex,200,8,1600,1,107,doi_private_generic,spillover_treated,0.1731328632,0.239516945,0.06638408186,True,63,0.001068400885,5.018655223
complex,200,8,1600,1,107,doi_private_no_interference,direct_low,0.09860674353,0.1845513658,0.08594462228,True,12,4.318759892e-06,1.869923615
complex,200,8,1600,1,107,doi_private_no_interference,direct_high,0.1616022877,0.1845513658,0.02294907814,True,12,4.318759892e-06,1.869923615
complex,200,8,1600,1,107,doi_private_no_interference,spillover_control,0.110137319,0,-0.110137319,True,12,4.318759892e-06,1.869923615
complex,200,8,1600,1,107,doi_private_no_interference,spillover_treated,0.1731328632,0,-0.1731328632,True,12,4.318759892e-06,1.869923615
complex,200,8,1600,2,107,design_ht,direct_low,0.09860674353,0.05486367599,-0.04374306754,True,0,0,0
complex,200,8,1600,2,107,design_ht,direct_high,0.1616022877,0.1081239695,-0.05347831817,True,0,0,0
complex,200,8,1600,2,107,design_ht,spillover_control,0.110137319,0.1212766171,0.01113929802,True,0,0,0
complex,200,8,1600,2,107,design_ht,spillover_treated,0.1731328632,0.1745369106,0.001404047391,True,0,0,0
complex,200,8,1600,2,107,doi_nonprivate_generic,direct_low,0.09860674353,0.1002117968,0.001605053251,True,79,0.005535747933,4.620607125
complex,200,8,1600,2,107,doi_nonprivate_generic,direct_high,0.1616022877,0.1593439932,-0.002258294509,True,79,0.005535747933,4.620607125
complex,200,8,1600,2,107,doi_nonprivate_generic,spillover_control,0.110137319,0.112563816,0.002426496929,True,79,0.005535747933,4.620607125
complex,200,8,1600,2,107,doi_nonprivate_generic,spillover_treated,0.1731328632,0.1716960124,-0.001436850832,True,79,0.005535747933,4.620607125
complex,200,8,1600,2,107,doi_private_generic,direct_low,0.09860674353,0.07570403932,-0.02290270421,True,71,0.008579854504,4.519473269
complex,200,8,1600,2,107,doi_private_generic,direct_high,0.1616022877,0.1170681228,-0.04453416487,True,71,0.008579854504,4.519473269
complex,200,8,1600,2,107,doi_private_generic,spillover_control,0.110137319,0.1432843199,0.03314700089,True,71,0.008579854504,4.519473269
complex,200,8,1600,2,107,doi_private_generic,spillover_treated,0.1731328632,0.1846484034,0.01151554023,True,71,0.008579854504,4.519473269
complex,200,8,1600,2,107,doi_private_no_interference,direct_low,0.09860674353,0.1964585254,0.0978517819,True,10,2.011360345e-05,1.160627371
complex,200,8,1600,2,107,doi_private_no_interference,direct_high,0.1616022877,0.1964585254,0.03485623776,True,10,2.011360345e-05,1.160627371
complex,200,8,1600,2,107,doi_private_no_interference,spillover_control,0.110137319,0,-0.110137319,True,10,2.011360345e-05,1.160627371
complex,200,8,1600,2,107,doi_private_no_interference,spillover_treated,0.1731328632,0,-0.1731328632,True,10,2.011360345e-05,1.160627371
complex,200,8,1600,0.5,108,design_ht,direct_low,0.09860674353,0.368260563,0.2696538195,True,0,0,0
complex,200,8,1600,0.5,108,design_ht,direct_high,0.1616022877,0.04862876756,-0.1129735201,True,0,0,0
complex,200,8,1600,0.5,108,design_ht,spillover_control,0.110137319,-0.01765752129,-0.1277948403,True,0,0,0
complex,200,8,1600,0.5,108,design_ht,spillover_treated,0.1731328632,-0.3372893167,-0.5104221799,True,0,0,0
complex,200,8,1600,0.5,108,doi_nonprivate_generic,direct_low,0.09860674353,0.1001873736,0.001580630061,True,82,0.002646327518,4.521703058
complex,200,8,1600,0.5,108,doi_nonprivate_generic,direct_high,0.1616022877,0.1544216256,-0.007180662058,True,82,0.002646327518,4.521703058
complex,200,8,1600,0.5,108,doi_nonprivate_generic,spillover_control,0.110137319,0.1186917073,0.008554388241,True,82,0.002646327518,4.521703058
complex,200,8,1600,0.5,108,doi_nonprivate_generic,spillover_treated,0.1731328632,0.1729259593,-0.0002069038789,True,82,0.002646327518,4.521703058
complex,200,8,1600,0.5,108,doi_private_generic,direct_low,0.09860674353,0.1767242353,0.07811749181,True,46,0.0005156987043,5.057753564
complex,200,8,1600,0.5,108,doi_private_generic,direct_high,0.1616022877,0.03946434077,-0.1221379469,True,46,0.0005156987043,5.057753564
complex,200,8,1600,0.5,108,doi_private_generic,spillover_control,0.110137319,0.1991338021,0.0889964831,True,46,0.0005156987043,5.057753564
complex,200,8,1600,0.5,108,doi_private_generic,spillover_treated,0.1731328632,0.06187390757,-0.1112589556,True,46,0.0005156987043,5.057753564
complex,200,8,1600,0.5,108,doi_private_no_interference,direct_low,0.09860674353,0.2106100361,0.1120032926,True,9,8.341879708e-06,1.127415739
complex,200,8,1600,0.5,108,doi_private_no_interference,direct_high,0.1616022877,0.2106100361,0.04900774846,True,9,8.341879708e-06,1.127415739
complex,200,8,1600,0.5,108,doi_private_no_interference,spillover_control,0.110137319,0,-0.110137319,True,9,8.341879708e-06,1.127415739
complex,200,8,1600,0.5,108,doi_private_no_interference,spillover_treated,0.1731328632,0,-0.1731328632,True,9,8.341879708e-06,1.127415739
complex,200,8,1600,1,108,design_ht,direct_low,0.09860674353,0.3397701544,0.2411634109,True,0,0,0
complex,200,8,1600,1,108,design_ht,direct_high,0.1616022877,0.1411001042,-0.0205021835,True,0,0,0
complex,200,8,1600,1,108,design_ht,spillover_control,0.110137319,-0.03287518699,-0.143012506,True,0,0,0
complex,200,8,1600,1,108,design_ht,spillover_treated,0.1731328632,-0.2315452372,-0.4046781004,True,0,0,0
complex,200,8,1600,1,108,doi_nonprivate_generic,direct_low,0.09860674353,0.1001873736,0.001580630061,True,82,0.002646327518,4.521703058
complex,200,8,1600,1,108,doi_nonprivate_generic,direct_high,0.1616022877,0.1544216256,-0.007180662058,True,82,0.002646327518,4.521703058
complex,200,8,1600,1,108,doi_nonprivate_generic,spillover_control,0.110137319,0.1186917073,0.008554388241,True,82,0.002646327518,4.521703058
complex,200,8,1600,1,108,doi_nonprivate_generic,spillover_treated,0.1731328632,0.1729259593,-0.0002069038789,True,82,0.002646327518,4.521703058
complex,200,8,1600,1,108,doi_private_generic,direct_low,0.09860674353,0.2964223158,0.1978155723,True,62,0.0008013641202,3.390932618
complex,200,8,1600,1,108,doi_private_generic,direct_high,0.1616022877,0.1420200381,-0.0195822496,True,62,0.0008013641202,3.390932618
complex,200,8,1600,1,108,doi_private_generic,spillover_control,0.110137319,0.1274936389,0.01735631984,True,62,0.0008013641202,3.390932618
complex,200,8,1600,1,108,doi_private_generic,spillover_treated,0.1731328632,-0.02690863885,-0.200041502,True,62,0.0008013641202,3.390932618
complex,200,8,1600,1,108,doi_private_no_interference,direct_low,0.09860674353,0.2563336617,0.1577269181,True,12,6.356195645e-07,1.700175463
complex,200,8,1600,1,108,doi_private_no_interference,direct_high,0.1616022877,0.2563336617,0.09473137401,True,12,6.356195645e-07,1.700175463
complex,200,8,1600,1,108,doi_private_no_interference,spillover_control,0.110137319,0,-0.110137319,True,12,6.356195645e-07,1.700175463
complex,200,8,1600,1,108,doi_private_no_interference,spillover_treated,0.1731328632,0,-0.1731328632,True,12,6.356195645e-07,1.700175463
complex,200,8,1600,2,108,design_ht,direct_low,0.09860674353,0.0916024992,-0.007004244333,True,0,0,0
complex,200,8,1600,2,108,design_ht,direct_high,0.1616022877,0.1618332342,0.0002309465627,True,0,0,0
complex,200,8,1600,2,108,design_ht,spillover_control,0.110137319,-0.05644103027,-0.1665783493,True,0,0,0
complex,200,8,1600,2,108,design_ht,spillover_treated,0.1731328632,0.01378970477,-0.1593431584,True,0,0,0
complex,200,8,1600,2,108,doi_nonprivate_generic,direct_low,0.09860674353,0.1001873736,0.001580630061,True,82,0.002646327518,4.521703058
complex,200,8,1600,2,108,doi_nonprivate_generic,direct_high,0.1616022877,0.1544216256,-0.007180662058,True,82,0.002646327518,4.521703058
complex,200,8,1600,2,108,doi_nonprivate_generic,spillover_control,0.110137319,0.1186917073,0.008554388241,True,82,0.002646327518,4.521703058
complex,200,8,1600,2,108,doi_nonprivate_generic,spillover_treated,0.1731328632,0.1729259593,-0.0002069038789,True,82,0.002646327518,4.521703058
complex,200,8,1600,2,108,doi_private_generic,direct_low,0.09860674353,0.1017829343,0.003176190791,True,87,0.001755610222,2.973682488
complex,200,8,1600,2,108,doi_private_generic,direct_high,0.1616022877,0.1817365294,0.02013424173,True,87,0.001755610222,2.973682488
complex,200,8,1600,2,108,doi_private_generic,spillover_control,0.110137319,0.09664308552,-0.01349423352,True,87,0.001755610222,2.973682488
complex,200,8,1600,2,108,doi_private_generic,spillover_treated,0.1731328632,0.1765966806,0.003463817416,True,87,0.001755610222,2.973682488
complex,200,8,1600,2,108,doi_private_no_interference,direct_low,0.09860674353,0.2183507117,0.1197439681,True,9,0.0002095812015,1.578914339
complex,200,8,1600,2,108,doi_private_no_interference,direct_high,0.1616022877,0.2183507117,0.05674842399,True,9,0.0002095812015,1.578914339
complex,200,8,1600,2,108,doi_private_no_interference,spillover_control,0.110137319,0,-0.110137319,True,9,0.0002095812015,1.578914339
complex,200,8,1600,2,108,doi_private_no_interference,spillover_treated,0.1731328632,0,-0.1731328632,True,9,0.0002095812015,1.578914339
complex,200,8,1600,0.5,109,design_ht,direct_low,0.09860674353,-0.02929202107,-0.1278987646,True,0,0,0
complex,200,8,1600,0.5,109,design_ht,direct_high,0.1616022877,-0.0562435281,-0.2178458158,True,0,0,0
complex,200,8,1600,0.5,109,design_ht,spillover_control,0.110137319,-0.04596731694,-0.156104636,True,0,0,0
complex,200,8,1600,0.5,109,design_ht,spillover_treated,0.1731328632,-0.07291882397,-0.2460516872,True,0,0,0
complex,200,8,1600,0.5,109,doi_nonprivate_generic,direct_low,0.09860674353,0.09740983115,-0.00119691238,True,74,0.001470781788,4.604511542
complex,200,8,1600,0.5,109,doi_nonprivate_generic,direct_high,0.1616022877,0.1580354302,-0.003566857513,True,74,0.001470781788,4.604511542
complex,200,8,1600,0.5,109,doi_nonprivate_generic,spillover_control,0.110137319,0.1161941287,0.006056809654,True,74,0.001470781788,4.604511542
complex,200,8,1600,0.5,109,doi_nonprivate_generic,spillover_treated,0.1731328632,0.1768197277,0.003686864521,True,74,0.001470781788,4.604511542
complex,200,8,1600,0.5,109,doi_private_generic,direct_low,0.09860674353,-0.1080584299,-0.2066651734,True,43,0.0001001017662,4.033495575
complex,200,8,1600,0.5,109,doi_private_generic,direct_high,0.1616022877,-0.1535777069,-0.3151799946,True,43,0.0001001017662,4.033495575
complex,200,8,1600,0.5,109,doi_private_generic,spillover_control,0.110137319,0.1714644019,0.06132708286,True,43,0.0001001017662,4.033495575
complex,200,8,1600,0.5,109,doi_private_generic,spillover_treated,0.1731328632,0.1259451249,-0.04718773832,True,43,0.0001001017662,4.033495575
complex,200,8,1600,0.5,109,doi_private_no_interference,direct_low,0.09860674353,-0.04450093417,-0.1431076777,True,8,3.413607989e-06,0.6605920415
complex,200,8,1600,0.5,109,doi_private_no_interference,direct_high,0.1616022877,-0.04450093417,-0.2061032218,True,8,3.413607989e-06,0.6605920415
complex,200,8,1600,0.5,109,doi_private_no_interference,spillover_control,0.110137319,0,-0.110137319,True,8,3.413607989e-06,0.6605920415
complex,200,8,1600,0.5,109,doi_private_no_interference,spillover_treated,0.1731328632,0,-0.1731328632,True,8,3.413607989e-06,0.6605920415
complex,200,8,1600,1,109,design_ht,direct_low,0.09860674353,0.001075582328,-0.0975311612,True,0,0,0
complex,200,8,1600,1,109,design_ht,direct_high,0.1616022877,0.1420348795,-0.01956740815,True,0,0,0
complex,200,8,1600,1,109,design_ht,spillover_control,0.110137319,0.03109737952,-0.07903993952,True,0,0,0
complex,200,8,1600,1,109,design_ht,spillover_treated,0.1731328632,0.1720566767,-0.001076186465,True,0,0,0
complex,200,8,1600,1,109,doi_nonprivate_generic,direct_low,0.09860674353,0.09740983115,-0.00119691238,True,74,0.001470781788,4.604511542
complex,200,8,1600,1,109,doi_nonprivate_generic,direct_high,0.1616022877,0.1580354302,-0.003566857513,True,74,0.001470781788,4.604511542
complex,200,8,1600,1,109,doi_nonprivate_generic,spillover_control,0.110137319,0.1161941287,0.006056809654,True,74,0.001470781788,4.604511542
complex,200,8,1600,1,109,doi_nonprivate_generic,spillover_treated,0.1731328632,0.1768197277,0.003686864521,True,74,0.001470781788,4.604511542
complex,200,8,1600,1,109,doi_private_generic,direct_low,0.09860674353,0.009523245937,-0.08908349759,True,65,0.001215698351,3.113127414
complex,200,8,1600,1,109,doi_private_generic,direct_high,0.1616022877,0.1311256672,-0.03047662049,True,65,0.001215698351,3.113127414
complex,200,8,1600,1,109,doi_private_generic,spillover_control,0.110137319,0.09829922768,-0.01183809136,True,65,0.001215698351,3.113127414
complex,200,8,1600,1,109,doi_private_generic,spillover_treated,0.1731328632,0.2199016489,0.04676878575,True,65,0.001215698351,3.113127414
complex,200,8,1600,1,109,doi_private_no_interference,direct_low,0.09860674353,0.1602368014,0.06163005789,True,9,4.832767392e-05,1.579763333
complex,200,8,1600,1,109,doi_private_no_interference,direct_high,0.1616022877,0.1602368014,-0.001365486257,True,9,4.832767392e-05,1.579763333
complex,200,8,1600,1,109,doi_private_no_interference,spillover_control,0.110137319,0,-0.110137319,True,9,4.832767392e-05,1.579763333
complex,200,8,1600,1,109,doi_private_no_interference,spillover_treated,0.1731328632,0,-0.1731328632,True,9,4.832767392e-05,1.579763333
complex,200,8,1600,2,109,design_ht,direct_low,0.09860674353,0.1327574993,0.03415075578,True,0,0,0
complex,200,8,1600,2,109,design_ht,direct_high,0.1616022877,0.1905967636,0.02899447591,True,0,0,0
complex,200,8,1600,2,109,design_ht,spillover_control,0.110137319,-0.02702485336,-0.1371621724,True,0,0,0
complex,200,8,1600,2,109,design_ht,spillover_treated,0.1731328632,0.03081441092,-0.1423184523,True,0,0,0
complex,200,8,1600,2,109,doi_nonprivate_generic,direct_low,0.09860674353,0.09740983115,-0.00119691238,True,74,0.001470781788,4.604511542
complex,200,8,1600,2,109,doi_nonprivate_generic,direct_high,0.1616022877,0.1580354302,-0.003566857513,True,74,0.001470781788,4.604511542
complex,200,8,1600,2,109,doi_nonprivate_generic,spillover_control,0.110137319,0.1161941287,0.006056809654,True,74,0.001470781788,4.604511542
complex,200,8,1600,2,109,doi_nonprivate_generic,spillover_treated,0.1731328632,0.1768197277,0.003686864521,True,74,0.001470781788,4.604511542
complex,200,8,1600,2,109,doi_private_generic,direct_low,0.09860674353,0.1258936435,0.02728689998,True,59,0.002105423771,6.994726994
complex,200,8,1600,2,109,doi_private_generic,direct_high,0.1616022877,0.1299339499,-0.03166833776,True,59,0.002105423771,6.994726994
complex,200,8,1600,2,109,doi_private_generic,spillover_control,0.110137319,0.09990622587,-0.01023109317,True,59,0.002105423771,6.994726994
complex,200,8,1600,2,109,doi_private_generic,spillover_treated,0.1731328632,0.1039465323,-0.06918633091,True,59,0.002105423771,6.994726994
complex,200,8,1600,2,109,doi_private_no_interference,direct_low,0.09860674353,0.1894798257,0.0908730822,True,10,9.435150731e-06,1.760721116
complex,200,8,1600,2,109,doi_private_no_interference,direct_high,0.1616022877,0.1894798257,0.02787753806,True,10,9.435150731e-06,1.760721116
complex,200,8,1600,2,109,doi_private_no_interference,spillover_control,0.110137319,0,-0.110137319,True,10,9.435150731e-06,1.760721116
complex,200,8,1600,2,109,doi_private_no_interference,spillover_treated,0.1731328632,0,-0.1731328632,True,10,9.435150731e-06,1.760721116
complex,200,8,1600,0.5,110,design_ht,direct_low,0.09860674353,0.3564218518,0.2578151083,True,0,0,0
complex,200,8,1600,0.5,110,design_ht,direct_high,0.1616022877,0.05981913367,-0.101783154,True,0,0,0
complex,200,8,1600,0.5,110,design_ht,spillover_control,0.110137319,0.1955037676,0.08536644852,True,0,0,0
complex,200,8,1600,0.5,110,design_ht,spillover_treated,0.1731328632,-0.1010989506,-0.2742318138,True,0,0,0
complex,200,8,1600,0.5,110,doi_nonprivate_generic,direct_low,0.09860674353,0.09751786593,-0.001088877606,True,88,0.005532336775,4.574940598
complex,200,8,1600,0.5,110,doi_nonprivate_generic,direct_high,0.1616022877,0.1602761803,-0.001326107347,True,88,0.005532336775,4.574940598
complex,200,8,1600,0.5,110,doi_nonprivate_generic,spillover_control,0.110137319,0.1122944948,0.002157175769,True,88,0.005532336775,4.574940598
complex,200,8,1600,0.5,110,doi_nonprivate_generic,spillover_treated,0.1731328632,0.1750528092,0.001919946028,True,88,0.005532336775,4.574940598
complex,200,8,1600,0.5,110,doi_private_generic,direct_low,0.09860674353,0.1228399162,0.02423317268,True,37,0.002123148714,2.575745245
complex,200,8,1600,0.5,110,doi_private_generic,direct_high,0.1616022877,0.1567785122,-0.004823775429,True,37,0.002123148714,2.575745245
complex,200,8,1600,0.5,110,doi_private_generic,spillover_control,0.110137319,0.09609456689,-0.01404275215,True,37,0.002123148714,2.575745245
complex,200,8,1600,0.5,110,doi_private_generic,spillover_treated,0.1731328632,0.1300331629,-0.04309970025,True,37,0.002123148714,2.575745245
complex,200,8,1600,0.5,110,doi_private_no_interference,direct_low,0.09860674353,0.1950549702,0.09644822668,True,8,3.019490912e-06,1.214644593
complex,200,8,1600,0.5,110,doi_private_no_interference,direct_high,0.1616022877,0.1950549702,0.03345268254,True,8,3.019490912e-06,1.214644593
complex,200,8,1600,0.5,110,doi_private_no_interference,spillover_control,0.110137319,0,-0.110137319,True,8,3.019490912e-06,1.214644593
complex,200,8,1600,0.5,110,doi_private_no_interference,spillover_treated,0.1731328632,0,-0.1731328632,True,8,3.019490912e-06,1.214644593
complex,200,8,1600,1,110,design_ht,direct_low,0.09860674353,0.1076462563,0.009039512745,True,0,0,0
complex,200,8,1600,1,110,design_ht,direct_high,0.1616022877,0.04606921813,-0.1155330695,True,0,0,0
complex,200,8,1600,1,110,design_ht,spillover_control,0.110137319,0.3116433446,0.2015060256,True,0,0,0
complex,200,8,1600,1,110,design_ht,spillover_treated,0.1731328632,0.2500663065,0.0769334433,True,0,0,0
complex,200,8,1600,1,110,doi_nonprivate_generic,direct_low,0.09860674353,0.09751786593,-0.001088877606,True,88,0.005532336775,4.574940598
complex,200,8,1600,1,110,doi_nonprivate_generic,direct_high,0.1616022877,0.1602761803,-0.001326107347,True,88,0.005532336775,4.574940598
complex,200,8,1600,1,110,doi_nonprivate_generic,spillover_control,0.110137319,0.1122944948,0.002157175769,True,88,0.005532336775,4.574940598
complex,200,8,1600,1,110,doi_nonprivate_generic,spillover_treated,0.1731328632,0.1750528092,0.001919946028,True,88,0.005532336775,4.574940598
complex,200,8,1600,1,110,doi_private_generic,direct_low,0.09860674353,0.0660885117,-0.03251823184,True,56,0.001485894372,3.248807559
complex,200,8,1600,1,110,doi_private_generic,direct_high,0.1616022877,0.09570865995,-0.06589362773,True,56,0.001485894372,3.248807559
complex,200,8,1600,1,110,doi_private_generic,spillover_control,0.110137319,0.2276220061,0.117484687,True,56,0.001485894372,3.248807559
complex,200,8,1600,1,110,doi_private_generic,spillover_treated,0.1731328632,0.2572421543,0.08410929114,True,56,0.001485894372,3.248807559
complex,200,8,1600,1,110,doi_private_no_interference,direct_low,0.09860674353,0.2107951892,0.1121884457,True,10,9.651467183e-05,1.865056393
complex,200,8,1600,1,110,doi_private_no_interference,direct_high,0.1616022877,0.2107951892,0.04919290154,True,10,9.651467183e-05,1.865056393
complex,200,8,1600,1,110,doi_private_no_interference,spillover_control,0.110137319,0,-0.110137319,True,10,9.651467183e-05,1.865056393
complex,200,8,1600,1,110,doi_private_no_interference,spillover_treated,0.1731328632,0,-0.1731328632,True,10,9.651467183e-05,1.865056393
complex,200,8,1600,2,110,design_ht,direct_low,0.09860674353,0.17430647,0.07569972643,True,0,0,0
complex,200,8,1600,2,110,design_ht,direct_high,0.1616022877,0.1370502927,-0.02455199496,True,0,0,0
complex,200,8,1600,2,110,design_ht,spillover_control,0.110137319,0.1609917646,0.05085444558,True,0,0,0
complex,200,8,1600,2,110,design_ht,spillover_treated,0.1731328632,0.1237355874,-0.04939727582,True,0,0,0
complex,200,8,1600,2,110,doi_nonprivate_generic,direct_low,0.09860674353,0.09751786593,-0.001088877606,True,88,0.005532336775,4.574940598
complex,200,8,1600,2,110,doi_nonprivate_generic,direct_high,0.1616022877,0.1602761803,-0.001326107347,True,88,0.005532336775,4.574940598
complex,200,8,1600,2,110,doi_nonprivate_generic,spillover_control,0.110137319,0.1122944948,0.002157175769,True,88,0.005532336775,4.574940598
complex,200,8,1600,2,110,doi_nonprivate_generic,spillover_treated,0.1731328632,0.1750528092,0.001919946028,True,88,0.005532336775,4.574940598
complex,200,8,1600,2,110,doi_private_generic,direct_low,0.09860674353,0.08471284373,-0.0138938998,True,73,0.001563858955,7.673866272
complex,200,8,1600,2,110,doi_private_generic,direct_high,0.1616022877,0.158261187,-0.003341100706,True,73,0.001563858955,7.673866272
complex,200,8,1600,2,110,doi_private_generic,spillover_control,0.110137319,0.1299638991,0.01982658004,True,73,0.001563858955,7.673866272
complex,200,8,1600,2,110,doi_private_generic,spillover_treated,0.1731328632,0.2035122423,0.03037937913,True,73,0.001563858955,7.673866272
complex,200,8,1600,2,110,doi_private_no_interference,direct_low,0.09860674353,0.2022890865,0.103682343,True,10,1.714664378e-05,1.771393353
complex,200,8,1600,2,110,doi_private_no_interference,direct_high,0.1616022877,0.2022890865,0.04068679886,True,10,1.714664378e-05,1.771393353
complex,200,8,1600,2,110,doi_private_no_interference,spillover_control,0.110137319,0,-0.110137319,True,10,1.714664378e-05,1.771393353
complex,200,8,1600,2,110,doi_private_no_interference,spillover_treated,0.1731328632,0,-0.1731328632,True,10,1.714664378e-05,1.771393353
complex,200,8,1600,0.5,111,design_ht,direct_low,0.09860674353,0.1445831407,0.04597639716,True,0,0,0
complex,200,8,1600,0.5,111,design_ht,direct_high,0.1616022877,0.1440028661,-0.01759942156,True,0,0,0
complex,200,8,1600,0.5,111,design_ht,spillover_control,0.110137319,-0.02910722542,-0.1392445445,True,0,0,0
complex,200,8,1600,0.5,111,design_ht,spillover_treated,0.1731328632,-0.0296875,-0.2028203632,True,0,0,0
complex,200,8,1600,0.5,111,doi_nonprivate_generic,direct_low,0.09860674353,0.09799106906,-0.0006156744754,True,68,0.0100297606,4.625589445
complex,200,8,1600,0.5,111,doi_nonprivate_generic,direct_high,0.1616022877,0.1570210612,-0.004581226489,True,68,0.0100297606,4.625589445
complex,200,8,1600,0.5,111,doi_nonprivate_generic,spillover_control,0.110137319,0.1152884765,0.005151157468,True,68,0.0100297606,4.625589445
complex,200,8,1600,0.5,111,doi_nonprivate_generic,spillover_treated,0.1731328632,0.1743184686,0.001185605454,True,68,0.0100297606,4.625589445
complex,200,8,1600,0.5,111,doi_private_generic,direct_low,0.09860674353,0.06098545952,-0.03762128401,True,63,0.0003090249908,4.643884711
complex,200,8,1600,0.5,111,doi_private_generic,direct_high,0.1616022877,0.08441195022,-0.07719033746,True,63,0.0003090249908,4.643884711
complex,200,8,1600,0.5,111,doi_private_generic,spillover_control,0.110137319,0.0950521663,-0.01508515274,True,63,0.0003090249908,4.643884711
complex,200,8,1600,0.5,111,doi_private_generic,spillover_treated,0.1731328632,0.118478657,-0.05465420618,True,63,0.0003090249908,4.643884711
complex,200,8,1600,0.5,111,doi_private_no_interference,direct_low,0.09860674353,0.150777725,0.05217098151,True,12,2.916537782e-06,1.372465574
complex,200,8,1600,0.5,111,doi_private_no_interference,direct_high,0.1616022877,0.150777725,-0.01082456263,True,12,2.916537782e-06,1.372465574
complex,200,8,1600,0.5,111,doi_private_no_interference,spillover_control,0.110137319,0,-0.110137319,True,12,2.916537782e-06,1.372465574
complex,200,8,1600,0.5,111,doi_private_no_interference,spillover_treated,0.1731328632,0,-0.1731328632,True,12,2.916537782e-06,1.372465574
complex,200,8,1600,1,111,design_ht,direct_low,0.09860674353,0.05421420557,-0.04439253796,True,0,0,0
complex,200,8,1600,1,111,design_ht,direct_high,0.1616022877,0.1966969428,0.0350946551,True,0,0,0
complex,200,8,1600,1,111,design_ht,spillover_control,0.110137319,0.05774981301,-0.05238750603,True,0,0,0
complex,200,8,1600,1,111,design_ht,spillover_treated,0.1731328632,0.2002325502,0.02709968703,True,0,0,0
complex,200,8,1600,1,111,doi_nonprivate_generic,direct_low,0.09860674353,0.09799106906,-0.0006156744754,True,68,0.0100297606,4.625589445
complex,200,8,1600,1,111,doi_nonprivate_generic,direct_high,0.1616022877,0.1570210612,-0.004581226489,True,68,0.0100297606,4.625589445
complex,200,8,1600,1,111,doi_nonprivate_generic,spillover_control,0.110137319,0.1152884765,0.005151157468,True,68,0.0100297606,4.625589445
complex,200,8,1600,1,111,doi_nonprivate_generic,spillover_treated,0.1731328632,0.1743184686,0.001185605454,True,68,0.0100297606,4.625589445
complex,200,8,1600,1,111,doi_private_generic,direct_low,0.09860674353,0.04622074102,-0.05238600251,True,74,0.001154415538,3.953151394
complex,200,8,1600,1,111,doi_private_generic,direct_high,0.1616022877,0.1670465774,0.005444289709,True,74,0.001154415538,3.953151394
complex,200,8,1600,1,111,doi_private_generic,spillover_control,0.110137319,0.1018031703,-0.008334148787,True,74,0.001154415538,3.953151394
complex,200,8,1600,1,111,doi_private_generic,spillover_treated,0.1731328632,0.2226290066,0.04949614343,True,74,0.001154415538,3.953151394
complex,200,8,1600,1,111,doi_private_no_interference,direct_low,0.09860674353,0.2111317325,0.112524989,True,10,9.917982786e-06,1.757121835
complex,200,8,1600,1,111,doi_private_no_interference,direct_high,0.1616022877,0.2111317325,0.04952944484,True,10,9.917982786e-06,1.757121835
complex,200,8,1600,1,111,doi_private_no_interference,spillover_control,0.110137319,0,-0.110137319,True,10,9.917982786e-06,1.757121835
complex,200,8,1600,1,111,doi_private_no_interference,spillover_treated,0.1731328632,0,-0.1731328632,True,10,9.917982786e-06,1.757121835
complex,200,8,1600,2,111,design_ht,direct_low,0.09860674353,0.03649426439,-0.06211247914,True,0,0,0
complex,200,8,1600,2,111,design_ht,direct_high,0.1616022877,0.2742105868,0.1126082991,True,0,0,0
complex,200,8,1600,2,111,design_ht,spillover_control,0.110137319,-0.03557102981,-0.1457083488,True,0,0,0
complex,200,8,1600,2,111,design_ht,spillover_treated,0.1731328632,0.2021452926,0.02901242941,True,0,0,0
complex,200,8,1600,2,111,doi_nonprivate_generic,direct_low,0.09860674353,0.09799106906,-0.0006156744754,True,68,0.0100297606,4.625589445
complex,200,8,1600,2,111,doi_nonprivate_generic,direct_high,0.1616022877,0.1570210612,-0.004581226489,True,68,0.0100297606,4.625589445
complex,200,8,1600,2,111,doi_nonprivate_generic,spillover_control,0.110137319,0.1152884765,0.005151157468,True,68,0.0100297606,4.625589445
complex,200,8,1600,2,111,doi_nonprivate_generic,spillover_treated,0.1731328632,0.1743184686,0.001185605454,True,68,0.0100297606,4.625589445
complex,200,8,1600,2,111,doi_private_generic,direct_low,0.09860674353,0.02841128589,-0.07019545764,True,73,0.003138944269,4.027886388
complex,200,8,1600,2,111,doi_private_generic,direct_high,0.1616022877,0.2263458337,0.06474354598,True,73,0.003138944269,4.027886388
complex,200,8,1600,2,111,doi_private_generic,spillover_control,0.110137319,0.03435576657,-0.07578155247,True,73,0.003138944269,4.027886388
complex,200,8,1600,2,111,doi_private_generic,spillover_treated,0.1731328632,0.2322903143,0.05915745115,True,73,0.003138944269,4.027886388
complex,200,8,1600,2,111,doi_private_no_interference,direct_low,0.09860674353,0.2101672426,0.111560499,True,10,0.0001015760396,2.231505508
complex,200,8,1600,2,111,doi_private_no_interference,direct_high,0.1616022877,0.2101672426,0.04856495489,True,10,0.0001015760396,2.231505508
complex,200,8,1600,2,111,doi_private_no_interference,spillover_control,0.110137319,0,-0.110137319,True,10,0.0001015760396,2.231505508
complex,200,8,1600,2,111,doi_private_no_interference,spillover_treated,0.1731328632,0,-0.1731328632,True,10,0.0001015760396,2.231505508
complex,200,8,1600,0.5,112,design_ht,direct_low,0.09860674353,0.09920904214,0.000602298611,True,0,0,0
complex,200,8,1600,0.5,112,design_ht,direct_high,0.1616022877,0.4733921967,0.311789909,True,0,0,0
complex,200,8,1600,0.5,112,design_ht,spillover_control,0.110137319,-0.1955524223,-0.3056897413,True,0,0,0
complex,200,8,1600,0.5,112,design_ht,spillover_treated,0.1731328632,0.1786307322,0.00549786904,True,0,0,0
complex,200,8,1600,0.5,112,doi_nonprivate_generic,direct_low,0.09860674353,0.09901993624,0.0004131927119,True,60,0.01301597237,4.705637121
complex,200,8,1600,0.5,112,doi_nonprivate_generic,direct_high,0.1616022877,0.1617711801,0.0001688924359,True,60,0.01301597237,4.705637121
complex,200,8,1600,0.5,112,doi_nonprivate_generic,spillover_control,0.110137319,0.1134461134,0.003308794388,True,60,0.01301597237,4.705637121
complex,200,8,1600,0.5,112,doi_nonprivate_generic,spillover_treated,0.1731328632,0.1761973573,0.003064494112,True,60,0.01301597237,4.705637121
complex,200,8,1600,0.5,112,doi_private_generic,direct_low,0.09860674353,0.2173067708,0.1187000273,True,36,0.002142547308,3.513189253
complex,200,8,1600,0.5,112,doi_private_generic,direct_high,0.1616022877,0.4110021137,0.249399826,True,36,0.002142547308,3.513189253
complex,200,8,1600,0.5,112,doi_private_generic,spillover_control,0.110137319,-0.1028135323,-0.2129508514,True,36,0.002142547308,3.513189253
complex,200,8,1600,0.5,112,doi_private_generic,spillover_treated,0.1731328632,0.09088181058,-0.0822510526,True,36,0.002142547308,3.513189253
complex,200,8,1600,0.5,112,doi_private_no_interference,direct_low,0.09860674353,0.3172806618,0.2186739183,True,10,1.949003231e-05,2.882923698
complex,200,8,1600,0.5,112,doi_private_no_interference,direct_high,0.1616022877,0.3172806618,0.1556783741,True,10,1.949003231e-05,2.882923698
complex,200,8,1600,0.5,112,doi_private_no_interference,spillover_control,0.110137319,0,-0.110137319,True,10,1.949003231e-05,2.882923698
complex,200,8,1600,0.5,112,doi_private_no_interference,spillover_treated,0.1731328632,0,-0.1731328632,True,10,1.949003231e-05,2.882923698
complex,200,8,1600,1,112,design_ht,direct_low,0.09860674353,0.27515624,0.1765494964,True,0,0,0
complex,200,8,1600,1,112,design_ht,direct_high,0.1616022877,0.2519494804,0.09034719276,True,0,0,0
complex,200,8,1600,1,112,design_ht,spillover_control,0.110137319,0.09421148093,-0.01592583811,True,0,0,0
complex,200,8,1600,1,112,design_ht,spillover_treated,0.1731328632,0.07100472139,-0.1021281418,True,0,0,0
complex,200,8,1600,1,112,doi_nonprivate_generic,direct_low,0.09860674353,0.09901993624,0.0004131927119,True,60,0.01301597237,4.705637121
complex,200,8,1600,1,112,doi_nonprivate_generic,direct_high,0.1616022877,0.1617711801,0.0001688924359,True,60,0.01301597237,4.705637121
complex,200,8,1600,1,112,doi_nonprivate_generic,spillover_control,0.110137319,0.1134461134,0.003308794388,True,60,0.01301597237,4.705637121
complex,200,8,1600,1,112,doi_nonprivate_generic,spillover_treated,0.1731328632,0.1761973573,0.003064494112,True,60,0.01301597237,4.705637121
complex,200,8,1600,1,112,doi_private_generic,direct_low,0.09860674353,0.2744976052,0.1758908617,True,68,0.001037083724,4.564115785
complex,200,8,1600,1,112,doi_private_generic,direct_high,0.1616022877,0.28854813,0.1269458423,True,68,0.001037083724,4.564115785
complex,200,8,1600,1,112,doi_private_generic,spillover_control,0.110137319,0.09415693146,-0.01598038758,True,68,0.001037083724,4.564115785
complex,200,8,1600,1,112,doi_private_generic,spillover_treated,0.1731328632,0.1082074563,-0.0649254069,True,68,0.001037083724,4.564115785
complex,200,8,1600,1,112,doi_private_no_interference,direct_low,0.09860674353,0.3368137877,0.2382070441,True,10,8.448651943e-05,1.883110129
complex,200,8,1600,1,112,doi_private_no_interference,direct_high,0.1616022877,0.3368137877,0.1752115,True,10,8.448651943e-05,1.883110129
complex,200,8,1600,1,112,doi_private_no_interference,spillover_control,0.110137319,0,-0.110137319,True,10,8.448651943e-05,1.883110129
complex,200,8,1600,1,112,doi_private_no_interference,spillover_treated,0.1731328632,0,-0.1731328632,True,10,8.448651943e-05,1.883110129
complex,200,8,1600,2,112,design_ht,direct_low,0.09860674353,0.01309764687,-0.08550909666,True,0,0,0
complex,200,8,1600,2,112,design_ht,direct_high,0.1616022877,0.1529198515,-0.008682436147,True,0,0,0
complex,200,8,1600,2,112,design_ht,spillover_control,0.110137319,0.07559764687,-0.03453967217,True,0,0,0
complex,200,8,1600,2,112,design_ht,spillover_treated,0.1731328632,0.2154198515,0.04228698834,True,0,0,0
complex,200,8,1600,2,112,doi_nonprivate_generic,direct_low,0.09860674353,0.09901993624,0.0004131927119,True,60,0.01301597237,4.705637121
complex,200,8,1600,2,112,doi_nonprivate_generic,direct_high,0.1616022877,0.1617711801,0.0001688924359,True,60,0.01301597237,4.705637121
complex,200,8,1600,2,112,doi_nonprivate_generic,spillover_control,0.110137319,0.1134461134,0.003308794388,True,60,0.01301597237,4.705637121
complex,200,8,1600,2,112,doi_nonprivate_generic,spillover_treated,0.1731328632,0.1761973573,0.003064494112,True,60,0.01301597237,4.705637121
complex,200,8,1600,2,112,doi_private_generic,direct_low,0.09860674353,0.0166211846,-0.08198555894,True,71,0.003623324847,4.746466535
complex,200,8,1600,2,112,doi_private_generic,direct_high,0.1616022877,0.1728091403,0.01120685259,True,71,0.003623324847,4.746466535
complex,200,8,1600,2,112,doi_private_generic,spillover_control,0.110137319,0.09439770025,-0.01573961879,True,71,0.003623324847,4.746466535
complex,200,8,1600,2,112,doi_private_generic,spillover_treated,0.1731328632,0.2505856559,0.07745279275,True,71,0.003623324847,4.746466535
complex,200,8,1600,2,112,doi_private_no_interference,direct_low,0.09860674353,0.1916848088,0.09307806529,True,10,6.175084619e-06,1.477301539
complex,200,8,1600,2,112,doi_private_no_interference,direct_high,0.1616022877,0.1916848088,0.03008252115,True,10,6.175084619e-06,1.477301539
complex,200,8,1600,2,112,doi_private_no_interference,spillover_control,0.110137319,0,-0.110137319,True,10,6.175084619e-06,1.477301539
complex,200,8,1600,2,112,doi_private_no_interference,spillover_treated,0.1731328632,0,-0.1731328632,True,10,6.175084619e-06,1.477301539
complex,200,8,1600,0.5,113,design_ht,direct_low,0.09860674353,0.1208863027,0.02227955915,True,0,0,0
complex,200,8,1600,0.5,113,design_ht,direct_high,0.1616022877,0.00110542252,-0.1604968652,True,0,0,0
complex,200,8,1600,0.5,113,design_ht,spillover_control,0.110137319,-0.00670707748,-0.1168443965,True,0,0,0
complex,200,8,1600,0.5,113,design_ht,spillover_treated,0.1731328632,-0.1264879576,-0.2996208208,True,0,0,0
complex,200,8,1600,0.5,113,doi_nonprivate_generic,direct_low,0.09860674353,0.09823004095,-0.0003767025825,True,59,0.00331650185,4.617508943
complex,200,8,1600,0.5,113,doi_nonprivate_generic,direct_high,0.1616022877,0.1594225613,-0.00217972638,True,59,0.00331650185,4.617508943
complex,200,8,1600,0.5,113,doi_nonprivate_generic,spillover_control,0.110137319,0.1144533764,0.004316057381,True,59,0.00331650185,4.617508943
complex,200,8,1600,0.5,113,doi_nonprivate_generic,spillover_treated,0.1731328632,0.1756458968,0.002513033584,True,59,0.00331650185,4.617508943
complex,200,8,1600,0.5,113,doi_private_generic,direct_low,0.09860674353,0.1384922136,0.03988547009,True,44,0.001381043511,4.18784968
complex,200,8,1600,0.5,113,doi_private_generic,direct_high,0.1616022877,-0.02540745997,-0.1870097476,True,44,0.001381043511,4.18784968
complex,200,8,1600,0.5,113,doi_private_generic,spillover_control,0.110137319,0.0853933932,-0.02474392584,True,44,0.001381043511,4.18784968
complex,200,8,1600,0.5,113,doi_private_generic,spillover_treated,0.1731328632,-0.0785062804,-0.2516391436,True,44,0.001381043511,4.18784968
complex,200,8,1600,0.5,113,doi_private_no_interference,direct_low,0.09860674353,0.05466718845,-0.04393955508,True,7,7.497771792e-05,1.787138043
complex,200,8,1600,0.5,113,doi_private_no_interference,direct_high,0.1616022877,0.05466718845,-0.1069350992,True,7,7.497771792e-05,1.787138043
complex,200,8,1600,0.5,113,doi_private_no_interference,spillover_control,0.110137319,0,-0.110137319,True,7,7.497771792e-05,1.787138043
complex,200,8,1600,0.5,113,doi_private_no_interference,spillover_treated,0.1731328632,0,-0.1731328632,True,7,7.497771792e-05,1.787138043
complex,200,8,1600,1,113,design_ht,direct_low,0.09860674353,0.2427661609,0.1441594174,True,0,0,0
complex,200,8,1600,1,113,design_ht,direct_high,0.1616022877,0.2911527874,0.1295504997,True,0,0,0
complex,200,8,1600,1,113,design_ht,spillover_control,0.110137319,-0.05477743349,-0.1649147525,True,0,0,0
complex,200,8,1600,1,113,design_ht,spillover_treated,0.1731328632,-0.006390806978,-0.1795236702,True,0,0,0
complex,200,8,1600,1,113,doi_nonprivate_generic,direct_low,0.09860674353,0.09823004095,-0.0003767025825,True,59,0.00331650185,4.617508943
complex,200,8,1600,1,113,doi_nonprivate_generic,direct_high,0.1616022877,0.1594225613,-0.00217972638,True,59,0.00331650185,4.617508943
complex,200,8,1600,1,113,doi_nonprivate_generic,spillover_control,0.110137319,0.1144533764,0.004316057381,True,59,0.00331650185,4.617508943
complex,200,8,1600,1,113,doi_nonprivate_generic,spillover_treated,0.1731328632,0.1756458968,0.002513033584,True,59,0.00331650185,4.617508943
complex,200,8,1600,1,113,doi_private_generic,direct_low,0.09860674353,0.2598079017,0.1612011582,True,97,0.0009352551499,4.177736636
complex,200,8,1600,1,113,doi_private_generic,direct_high,0.1616022877,0.2340013933,0.0723991056,True,97,0.0009352551499,4.177736636
complex,200,8,1600,1,113,doi_private_generic,spillover_control,0.110137319,0.05648153142,-0.05365578762,True,97,0.0009352551499,4.177736636
complex,200,8,1600,1,113,doi_private_generic,spillover_treated,0.1731328632,0.03067502295,-0.1424578402,True,97,0.0009352551499,4.177736636
complex,200,8,1600,1,113,doi_private_no_interference,direct_low,0.09860674353,0.2729903306,0.1743835871,True,12,6.048429561e-06,1.961799039
complex,200,8,1600,1,113,doi_private_no_interference,direct_high,0.1616022877,0.2729903306,0.1113880429,True,12,6.048429561e-06,1.961799039
complex,200,8,1600,1,113,doi_private_no_interference,spillover_control,0.110137319,0,-0.110137319,True,12,6.048429561e-06,1.961799039
complex,200,8,1600,1,113,doi_private_no_interference,spillover_treated,0.1731328632,0,-0.1731328632,True,12,6.048429561e-06,1.961799039
complex,200,8,1600,2,113,design_ht,direct_low,0.09860674353,0.08505367576,-0.01355306777,True,0,0,0
complex,200,8,1600,2,113,design_ht,direct_high,0.1616022877,0.08055646996,-0.08104581771,True,0,0,0
complex,200,8,1600,2,113,design_ht,spillover_control,0.110137319,0.1260860284,0.0159487094,True,0,0,0
complex,200,8,1600,2,113,design_ht,spillover_treated,0.1731328632,0.1215888226,-0.05154404055,True,0,0,0
complex,200,8,1600,2,113,doi_nonprivate_generic,direct_low,0.09860674353,0.09823004095,-0.0003767025825,True,59,0.00331650185,4.617508943
complex,200,8,1600,2,113,doi_nonprivate_generic,direct_high,0.1616022877,0.1594225613,-0.00217972638,True,59,0.00331650185,4.617508943
complex,200,8,1600,2,113,doi_nonprivate_generic,spillover_control,0.110137319,0.1144533764,0.004316057381,True,59,0.00331650185,4.617508943
complex,200,8,1600,2,113,doi_nonprivate_generic,spillover_treated,0.1731328632,0.1756458968,0.002513033584,True,59,0.00331650185,4.617508943
complex,200,8,1600,2,113,doi_private_generic,direct_low,0.09860674353,0.08212896139,-0.01647778214,True,79,0.000876365324,2.574124398
complex,200,8,1600,2,113,doi_private_generic,direct_high,0.1616022877,0.1070301562,-0.05457213147,True,79,0.000876365324,2.574124398
complex,200,8,1600,2,113,doi_private_generic,spillover_control,0.110137319,0.1420967098,0.03195939078,True,79,0.000876365324,2.574124398
complex,200,8,1600,2,113,doi_private_generic,spillover_treated,0.1731328632,0.1669979046,-0.006134958553,True,79,0.000876365324,2.574124398
complex,200,8,1600,2,113,doi_private_no_interference,direct_low,0.09860674353,0.1851921742,0.08658543071,True,8,3.781462431e-05,1.376149479
complex,200,8,1600,2,113,doi_private_no_interference,direct_high,0.1616022877,0.1851921742,0.02358988657,True,8,3.781462431e-05,1.376149479
complex,200,8,1600,2,113,doi_private_no_interference,spillover_control,0.110137319,0,-0.110137319,True,8,3.781462431e-05,1.376149479
complex,200,8,1600,2,113,doi_private_no_interference,spillover_treated,0.1731328632,0,-0.1731328632,True,8,3.781462431e-05,1.376149479
complex,200,8,1600,0.5,114,design_ht,direct_low,0.09860674353,-0.1520747041,-0.2506814477,True,0,0,0
complex,200,8,1600,0.5,114,design_ht,direct_high,0.1616022877,0.3603799925,0.1987777049,True,0,0,0
complex,200,8,1600,0.5,114,design_ht,spillover_control,0.110137319,-0.008843380159,-0.1189806992,True,0,0,0
complex,200,8,1600,0.5,114,design_ht,spillover_treated,0.1731328632,0.5036113165,0.3304784533,True,0,0,0
complex,200,8,1600,0.5,114,doi_nonprivate_generic,direct_low,0.09860674353,0.09870758133,0.0001008377956,True,64,0.001670846842,4.717751727
complex,200,8,1600,0.5,114,doi_nonprivate_generic,direct_high,0.1616022877,0.1587197388,-0.002882548916,True,64,0.001670846842,4.717751727
complex,200,8,1600,0.5,114,doi_nonprivate_generic,spillover_control,0.110137319,0.114931566,0.004794246949,True,64,0.001670846842,4.717751727
complex,200,8,1600,0.5,114,doi_nonprivate_generic,spillover_treated,0.1731328632,0.1749437234,0.001810860237,True,64,0.001670846842,4.717751727
complex,200,8,1600,0.5,114,doi_private_generic,direct_low,0.09860674353,-0.1714641189,-0.2700708625,True,58,0.0003820545314,7.901043772
complex,200,8,1600,0.5,114,doi_private_generic,direct_high,0.1616022877,0.3495541976,0.1879519099,True,58,0.0003820545314,7.901043772
complex,200,8,1600,0.5,114,doi_private_generic,spillover_control,0.110137319,-0.02960698058,-0.1397442996,True,58,0.0003820545314,7.901043772
complex,200,8,1600,0.5,114,doi_private_generic,spillover_treated,0.1731328632,0.4914113359,0.3182784728,True,58,0.0003820545314,7.901043772
complex,200,8,1600,0.5,114,doi_private_no_interference,direct_low,0.09860674353,0.2485225432,0.1499157997,True,8,1.550515659e-05,1.153986492
complex,200,8,1600,0.5,114,doi_private_no_interference,direct_high,0.1616022877,0.2485225432,0.08692025553,True,8,1.550515659e-05,1.153986492
complex,200,8,1600,0.5,114,doi_private_no_interference,spillover_control,0.110137319,0,-0.110137319,True,8,1.550515659e-05,1.153986492
complex,200,8,1600,0.5,114,doi_private_no_interference,spillover_treated,0.1731328632,0,-0.1731328632,True,8,1.550515659e-05,1.153986492
complex,200,8,1600,1,114,design_ht,direct_low,0.09860674353,0.0007176581345,-0.0978890854,True,0,0,0
complex,200,8,1600,1,114,design_ht,direct_high,0.1616022877,0.0415225251,-0.1200797626,True,0,0,0
complex,200,8,1600,1,114,design_ht,spillover_control,0.110137319,0.1559429493,0.04580563026,True,0,0,0
complex,200,8,1600,1,114,design_ht,spillover_treated,0.1731328632,0.1967478163,0.02361495309,True,0,0,0
complex,200,8,1600,1,114,doi_nonprivate_generic,direct_low,0.09860674353,0.09870758133,0.0001008377956,True,64,0.001670846842,4.717751727
complex,200,8,1600,1,114,doi_nonprivate_generic,direct_high,0.1616022877,0.1587197388,-0.002882548916,True,64,0.001670846842,4.717751727
complex,200,8,1600,1,114,doi_nonprivate_generic,spillover_control,0.110137319,0.114931566,0.004794246949,True,64,0.001670846842,4.717751727
complex,200,8,1600,1,114,doi_nonprivate_generic,spillover_treated,0.1731328632,0.1749437234,0.001810860237,True,64,0.001670846842,4.717751727
complex,200,8,1600,1,114,doi_private_generic,direct_low,0.09860674353,-0.0782257089,-0.1768324524,True,74,0.001028440236,5.929536146
complex,200,8,1600,1,114,doi_private_generic,direct_high,0.1616022877,0.1767239397,0.015121652,True,74,0.001028440236,5.929536146
complex,200,8,1600,1,114,doi_private_generic,spillover_control,0.110137319,-0.002366529139,-0.1125038482,True,74,0.001028440236,5.929536146
complex,200,8,1600,1,114,doi_private_generic,spillover_treated,0.1731328632,0.2525831194,0.07945025625,True,74,0.001028440236,5.929536146
complex,200,8,1600,1,114,doi_private_no_interference,direct_low,0.09860674353,0.1365698359,0.03796309242,True,10,6.109323591e-06,1.731536499
complex,200,8,1600,1,114,doi_private_no_interference,direct_high,0.1616022877,0.1365698359,-0.02503245172,True,10,6.109323591e-06,1.731536499
complex,200,8,1600,1,114,doi_private_no_interference,spillover_control,0.110137319,0,-0.110137319,True,10,6.109323591e-06,1.731536499
complex,200,8,1600,1,114,doi_private_no_interference,spillover_treated,0.1731328632,0,-0.1731328632,True,10,6.109323591e-06,1.731536499
complex,200,8,1600,2,114,design_ht,direct_low,0.09860674353,0.07104544038,-0.02756130315,True,0,0,0
complex,200,8,1600,2,114,design_ht,direct_high,0.1616022877,-0.04061161786,-0.2022139055,True,0,0,0
complex,200,8,1600,2,114,design_ht,spillover_control,0.110137319,0.3054472047,0.1953098856,True,0,0,0
complex,200,8,1600,2,114,design_ht,spillover_treated,0.1731328632,0.1937901464,0.02065728323,True,0,0,0
complex,200,8,1600,2,114,doi_nonprivate_generic,direct_low,0.09860674353,0.09870758133,0.0001008377956,True,64,0.001670846842,4.717751727
complex,200,8,1600,2,114,doi_nonprivate_generic,direct_high,0.1616022877,0.1587197388,-0.002882548916,True,64,0.001670846842,4.717751727
complex,200,8,1600,2,114,doi_nonprivate_generic,spillover_control,0.110137319,0.114931566,0.004794246949,True,64,0.001670846842,4.717751727
complex,200,8,1600,2,114,doi_nonprivate_generic,spillover_treated,0.1731328632,0.1749437234,0.001810860237,True,64,0.001670846842,4.717751727
complex,200,8,1600,2,114,doi_private_generic,direct_low,0.09860674353,0.1241321592,0.02552541567,True,65,0.001484844301,8.244611955
complex,200,8,1600,2,114,doi_private_generic,direct_high,0.1616022877,0.03195037778,-0.1296519099,True,65,0.001484844301,8.244611955
complex,200,8,1600,2,114,doi_private_generic,spillover_control,0.110137319,0.1945424484,0.08440512939,True,65,0.001484844301,8.244611955
complex,200,8,1600,2,114,doi_private_generic,spillover_treated,0.1731328632,0.102360667,-0.07077219616,True,65,0.001484844301,8.244611955
complex,200,8,1600,2,114,doi_private_no_interference,direct_low,0.09860674353,0.1664192389,0.06781249537,True,10,2.675297917e-06,1.256416111
complex,200,8,1600,2,114,doi_private_no_interference,direct_high,0.1616022877,0.1664192389,0.004816951225,True,10,2.675297917e-06,1.256416111
complex,200,8,1600,2,114,doi_private_no_interference,spillover_control,0.110137319,0,-0.110137319,True,10,2.675297917e-06,1.256416111
complex,200,8,1600,2,114,doi_private_no_interference,spillover_treated,0.1731328632,0,-0.1731328632,True,10,2.675297917e-06,1.256416111
complex,200,8,1600,0.5,115,design_ht,direct_low,0.09860674353,-0.1074850915,-0.2060918351,True,0,0,0
complex,200,8,1600,0.5,115,design_ht,direct_high,0.1616022877,0.2953546828,0.1337523952,True,0,0,0
complex,200,8,1600,0.5,115,design_ht,spillover_control,0.110137319,0.1633396126,0.05320229356,True,0,0,0
complex,200,8,1600,0.5,115,design_ht,spillover_treated,0.1731328632,0.566179387,0.3930465238,True,0,0,0
complex,200,8,1600,0.5,115,doi_nonprivate_generic,direct_low,0.09860674353,0.09812599405,-0.0004807494767,True,97,0.001930738731,4.615121592
complex,200,8,1600,0.5,115,doi_nonprivate_generic,direct_high,0.1616022877,0.1581210622,-0.003481225464,True,97,0.001930738731,4.615121592
complex,200,8,1600,0.5,115,doi_nonprivate_generic,spillover_control,0.110137319,0.1158342356,0.005696916511,True,97,0.001930738731,4.615121592
complex,200,8,1600,0.5,115,doi_nonprivate_generic,spillover_treated,0.1731328632,0.1758293037,0.002696440523,True,97,0.001930738731,4.615121592
complex,200,8,1600,0.5,115,doi_private_generic,direct_low,0.09860674353,0.04913168667,-0.04947505686,True,54,0.001290182923,4.489713153
complex,200,8,1600,0.5,115,doi_private_generic,direct_high,0.1616022877,0.3566522965,0.1950500088,True,54,0.001290182923,4.489713153
complex,200,8,1600,0.5,115,doi_private_generic,spillover_control,0.110137319,-0.07867808167,-0.1888154007,True,54,0.001290182923,4.489713153
complex,200,8,1600,0.5,115,doi_private_generic,spillover_treated,0.1731328632,0.2288425282,0.05570966499,True,54,0.001290182923,4.489713153
complex,200,8,1600,0.5,115,doi_private_no_interference,direct_low,0.09860674353,0.2549368458,0.1563301022,True,9,7.315410616e-05,1.918967194
complex,200,8,1600,0.5,115,doi_private_no_interference,direct_high,0.1616022877,0.2549368458,0.09333455809,True,9,7.315410616e-05,1.918967194
complex,200,8,1600,0.5,115,doi_private_no_interference,spillover_control,0.110137319,0,-0.110137319,True,9,7.315410616e-05,1.918967194
complex,200,8,1600,0.5,115,doi_private_no_interference,spillover_treated,0.1731328632,0,-0.1731328632,True,9,7.315410616e-05,1.918967194
complex,200,8,1600,1,115,design_ht,direct_low,0.09860674353,0.09235555347,-0.006251190061,True,0,0,0
complex,200,8,1600,1,115,design_ht,direct_high,0.1616022877,0.09353288278,-0.06806940489,True,0,0,0
complex,200,8,1600,1,115,design_ht,spillover_control,0.110137319,0.3557785153,0.2456411963,True,0,0,0
complex,200,8,1600,1,115,design_ht,spillover_treated,0.1731328632,0.3569558446,0.1838229815,True,0,0,0
complex,200,8,1600,1,115,doi_nonprivate_generic,direct_low,0.09860674353,0.09812599405,-0.0004807494767,True,97,0.001930738731,4.615121592
complex,200,8,1600,1,115,doi_nonprivate_generic,direct_high,0.1616022877,0.1581210622,-0.003481225464,True,97,0.001930738731,4.615121592
complex,200,8,1600,1,115,doi_nonprivate_generic,spillover_control,0.110137319,0.1158342356,0.005696916511,True,97,0.001930738731,4.615121592
complex,200,8,1600,1,115,doi_nonprivate_generic,spillover_treated,0.1731328632,0.1758293037,0.002696440523,True,97,0.001930738731,4.615121592
complex,200,8,1600,1,115,doi_private_generic,direct_low,0.09860674353,0.1602595158,0.06165277227,True,63,0.007181196417,3.264268893
complex,200,8,1600,1,115,doi_private_generic,direct_high,0.1616022877,0.09991653331,-0.06168575437,True,63,0.007181196417,3.264268893
complex,200,8,1600,1,115,doi_private_generic,spillover_control,0.110137319,0.2279829279,0.1178456088,True,63,0.007181196417,3.264268893
complex,200,8,1600,1,115,doi_private_generic,spillover_treated,0.1731328632,0.1676399454,-0.005492917792,True,63,0.007181196417,3.264268893
complex,200,8,1600,1,115,doi_private_no_interference,direct_low,0.09860674353,0.2575961093,0.1589893657,True,11,8.149704534e-06,2.308972654
complex,200,8,1600,1,115,doi_private_no_interference,direct_high,0.1616022877,0.2575961093,0.0959938216,True,11,8.149704534e-06,2.308972654
complex,200,8,1600,1,115,doi_private_no_interference,spillover_control,0.110137319,0,-0.110137319,True,11,8.149704534e-06,2.308972654
complex,200,8,1600,1,115,doi_private_no_interference,spillover_treated,0.1731328632,0,-0.1731328632,True,11,8.149704534e-06,2.308972654
complex,200,8,1600,2,115,design_ht,direct_low,0.09860674353,-0.006168971107,-0.1047757146,True,0,0,0
complex,200,8,1600,2,115,design_ht,direct_high,0.1616022877,0.2940064688,0.1324041811,True,0,0,0
complex,200,8,1600,2,115,design_ht,spillover_control,0.110137319,0.1543745584,0.04423723932,True,0,0,0
complex,200,8,1600,2,115,design_ht,spillover_treated,0.1731328632,0.4545499983,0.2814171351,True,0,0,0
complex,200,8,1600,2,115,doi_nonprivate_generic,direct_low,0.09860674353,0.09812599405,-0.0004807494767,True,97,0.001930738731,4.615121592
complex,200,8,1600,2,115,doi_nonprivate_generic,direct_high,0.1616022877,0.1581210622,-0.003481225464,True,97,0.001930738731,4.615121592
complex,200,8,1600,2,115,doi_nonprivate_generic,spillover_control,0.110137319,0.1158342356,0.005696916511,True,97,0.001930738731,4.615121592
complex,200,8,1600,2,115,doi_nonprivate_generic,spillover_treated,0.1731328632,0.1758293037,0.002696440523,True,97,0.001930738731,4.615121592
complex,200,8,1600,2,115,doi_private_generic,direct_low,0.09860674353,0.07262848647,-0.02597825706,True,94,0.002907218123,4.30455473
complex,200,8,1600,2,115,doi_private_generic,direct_high,0.1616022877,0.2293518855,0.0677495978,True,94,0.002907218123,4.30455473
complex,200,8,1600,2,115,doi_private_generic,spillover_control,0.110137319,0.110755671,0.0006183520015,True,94,0.002907218123,4.30455473
complex,200,8,1600,2,115,doi_private_generic,spillover_treated,0.1731328632,0.26747907,0.09434620686,True,94,0.002907218123,4.30455473
complex,200,8,1600,2,115,doi_private_no_interference,direct_low,0.09860674353,0.28099298,0.1823862364,True,9,0.0002932020271,1.918150153
complex,200,8,1600,2,115,doi_private_no_interference,direct_high,0.1616022877,0.28099298,0.1193906923,True,9,0.0002932020271,1.918150153
complex,200,8,1600,2,115,doi_private_no_interference,spillover_control,0.110137319,0,-0.110137319,True,9,0.0002932020271,1.918150153
complex,200,8,1600,2,115,doi_private_no_interference,spillover_treated,0.1731328632,0,-0.1731328632,True,9,0.0002932020271,1.918150153
complex,200,8,1600,0.5,116,design_ht,direct_low,0.09860674353,0.009170788631,-0.0894359549,True,0,0,0
complex,200,8,1600,0.5,116,design_ht,direct_high,0.1616022877,-0.03736385909,-0.1989661468,True,0,0,0
complex,200,8,1600,0.5,116,design_ht,spillover_control,0.110137319,0.493260563,0.383123244,True,0,0,0
complex,200,8,1600,0.5,116,design_ht,spillover_treated,0.1731328632,0.4467259153,0.2735930521,True,0,0,0
complex,200,8,1600,0.5,116,doi_nonprivate_generic,direct_low,0.09860674353,0.09965903529,0.001052291756,True,80,0.002374836551,4.674255657
complex,200,8,1600,0.5,116,doi_nonprivate_generic,direct_high,0.1616022877,0.1564354039,-0.005166883779,True,80,0.002374836551,4.674255657
complex,200,8,1600,0.5,116,doi_nonprivate_generic,spillover_control,0.110137319,0.1155403017,0.005402982676,True,80,0.002374836551,4.674255657
complex,200,8,1600,0.5,116,doi_nonprivate_generic,spillover_treated,0.1731328632,0.1723166703,-0.0008161928592,True,80,0.002374836551,4.674255657
complex,200,8,1600,0.5,116,doi_private_generic,direct_low,0.09860674353,0.01563675337,-0.08296999016,True,49,0.000810344232,4.498681208
complex,200,8,1600,0.5,116,doi_private_generic,direct_high,0.1616022877,0.04981769983,-0.1117845878,True,49,0.000810344232,4.498681208
complex,200,8,1600,0.5,116,doi_private_generic,spillover_control,0.110137319,0.2282853186,0.1181479996,True,49,0.000810344232,4.498681208
complex,200,8,1600,0.5,116,doi_private_generic,spillover_treated,0.1731328632,0.2624662651,0.08933340192,True,49,0.000810344232,4.498681208
complex,200,8,1600,0.5,116,doi_private_no_interference,direct_low,0.09860674353,0.2078575297,0.1092507861,True,10,8.753570986e-05,2.046727612
complex,200,8,1600,0.5,116,doi_private_no_interference,direct_high,0.1616022877,0.2078575297,0.04625524198,True,10,8.753570986e-05,2.046727612
complex,200,8,1600,0.5,116,doi_private_no_interference,spillover_control,0.110137319,0,-0.110137319,True,10,8.753570986e-05,2.046727612
complex,200,8,1600,0.5,116,doi_private_no_interference,spillover_treated,0.1731328632,0,-0.1731328632,True,10,8.753570986e-05,2.046727612
complex,200,8,1600,1,116,design_ht,direct_low,0.09860674353,0.04422510417,-0.05438163936,True,0,0,0
complex,200,8,1600,1,116,design_ht,direct_high,0.1616022877,0.1612972339,-0.0003050537336,True,0,0,0
complex,200,8,1600,1,116,design_ht,spillover_control,0.110137319,0.3092360028,0.1990986837,True,0,0,0
complex,200,8,1600,1,116,design_ht,spillover_treated,0.1731328632,0.4263081325,0.2531752694,True,0,0,0
complex,200,8,1600,1,116,doi_nonprivate_generic,direct_low,0.09860674353,0.09965903529,0.001052291756,True,80,0.002374836551,4.674255657
complex,200,8,1600,1,116,doi_nonprivate_generic,direct_high,0.1616022877,0.1564354039,-0.005166883779,True,80,0.002374836551,4.674255657
complex,200,8,1600,1,116,doi_nonprivate_generic,spillover_control,0.110137319,0.1155403017,0.005402982676,True,80,0.002374836551,4.674255657
complex,200,8,1600,1,116,doi_nonprivate_generic,spillover_treated,0.1731328632,0.1723166703,-0.0008161928592,True,80,0.002374836551,4.674255657
complex,200,8,1600,1,116,doi_private_generic,direct_low,0.09860674353,0.2134912652,0.1148845216,True,71,0.001537917014,5.265819187
complex,200,8,1600,1,116,doi_private_generic,direct_high,0.1616022877,0.1470008362,-0.01460145148,True,71,0.001537917014,5.265819187
complex,200,8,1600,1,116,doi_private_generic,spillover_control,0.110137319,0.1752839258,0.06514660671,True,71,0.001537917014,5.265819187
complex,200,8,1600,1,116,doi_private_generic,spillover_treated,0.1731328632,0.1087934968,-0.06433936641,True,71,0.001537917014,5.265819187
complex,200,8,1600,1,116,doi_private_no_interference,direct_low,0.09860674353,0.2653998941,0.1667931506,True,9,4.215122078e-05,1.341847905
complex,200,8,1600,1,116,doi_private_no_interference,direct_high,0.1616022877,0.2653998941,0.1037976064,True,9,4.215122078e-05,1.341847905
complex,200,8,1600,1,116,doi_private_no_interference,spillover_control,0.110137319,0,-0.110137319,True,9,4.215122078e-05,1.341847905
complex,200,8,1600,1,116,doi_private_no_interference,spillover_treated,0.1731328632,0,-0.1731328632,True,9,4.215122078e-05,1.341847905
complex,200,8,1600,2,116,design_ht,direct_low,0.09860674353,0.001358087596,-0.09724865594,True,0,0,0
complex,200,8,1600,2,116,design_ht,direct_high,0.1616022877,0.2831098513,0.1215075636,True,0,0,0
complex,200,8,1600,2,116,design_ht,spillover_control,0.110137319,0.09760867645,-0.01252864259,True,0,0,0
complex,200,8,1600,2,116,design_ht,spillover_treated,0.1731328632,0.3793604402,0.206227577,True,0,0,0
complex,200,8,1600,2,116,doi_nonprivate_generic,direct_low,0.09860674353,0.09965903529,0.001052291756,True,80,0.002374836551,4.674255657
complex,200,8,1600,2,116,doi_nonprivate_generic,direct_high,0.1616022877,0.1564354039,-0.005166883779,True,80,0.002374836551,4.674255657
complex,200,8,1600,2,116,doi_nonprivate_generic,spillover_control,0.110137319,0.1155403017,0.005402982676,True,80,0.002374836551,4.674255657
complex,200,8,1600,2,116,doi_nonprivate_generic,spillover_treated,0.1731328632,0.1723166703,-0.0008161928592,True,80,0.002374836551,4.674255657
complex,200,8,1600,2,116,doi_private_generic,direct_low,0.09860674353,0.1001951731,0.001588429601,True,70,0.007456375441,4.955384105
complex,200,8,1600,2,116,doi_private_generic,direct_high,0.1616022877,0.2167814436,0.05517915596,True,70,0.007456375441,4.955384105
complex,200,8,1600,2,116,doi_private_generic,spillover_control,0.110137319,0.0347839287,-0.07535339034,True,70,0.007456375441,4.955384105
complex,200,8,1600,2,116,doi_private_generic,spillover_treated,0.1731328632,0.1513701992,-0.02176266399,True,70,0.007456375441,4.955384105
complex,200,8,1600,2,116,doi_private_no_interference,direct_low,0.09860674353,0.2261563194,0.1275495759,True,9,1.557545437e-05,1.523457026
complex,200,8,1600,2,116,doi_private_no_interference,direct_high,0.1616022877,0.2261563194,0.06455403175,True,9,1.557545437e-05,1.523457026
complex,200,8,1600,2,116,doi_private_no_interference,spillover_control,0.110137319,0,-0.110137319,True,9,1.557545437e-05,1.523457026
complex,200,8,1600,2,116,doi_private_no_interference,spillover_treated,0.1731328632,0,-0.1731328632,True,9,1.557545437e-05,1.523457026
complex,200,8,1600,0.5,117,design_ht,direct_low,0.09860674353,0.1988070913,0.1002003478,True,0,0,0
complex,200,8,1600,0.5,117,design_ht,direct_high,0.1616022877,0.4413706545,0.2797683668,True,0,0,0
complex,200,8,1600,0.5,117,design_ht,spillover_control,0.110137319,-0.08711099298,-0.197248312,True,0,0,0
complex,200,8,1600,0.5,117,design_ht,spillover_treated,0.1731328632,0.1554525702,-0.01768029294,True,0,0,0
complex,200,8,1600,0.5,117,doi_nonprivate_generic,direct_low,0.09860674353,0.09909188652,0.0004851429892,True,73,0.002785582193,4.608509531
complex,200,8,1600,0.5,117,doi_nonprivate_generic,direct_high,0.1616022877,0.1555008226,-0.006101465032,True,73,0.002785582193,4.608509531
complex,200,8,1600,0.5,117,doi_nonprivate_generic,spillover_control,0.110137319,0.1173434816,0.007206162601,True,73,0.002785582193,4.608509531
complex,200,8,1600,0.5,117,doi_nonprivate_generic,spillover_treated,0.1731328632,0.1737524178,0.000619554579,True,73,0.002785582193,4.608509531
complex,200,8,1600,0.5,117,doi_private_generic,direct_low,0.09860674353,0.3252263263,0.2266195828,True,40,0.000592515656,2.652718801
complex,200,8,1600,0.5,117,doi_private_generic,direct_high,0.1616022877,0.4162910183,0.2546887306,True,40,0.000592515656,2.652718801
complex,200,8,1600,0.5,117,doi_private_generic,spillover_control,0.110137319,-0.01546929183,-0.1256066109,True,40,0.000592515656,2.652718801
complex,200,8,1600,0.5,117,doi_private_generic,spillover_treated,0.1731328632,0.07559540019,-0.09753746299,True,40,0.000592515656,2.652718801
complex,200,8,1600,0.5,117,doi_private_no_interference,direct_low,0.09860674353,0.3892599173,0.2906531738,True,11,0.0001198905889,2.135504768
complex,200,8,1600,0.5,117,doi_private_no_interference,direct_high,0.1616022877,0.3892599173,0.2276576297,True,11,0.0001198905889,2.135504768
complex,200,8,1600,0.5,117,doi_private_no_interference,spillover_control,0.110137319,0,-0.110137319,True,11,0.0001198905889,2.135504768
complex,200,8,1600,0.5,117,doi_private_no_interference,spillover_treated,0.1731328632,0,-0.1731328632,True,11,0.0001198905889,2.135504768
complex,200,8,1600,1,117,design_ht,direct_low,0.09860674353,0.04129178464,-0.05731495889,True,0,0,0
complex,200,8,1600,1,117,design_ht,direct_high,0.1616022877,0.1386537023,-0.02294858536,True,0,0,0
complex,200,8,1600,1,117,design_ht,spillover_control,0.110137319,0.02561591115,-0.08452140789,True,0,0,0
complex,200,8,1600,1,117,design_ht,spillover_treated,0.1731328632,0.1229778288,-0.05015503436,True,0,0,0
complex,200,8,1600,1,117,doi_nonprivate_generic,direct_low,0.09860674353,0.09909188652,0.0004851429892,True,73,0.002785582193,4.608509531
complex,200,8,1600,1,117,doi_nonprivate_generic,direct_high,0.1616022877,0.1555008226,-0.006101465032,True,73,0.002785582193,4.608509531
complex,200,8,1600,1,117,doi_nonprivate_generic,spillover_control,0.110137319,0.1173434816,0.007206162601,True,73,0.002785582193,4.608509531
complex,200,8,1600,1,117,doi_nonprivate_generic,spillover_treated,0.1731328632,0.1737524178,0.000619554579,True,73,0.002785582193,4.608509531
complex,200,8,1600,1,117,doi_private_generic,direct_low,0.09860674353,0.06259142079,-0.03601532274,True,72,0.001362806458,3.81148672
complex,200,8,1600,1,117,doi_private_generic,direct_high,0.1616022877,0.1056513433,-0.05595094434,True,72,0.001362806458,3.81148672
complex,200,8,1600,1,117,doi_private_generic,spillover_control,0.110137319,0.1274077018,0.01727038277,True,72,0.001362806458,3.81148672
complex,200,8,1600,1,117,doi_private_generic,spillover_treated,0.1731328632,0.1704676244,-0.002665238824,True,72,0.001362806458,3.81148672
complex,200,8,1600,1,117,doi_private_no_interference,direct_low,0.09860674353,0.1856044291,0.08699768559,True,9,5.652982595e-05,1.336885081
complex,200,8,1600,1,117,doi_private_no_interference,direct_high,0.1616022877,0.1856044291,0.02400214145,True,9,5.652982595e-05,1.336885081
complex,200,8,1600,1,117,doi_private_no_interference,spillover_control,0.110137319,0,-0.110137319,True,9,5.652982595e-05,1.336885081
complex,200,8,1600,1,117,doi_private_no_interference,spillover_treated,0.1731328632,0,-0.1731328632,True,9,5.652982595e-05,1.336885081
complex,200,8,1600,2,117,design_ht,direct_low,0.09860674353,0.03001308771,-0.06859365582,True,0,0,0
complex,200,8,1600,2,117,design_ht,direct_high,0.1616022877,0.1310998522,-0.03050243546,True,0,0,0
complex,200,8,1600,2,117,design_ht,spillover_control,0.110137319,0.07224073412,-0.03789658492,True,0,0,0
complex,200,8,1600,2,117,design_ht,spillover_treated,0.1731328632,0.1733274986,0.000194635444,True,0,0,0
complex,200,8,1600,2,117,doi_nonprivate_generic,direct_low,0.09860674353,0.09909188652,0.0004851429892,True,73,0.002785582193,4.608509531
complex,200,8,1600,2,117,doi_nonprivate_generic,direct_high,0.1616022877,0.1555008226,-0.006101465032,True,73,0.002785582193,4.608509531
complex,200,8,1600,2,117,doi_nonprivate_generic,spillover_control,0.110137319,0.1173434816,0.007206162601,True,73,0.002785582193,4.608509531
complex,200,8,1600,2,117,doi_nonprivate_generic,spillover_treated,0.1731328632,0.1737524178,0.000619554579,True,73,0.002785582193,4.608509531
complex,200,8,1600,2,117,doi_private_generic,direct_low,0.09860674353,0.04972388473,-0.0488828588,True,91,0.006508679073,6.197298917
complex,200,8,1600,2,117,doi_private_generic,direct_high,0.1616022877,0.1192601945,-0.04234209317,True,91,0.006508679073,6.197298917
complex,200,8,1600,2,117,doi_private_generic,spillover_control,0.110137319,0.1583426144,0.04820529534,True,91,0.006508679073,6.197298917
complex,200,8,1600,2,117,doi_private_generic,spillover_treated,0.1731328632,0.2278789242,0.05474606097,True,91,0.006508679073,6.197298917
complex,200,8,1600,2,117,doi_private_no_interference,direct_low,0.09860674353,0.2024167386,0.103809995,True,10,1.16754304e-05,1.371956578
complex,200,8,1600,2,117,doi_private_no_interference,direct_high,0.1616022877,0.2024167386,0.0408144509,True,10,1.16754304e-05,1.371956578
complex,200,8,1600,2,117,doi_private_no_interference,spillover_control,0.110137319,0,-0.110137319,True,10,1.16754304e-05,1.371956578
complex,200,8,1600,2,117,doi_private_no_interference,spillover_treated,0.1731328632,0,-0.1731328632,True,10,1.16754304e-05,1.371956578
complex,200,8,1600,0.5,118,design_ht,direct_low,0.09860674353,0.2581820913,0.1595753478,True,0,0,0
complex,200,8,1600,0.5,118,design_ht,direct_high,0.1616022877,0.3383201969,0.1767179092,True,0,0,0
complex,200,8,1600,0.5,118,design_ht,spillover_control,0.110137319,0.05272304917,-0.05741426987,True,0,0,0
complex,200,8,1600,0.5,118,design_ht,spillover_treated,0.1731328632,0.1328611547,-0.04027170844,True,0,0,0
complex,200,8,1600,0.5,118,doi_nonprivate_generic,direct_low,0.09860674353,0.09713330148,-0.001473442056,True,72,0.005054558917,4.632188877
complex,200,8,1600,0.5,118,doi_nonprivate_generic,direct_high,0.1616022877,0.1611476285,-0.00045465917,True,72,0.005054558917,4.632188877
complex,200,8,1600,0.5,118,doi_nonprivate_generic,spillover_control,0.110137319,0.1126229598,0.002485640737,True,72,0.005054558917,4.632188877
complex,200,8,1600,0.5,118,doi_nonprivate_generic,spillover_treated,0.1731328632,0.1766372868,0.003504423624,True,72,0.005054558917,4.632188877
complex,200,8,1600,0.5,118,doi_private_generic,direct_low,0.09860674353,0.1436605228,0.04505377925,True,41,0.0006918815992,4.29864215
complex,200,8,1600,0.5,118,doi_private_generic,direct_high,0.1616022877,0.2988890287,0.1372867411,True,41,0.0006918815992,4.29864215
complex,200,8,1600,0.5,118,doi_private_generic,spillover_control,0.110137319,0.1491394563,0.03900213722,True,41,0.0006918815992,4.29864215
complex,200,8,1600,0.5,118,doi_private_generic,spillover_treated,0.1731328632,0.3043679622,0.131235099,True,41,0.0006918815992,4.29864215
complex,200,8,1600,0.5,118,doi_private_no_interference,direct_low,0.09860674353,0.3730287028,0.2744219593,True,10,6.207483849e-05,1.970346316
complex,200,8,1600,0.5,118,doi_private_no_interference,direct_high,0.1616022877,0.3730287028,0.2114264152,True,10,6.207483849e-05,1.970346316
complex,200,8,1600,0.5,118,doi_private_no_interference,spillover_control,0.110137319,0,-0.110137319,True,10,6.207483849e-05,1.970346316
complex,200,8,1600,0.5,118,doi_private_no_interference,spillover_treated,0.1731328632,0,-0.1731328632,True,10,6.207483849e-05,1.970346316
complex,200,8,1600,1,118,design_ht,direct_low,0.09860674353,0.2900127083,0.1914059648,True,0,0,0
complex,200,8,1600,1,118,design_ht,direct_high,0.1616022877,-0.003214933485,-0.1648172212,True,0,0,0
complex,200,8,1600,1,118,design_ht,spillover_control,0.110137319,0.3143477334,0.2042104144,True,0,0,0
complex,200,8,1600,1,118,design_ht,spillover_treated,0.1731328632,0.02112009162,-0.1520127716,True,0,0,0
complex,200,8,1600,1,118,doi_nonprivate_generic,direct_low,0.09860674353,0.09713330148,-0.001473442056,True,72,0.005054558917,4.632188877
complex,200,8,1600,1,118,doi_nonprivate_generic,direct_high,0.1616022877,0.1611476285,-0.00045465917,True,72,0.005054558917,4.632188877
complex,200,8,1600,1,118,doi_nonprivate_generic,spillover_control,0.110137319,0.1126229598,0.002485640737,True,72,0.005054558917,4.632188877
complex,200,8,1600,1,118,doi_nonprivate_generic,spillover_treated,0.1731328632,0.1766372868,0.003504423624,True,72,0.005054558917,4.632188877
complex,200,8,1600,1,118,doi_private_generic,direct_low,0.09860674353,0.2462491825,0.1476424389,True,74,0.001617262548,4.957359774
complex,200,8,1600,1,118,doi_private_generic,direct_high,0.1616022877,-0.002186103782,-0.1637883915,True,74,0.001617262548,4.957359774
complex,200,8,1600,1,118,doi_private_generic,spillover_control,0.110137319,0.3329856557,0.2228483367,True,74,0.001617262548,4.957359774
complex,200,8,1600,1,118,doi_private_generic,spillover_treated,0.1731328632,0.08455036944,-0.08858249374,True,74,0.001617262548,4.957359774
complex,200,8,1600,1,118,doi_private_no_interference,direct_low,0.09860674353,0.2608962576,0.162289514,True,11,9.122818846e-06,1.849173815
complex,200,8,1600,1,118,doi_private_no_interference,direct_high,0.1616022877,0.2608962576,0.0992939699,True,11,9.122818846e-06,1.849173815
complex,200,8,1600,1,118,doi_private_no_interference,spillover_control,0.110137319,0,-0.110137319,True,11,9.122818846e-06,1.849173815
complex,200,8,1600,1,118,doi_private_no_interference,spillover_treated,0.1731328632,0,-0.1731328632,True,11,9.122818846e-06,1.849173815
complex,200,8,1600,2,118,design_ht,direct_low,0.09860674353,0.07092352901,-0.02768321452,True,0,0,0
complex,200,8,1600,2,118,design_ht,direct_high,0.1616022877,0.1714936755,0.00989138786,True,0,0,0
complex,200,8,1600,2,118,design_ht,spillover_control,0.110137319,0.01722764641,-0.09290967263,True,0,0,0
complex,200,8,1600,2,118,design_ht,spillover_treated,0.1731328632,0.1177977929,-0.05533507024,True,0,0,0
complex,200,8,1600,2,118,doi_nonprivate_generic,direct_low,0.09860674353,0.09713330148,-0.001473442056,True,72,0.005054558917,4.632188877
complex,200,8,1600,2,118,doi_nonprivate_generic,direct_high,0.1616022877,0.1611476285,-0.00045465917,True,72,0.005054558917,4.632188877
complex,200,8,1600,2,118,doi_nonprivate_generic,spillover_control,0.110137319,0.1126229598,0.002485640737,True,72,0.005054558917,4.632188877
complex,200,8,1600,2,118,doi_nonprivate_generic,spillover_treated,0.1731328632,0.1766372868,0.003504423624,True,72,0.005054558917,4.632188877
complex,200,8,1600,2,118,doi_private_generic,direct_low,0.09860674353,0.08634885549,-0.01225788804,True,56,0.0009403987708,5.248295348
complex,200,8,1600,2,118,doi_private_generic,direct_high,0.1616022877,0.1286858974,-0.03291639032,True,56,0.0009403987708,5.248295348
complex,200,8,1600,2,118,doi_private_generic,spillover_control,0.110137319,0.09994375837,-0.01019356067,True,56,0.0009403987708,5.248295348
complex,200,8,1600,2,118,doi_private_generic,spillover_treated,0.1731328632,0.1422808002,-0.03085206294,True,56,0.0009403987708,5.248295348
complex,200,8,1600,2,118,doi_private_no_interference,direct_low,0.09860674353,0.1822852968,0.0836785533,True,10,6.489003618e-05,1.107061842
complex,200,8,1600,2,118,doi_private_no_interference,direct_high,0.1616022877,0.1822852968,0.02068300916,True,10,6.489003618e-05,1.107061842
complex,200,8,1600,2,118,doi_private_no_interference,spillover_control,0.110137319,0,-0.110137319,True,10,6.489003618e-05,1.107061842
complex,200,8,1600,2,118,doi_private_no_interference,spillover_treated,0.1731328632,0,-0.1731328632,True,10,6.489003618e-05,1.107061842
complex,200,8,1600,0.5,119,design_ht,direct_low,0.09860674353,0.2051932322,0.1065864887,True,0,0,0
complex,200,8,1600,0.5,119,design_ht,direct_high,0.1616022877,0.03007650702,-0.1315257807,True,0,0,0
complex,200,8,1600,0.5,119,design_ht,spillover_control,0.110137319,0.2041558802,0.09401856112,True,0,0,0
complex,200,8,1600,0.5,119,design_ht,spillover_treated,0.1731328632,0.02903915496,-0.1440937082,True,0,0,0
complex,200,8,1600,0.5,119,doi_nonprivate_generic,direct_low,0.09860674353,0.09668741267,-0.001919330861,True,78,0.004600728411,4.552177087
complex,200,8,1600,0.5,119,doi_nonprivate_generic,direct_high,0.1616022877,0.1559133935,-0.005688894192,True,78,0.004600728411,4.552177087
complex,200,8,1600,0.5,119,doi_nonprivate_generic,spillover_control,0.110137319,0.1147700082,0.004632689207,True,78,0.004600728411,4.552177087
complex,200,8,1600,0.5,119,doi_nonprivate_generic,spillover_treated,0.1731328632,0.1739959891,0.0008631258762,True,78,0.004600728411,4.552177087
complex,200,8,1600,0.5,119,doi_private_generic,direct_low,0.09860674353,0.07612893235,-0.02247781119,True,51,0.0006490149841,4.121092534
complex,200,8,1600,0.5,119,doi_private_generic,direct_high,0.1616022877,-0.1312015254,-0.2928038131,True,51,0.0006490149841,4.121092534
complex,200,8,1600,0.5,119,doi_private_generic,spillover_control,0.110137319,0.3382463544,0.2281090353,True,51,0.0006490149841,4.121092534
complex,200,8,1600,0.5,119,doi_private_generic,spillover_treated,0.1731328632,0.1309158966,-0.04221696654,True,51,0.0006490149841,4.121092534
complex,200,8,1600,0.5,119,doi_private_no_interference,direct_low,0.09860674353,0.118417551,0.01981080744,True,8,7.857564469e-06,0.6752354935
complex,200,8,1600,0.5,119,doi_private_no_interference,direct_high,0.1616022877,0.118417551,-0.0431847367,True,8,7.857564469e-06,0.6752354935
complex,200,8,1600,0.5,119,doi_private_no_interference,spillover_control,0.110137319,0,-0.110137319,True,8,7.857564469e-06,0.6752354935
complex,200,8,1600,0.5,119,doi_private_no_interference,spillover_treated,0.1731328632,0,-0.1731328632,True,8,7.857564469e-06,0.6752354935
complex,200,8,1600,1,119,design_ht,direct_low,0.09860674353,0.1212354619,0.02262871832,True,0,0,0
complex,200,8,1600,1,119,design_ht,direct_high,0.1616022877,0.3287681576,0.16716587,True,0,0,0
complex,200,8,1600,1,119,design_ht,spillover_control,0.110137319,0.06303779116,-0.04709952788,True,0,0,0
complex,200,8,1600,1,119,design_ht,spillover_treated,0.1731328632,0.270570487,0.09743762377,True,0,0,0
complex,200,8,1600,1,119,doi_nonprivate_generic,direct_low,0.09860674353,0.09668741267,-0.001919330861,True,78,0.004600728411,4.552177087
complex,200,8,1600,1,119,doi_nonprivate_generic,direct_high,0.1616022877,0.1559133935,-0.005688894192,True,78,0.004600728411,4.552177087
complex,200,8,1600,1,119,doi_nonprivate_generic,spillover_control,0.110137319,0.1147700082,0.004632689207,True,78,0.004600728411,4.552177087
complex,200,8,1600,1,119,doi_nonprivate_generic,spillover_treated,0.1731328632,0.1739959891,0.0008631258762,True,78,0.004600728411,4.552177087
complex,200,8,1600,1,119,doi_private_generic,direct_low,0.09860674353,0.1013511089,0.002744365384,True,58,0.004123307968,3.541948497
complex,200,8,1600,1,119,doi_private_generic,direct_high,0.1616022877,0.2638240108,0.1022217231,True,58,0.004123307968,3.541948497
complex,200,8,1600,1,119,doi_private_generic,spillover_control,0.110137319,0.05902053647,-0.05111678257,True,58,0.004123307968,3.541948497
complex,200,8,1600,1,119,doi_private_generic,spillover_treated,0.1731328632,0.2214934383,0.04836057514,True,58,0.004123307968,3.541948497
complex,200,8,1600,1,119,doi_private_no_interference,direct_low,0.09860674353,0.2688110434,0.1702042999,True,12,0.0004391362526,1.858561743
complex,200,8,1600,1,119,doi_private_no_interference,direct_high,0.1616022877,0.2688110434,0.1072087558,True,12,0.0004391362526,1.858561743
complex,200,8,1600,1,119,doi_private_no_interference,spillover_control,0.110137319,0,-0.110137319,True,12,0.0004391362526,1.858561743
complex,200,8,1600,1,119,doi_private_no_interference,spillover_treated,0.1731328632,0,-0.1731328632,True,12,0.0004391362526,1.858561743
complex,200,8,1600,2,119,design_ht,direct_low,0.09860674353,0.1783822049,0.07977546135,True,0,0,0
complex,200,8,1600,2,119,design_ht,direct_high,0.1616022877,0.218150881,0.05654859332,True,0,0,0
complex,200,8,1600,2,119,design_ht,spillover_control,0.110137319,0.2201757344,0.1100384153,True,0,0,0
complex,200,8,1600,2,119,design_ht,spillover_treated,0.1731328632,0.2599444105,0.08681154728,True,0,0,0
complex,200,8,1600,2,119,doi_nonprivate_generic,direct_low,0.09860674353,0.09668741267,-0.001919330861,True,78,0.004600728411,4.552177087
complex,200,8,1600,2,119,doi_nonprivate_generic,direct_high,0.1616022877,0.1559133935,-0.005688894192,True,78,0.004600728411,4.552177087
complex,200,8,1600,2,119,doi_nonprivate_generic,spillover_control,0.110137319,0.1147700082,0.004632689207,True,78,0.004600728411,4.552177087
complex,200,8,1600,2,119,doi_nonprivate_generic,spillover_treated,0.1731328632,0.1739959891,0.0008631258762,True,78,0.004600728411,4.552177087
complex,200,8,1600,2,119,doi_private_generic,direct_low,0.09860674353,0.1564156685,0.05780892494,True,57,0.007329997424,4.337202438
complex,200,8,1600,2,119,doi_private_generic,direct_high,0.1616022877,0.205763547,0.04416125928,True,57,0.007329997424,4.337202438
complex,200,8,1600,2,119,doi_private_generic,spillover_control,0.110137319,0.1395714677,0.02943414865,True,57,0.007329997424,4.337202438
complex,200,8,1600,2,119,doi_private_generic,spillover_treated,0.1731328632,0.1889193462,0.01578648299,True,57,0.007329997424,4.337202438
complex,200,8,1600,2,119,doi_private_no_interference,direct_low,0.09860674353,0.2832826409,0.1846758974,True,9,6.329387164e-05,2.064121048
complex,200,8,1600,2,119,doi_private_no_interference,direct_high,0.1616022877,0.2832826409,0.1216803532,True,9,6.329387164e-05,2.064121048
complex,200,8,1600,2,119,doi_private_no_interference,spillover_control,0.110137319,0,-0.110137319,True,9,6.329387164e-05,2.064121048
complex,200,8,1600,2,119,doi_private_no_interference,spillover_treated,0.1731328632,0,-0.1731328632,True,9,6.329387164e-05,2.064121048
complex,200,8,1600,0.5,120,design_ht,direct_low,0.09860674353,0.2076634153,0.1090566717,True,0,0,0
complex,200,8,1600,0.5,120,design_ht,direct_high,0.1616022877,0.107942169,-0.05366011867,True,0,0,0
complex,200,8,1600,0.5,120,design_ht,spillover_control,0.110137319,0.2399507673,0.1298134483,True,0,0,0
complex,200,8,1600,0.5,120,design_ht,spillover_treated,0.1731328632,0.1402295211,-0.03290334211,True,0,0,0
complex,200,8,1600,0.5,120,doi_nonprivate_generic,direct_low,0.09860674353,0.09827746348,-0.0003292800531,True,85,0.006002276233,4.584831692
complex,200,8,1600,0.5,120,doi_nonprivate_generic,direct_high,0.1616022877,0.1587193247,-0.002882962926,True,85,0.006002276233,4.584831692
complex,200,8,1600,0.5,120,doi_nonprivate_generic,spillover_control,0.110137319,0.1163134182,0.006176099172,True,85,0.006002276233,4.584831692
complex,200,8,1600,0.5,120,doi_nonprivate_generic,spillover_treated,0.1731328632,0.1767552795,0.003622416299,True,85,0.006002276233,4.584831692
complex,200,8,1600,0.5,120,doi_private_generic,direct_low,0.09860674353,0.1465880781,0.04798133454,True,36,0.001444125884,6.163869418
complex,200,8,1600,0.5,120,doi_private_generic,direct_high,0.1616022877,-0.02394444523,-0.1855467329,True,36,0.001444125884,6.163869418
complex,200,8,1600,0.5,120,doi_private_generic,spillover_control,0.110137319,0.2908847722,0.1807474532,True,36,0.001444125884,6.163869418
complex,200,8,1600,0.5,120,doi_private_generic,spillover_treated,0.1731328632,0.1203522489,-0.05278061425,True,36,0.001444125884,6.163869418
complex,200,8,1600,0.5,120,doi_private_no_interference,direct_low,0.09860674353,0.2206676188,0.1220608753,True,10,1.038701474e-05,1.374278748
complex,200,8,1600,0.5,120,doi_private_no_interference,direct_high,0.1616022877,0.2206676188,0.05906533117,True,10,1.038701474e-05,1.374278748
complex,200,8,1600,0.5,120,doi_private_no_interference,spillover_control,0.110137319,0,-0.110137319,True,10,1.038701474e-05,1.374278748
complex,200,8,1600,0.5,120,doi_private_no_interference,spillover_treated,0.1731328632,0,-0.1731328632,True,10,1.038701474e-05,1.374278748
complex,200,8,1600,1,120,design_ht,direct_low,0.09860674353,0.2007703414,0.1021635978,True,0,0,0
complex,200,8,1600,1,120,design_ht,direct_high,0.1616022877,0.3010519553,0.1394496677,True,0,0,0
complex,200,8,1600,1,120,design_ht,spillover_control,0.110137319,0.06029796185,-0.04983935719,True,0,0,0
complex,200,8,1600,1,120,design_ht,spillover_treated,0.1731328632,0.1605795758,-0.01255328738,True,0,0,0
complex,200,8,1600,1,120,doi_nonprivate_generic,direct_low,0.09860674353,0.09827746348,-0.0003292800531,True,85,0.006002276233,4.584831692
complex,200,8,1600,1,120,doi_nonprivate_generic,direct_high,0.1616022877,0.1587193247,-0.002882962926,True,85,0.006002276233,4.584831692
complex,200,8,1600,1,120,doi_nonprivate_generic,spillover_control,0.110137319,0.1163134182,0.006176099172,True,85,0.006002276233,4.584831692
complex,200,8,1600,1,120,doi_nonprivate_generic,spillover_treated,0.1731328632,0.1767552795,0.003622416299,True,85,0.006002276233,4.584831692
complex,200,8,1600,1,120,doi_private_generic,direct_low,0.09860674353,0.2356674451,0.1370607016,True,57,0.002772341166,3.207386585
complex,200,8,1600,1,120,doi_private_generic,direct_high,0.1616022877,0.2060227266,0.04442043897,True,57,0.002772341166,3.207386585
complex,200,8,1600,1,120,doi_private_generic,spillover_control,0.110137319,0.08174330909,-0.02839400995,True,57,0.002772341166,3.207386585
complex,200,8,1600,1,120,doi_private_generic,spillover_treated,0.1731328632,0.05209859064,-0.1210342725,True,57,0.002772341166,3.207386585
complex,200,8,1600,1,120,doi_private_no_interference,direct_low,0.09860674353,0.2598683772,0.1612616336,True,10,8.120179378e-06,1.204475881
complex,200,8,1600,1,120,doi_private_no_interference,direct_high,0.1616022877,0.2598683772,0.09826608948,True,10,8.120179378e-06,1.204475881
complex,200,8,1600,1,120,doi_private_no_interference,spillover_control,0.110137319,0,-0.110137319,True,10,8.120179378e-06,1.204475881
complex,200,8,1600,1,120,doi_private_no_interference,spillover_treated,0.1731328632,0,-0.1731328632,True,10,8.120179378e-06,1.204475881
complex,200,8,1600,2,120,design_ht,direct_low,0.09860674353,0.09926558748,0.0006588439495,True,0,0,0
complex,200,8,1600,2,120,design_ht,direct_high,0.1616022877,0.3210855868,0.1594832991,True,0,0,0
complex,200,8,1600,2,120,design_ht,spillover_control,0.110137319,-0.01796205893,-0.128099378,True,0,0,0
complex,200,8,1600,2,120,design_ht,spillover_treated,0.1731328632,0.2038579404,0.0307250772,True,0,0,0
complex,200,8,1600,2,120,doi_nonprivate_generic,direct_low,0.09860674353,0.09827746348,-0.0003292800531,True,85,0.006002276233,4.584831692
complex,200,8,1600,2,120,doi_nonprivate_generic,direct_high,0.1616022877,0.1587193247,-0.002882962926,True,85,0.006002276233,4.584831692
complex,200,8,1600,2,120,doi_nonprivate_generic,spillover_control,0.110137319,0.1163134182,0.006176099172,True,85,0.006002276233,4.584831692
complex,200,8,1600,2,120,doi_nonprivate_generic,spillover_treated,0.1731328632,0.1767552795,0.003622416299,True,85,0.006002276233,4.584831692
complex,200,8,1600,2,120,doi_private_generic,direct_low,0.09860674353,0.09442547116,-0.004181272369,True,72,0.002455234148,6.384739801
complex,200,8,1600,2,120,doi_private_generic,direct_high,0.1616022877,0.203208047,0.04160575937,True,72,0.002455234148,6.384739801
complex,200,8,1600,2,120,doi_private_generic,spillover_control,0.110137319,0.03860953526,-0.07152778378,True,72,0.002455234148,6.384739801
complex,200,8,1600,2,120,doi_private_generic,spillover_treated,0.1731328632,0.1473921112,-0.02574075203,True,72,0.002455234148,6.384739801
complex,200,8,1600,2,120,doi_private_no_interference,direct_low,0.09860674353,0.2146816026,0.1160748591,True,10,5.577052686e-05,1.577203772
complex,200,8,1600,2,120,doi_private_no_interference,direct_high,0.1616022877,0.2146816026,0.05307931494,True,10,5.577052686e-05,1.577203772
complex,200,8,1600,2,120,doi_private_no_interference,spillover_control,0.110137319,0,-0.110137319,True,10,5.577052686e-05,1.577203772
complex,200,8,1600,2,120,doi_private_no_interference,spillover_treated,0.1731328632,0,-0.1731328632,True,10,5.577052686e-05,1.577203772
complex,200,8,1600,0.5,121,design_ht,direct_low,0.09860674353,0.1646363027,0.06602955915,True,0,0,0
complex,200,8,1600,0.5,121,design_ht,direct_high,0.1616022877,0.1013518167,-0.06025047095,True,0,0,0
complex,200,8,1600,0.5,121,design_ht,spillover_control,0.110137319,0.1000615986,-0.01007572049,True,0,0,0
complex,200,8,1600,0.5,121,design_ht,spillover_treated,0.1731328632,0.0367771126,-0.1363557506,True,0,0,0
complex,200,8,1600,0.5,121,doi_nonprivate_generic,direct_low,0.09860674353,0.09859897355,-7.769977633e-06,True,67,0.002547365296,4.648740324
complex,200,8,1600,0.5,121,doi_nonprivate_generic,direct_high,0.1616022877,0.1605946877,-0.001007599999,True,67,0.002547365296,4.648740324
complex,200,8,1600,0.5,121,doi_nonprivate_generic,spillover_control,0.110137319,0.112714421,0.002577101936,True,67,0.002547365296,4.648740324
complex,200,8,1600,0.5,121,doi_nonprivate_generic,spillover_treated,0.1731328632,0.1747101351,0.001577271914,True,67,0.002547365296,4.648740324
complex,200,8,1600,0.5,121,doi_private_generic,direct_low,0.09860674353,0.0644945781,-0.03411216543,True,45,0.000757854195,2.417125048
complex,200,8,1600,0.5,121,doi_private_generic,direct_high,0.1616022877,0.2036040776,0.04200178996,True,45,0.000757854195,2.417125048
complex,200,8,1600,0.5,121,doi_private_generic,spillover_control,0.110137319,0.05119508435,-0.05894223469,True,45,0.000757854195,2.417125048
complex,200,8,1600,0.5,121,doi_private_generic,spillover_treated,0.1731328632,0.1903045839,0.0171717207,True,45,0.000757854195,2.417125048
complex,200,8,1600,0.5,121,doi_private_no_interference,direct_low,0.09860674353,0.1989750242,0.1003682807,True,7,0.000134522697,1.105848289
complex,200,8,1600,0.5,121,doi_private_no_interference,direct_high,0.1616022877,0.1989750242,0.03737273657,True,7,0.000134522697,1.105848289
complex,200,8,1600,0.5,121,doi_private_no_interference,spillover_control,0.110137319,0,-0.110137319,True,7,0.000134522697,1.105848289
complex,200,8,1600,0.5,121,doi_private_no_interference,spillover_treated,0.1731328632,0,-0.1731328632,True,7,0.000134522697,1.105848289
complex,200,8,1600,1,121,design_ht,direct_low,0.09860674353,0.009259629769,-0.08934711376,True,0,0,0
complex,200,8,1600,1,121,design_ht,direct_high,0.1616022877,-0.08892169302,-0.2505239807,True,0,0,0
complex,200,8,1600,1,121,design_ht,spillover_control,0.110137319,0.2496302623,0.1394929433,True,0,0,0
complex,200,8,1600,1,121,design_ht,spillover_treated,0.1731328632,0.1514489395,-0.02168392367,True,0,0,0
complex,200,8,1600,1,121,doi_nonprivate_generic,direct_low,0.09860674353,0.09859897355,-7.769977633e-06,True,67,0.002547365296,4.648740324
complex,200,8,1600,1,121,doi_nonprivate_generic,direct_high,0.1616022877,0.1605946877,-0.001007599999,True,67,0.002547365296,4.648740324
complex,200,8,1600,1,121,doi_nonprivate_generic,spillover_control,0.110137319,0.112714421,0.002577101936,True,67,0.002547365296,4.648740324
complex,200,8,1600,1,121,doi_nonprivate_generic,spillover_treated,0.1731328632,0.1747101351,0.001577271914,True,67,0.002547365296,4.648740324
complex,200,8,1600,1,121,doi_private_generic,direct_low,0.09860674353,0.02124271206,-0.07736403147,True,86,0.002314275897,5.371394126
complex,200,8,1600,1,121,doi_private_generic,direct_high,0.1616022877,0.0269684377,-0.13463385,True,86,0.002314275897,5.371394126
complex,200,8,1600,1,121,doi_private_generic,spillover_control,0.110137319,0.168414803,0.05827748396,True,86,0.002314275897,5.371394126
complex,200,8,1600,1,121,doi_private_generic,spillover_treated,0.1731328632,0.1741405286,0.001007665448,True,86,0.002314275897,5.371394126
complex,200,8,1600,1,121,doi_private_no_interference,direct_low,0.09860674353,0.09905595509,0.0004492115577,True,9,5.689151216e-06,1.214388156
complex,200,8,1600,1,121,doi_private_no_interference,direct_high,0.1616022877,0.09905595509,-0.06254633258,True,9,5.689151216e-06,1.214388156
complex,200,8,1600,1,121,doi_private_no_interference,spillover_control,0.110137319,0,-0.110137319,True,9,5.689151216e-06,1.214388156
complex,200,8,1600,1,121,doi_private_no_interference,spillover_treated,0.1731328632,0,-0.1731328632,True,9,5.689151216e-06,1.214388156
complex,200,8,1600,2,121,design_ht,direct_low,0.09860674353,0.1144423523,0.0158356088,True,0,0,0
complex,200,8,1600,2,121,design_ht,direct_high,0.1616022877,0.1852157336,0.02361344588,True,0,0,0
complex,200,8,1600,2,121,design_ht,spillover_control,0.110137319,0.08629058805,-0.02384673099,True,0,0,0
complex,200,8,1600,2,121,design_ht,spillover_treated,0.1731328632,0.1570639693,-0.01606889391,True,0,0,0
complex,200,8,1600,2,121,doi_nonprivate_generic,direct_low,0.09860674353,0.09859897355,-7.769977633e-06,True,67,0.002547365296,4.648740324
complex,200,8,1600,2,121,doi_nonprivate_generic,direct_high,0.1616022877,0.1605946877,-0.001007599999,True,67,0.002547365296,4.648740324
complex,200,8,1600,2,121,doi_nonprivate_generic,spillover_control,0.110137319,0.112714421,0.002577101936,True,67,0.002547365296,4.648740324
complex,200,8,1600,2,121,doi_nonprivate_generic,spillover_treated,0.1731328632,0.1747101351,0.001577271914,True,67,0.002547365296,4.648740324
complex,200,8,1600,2,121,doi_private_generic,direct_low,0.09860674353,0.09215310487,-0.006453638666,True,64,0.01160198947,4.016062794
complex,200,8,1600,2,121,doi_private_generic,direct_high,0.1616022877,0.2447702604,0.08316797272,True,64,0.01160198947,4.016062794
complex,200,8,1600,2,121,doi_private_generic,spillover_control,0.110137319,0.06433852492,-0.04579879412,True,64,0.01160198947,4.016062794
complex,200,8,1600,2,121,doi_private_generic,spillover_treated,0.1731328632,0.2169556804,0.04382281726,True,64,0.01160198947,4.016062794
complex,200,8,1600,2,121,doi_private_no_interference,direct_low,0.09860674353,0.2396689998,0.1410622563,True,12,1.377329711e-05,1.780759667
complex,200,8,1600,2,121,doi_private_no_interference,direct_high,0.1616022877,0.2396689998,0.07806671216,True,12,1.377329711e-05,1.780759667
complex,200,8,1600,2,121,doi_private_no_interference,spillover_control,0.110137319,0,-0.110137319,True,12,1.377329711e-05,1.780759667
complex,200,8,1600,2,121,doi_private_no_interference,spillover_treated,0.1731328632,0,-0.1731328632,True,12,1.377329711e-05,1.780759667
complex,200,8,1600,0.5,122,design_ht,direct_low,0.09860674353,0.03111385909,-0.06749288444,True,0,0,0
complex,200,8,1600,0.5,122,design_ht,direct_high,0.1616022877,0.3438537814,0.1822514937,True,0,0,0
complex,200,8,1600,0.5,122,design_ht,spillover_control,0.110137319,-0.1902295211,-0.3003668401,True,0,0,0
complex,200,8,1600,0.5,122,design_ht,spillover_treated,0.1731328632,0.1225104012,-0.05062246195,True,0,0,0
complex,200,8,1600,0.5,122,doi_nonprivate_generic,direct_low,0.09860674353,0.0975700162,-0.001036727335,True,60,0.00779709114,4.583005797
complex,200,8,1600,0.5,122,doi_nonprivate_generic,direct_high,0.1616022877,0.156627761,-0.004974526691,True,60,0.00779709114,4.583005797
complex,200,8,1600,0.5,122,doi_nonprivate_generic,spillover_control,0.110137319,0.1144399292,0.004302610146,True,60,0.00779709114,4.583005797
complex,200,8,1600,0.5,122,doi_nonprivate_generic,spillover_treated,0.1731328632,0.173497674,0.0003648107903,True,60,0.00779709114,4.583005797
complex,200,8,1600,0.5,122,doi_private_generic,direct_low,0.09860674353,0.07066896496,-0.02793777857,True,48,0.0005008112205,3.917932304
complex,200,8,1600,0.5,122,doi_private_generic,direct_high,0.1616022877,0.3311832596,0.1695809719,True,48,0.0005008112205,3.917932304
complex,200,8,1600,0.5,122,doi_private_generic,spillover_control,0.110137319,-0.07434347962,-0.1844807987,True,48,0.0005008112205,3.917932304
complex,200,8,1600,0.5,122,doi_private_generic,spillover_treated,0.1731328632,0.186170815,0.01303795186,True,48,0.0005008112205,3.917932304
complex,200,8,1600,0.5,122,doi_private_no_interference,direct_low,0.09860674353,0.2228741772,0.1242674337,True,9,2.179664598e-05,1.102008048
complex,200,8,1600,0.5,122,doi_private_no_interference,direct_high,0.1616022877,0.2228741772,0.06127188952,True,9,2.179664598e-05,1.102008048
complex,200,8,1600,0.5,122,doi_private_no_interference,spillover_control,0.110137319,0,-0.110137319,True,9,2.179664598e-05,1.102008048
complex,200,8,1600,0.5,122,doi_private_no_interference,spillover_treated,0.1731328632,0,-0.1731328632,True,9,2.179664598e-05,1.102008048
complex,200,8,1600,1,122,design_ht,direct_low,0.09860674353,0.2314316767,0.1328249332,True,0,0,0
complex,200,8,1600,1,122,design_ht,direct_high,0.1616022877,0.07182412651,-0.08977816117,True,0,0,0
complex,200,8,1600,1,122,design_ht,spillover_control,0.110137319,0.1241569679,0.01401964884,True,0,0,0
complex,200,8,1600,1,122,design_ht,spillover_treated,0.1731328632,-0.03545058233,-0.2085834455,True,0,0,0
complex,200,8,1600,1,122,doi_nonprivate_generic,direct_low,0.09860674353,0.0975700162,-0.001036727335,True,60,0.00779709114,4.583005797
complex,200,8,1600,1,122,doi_nonprivate_generic,direct_high,0.1616022877,0.156627761,-0.004974526691,True,60,0.00779709114,4.583005797
complex,200,8,1600,1,122,doi_nonprivate_generic,spillover_control,0.110137319,0.1144399292,0.004302610146,True,60,0.00779709114,4.583005797
complex,200,8,1600,1,122,doi_nonprivate_generic,spillover_treated,0.1731328632,0.173497674,0.0003648107903,True,60,0.00779709114,4.583005797
complex,200,8,1600,1,122,doi_private_generic,direct_low,0.09860674353,0.1941263542,0.09551961067,True,68,0.001689345847,3.079723286
complex,200,8,1600,1,122,doi_private_generic,direct_high,0.1616022877,0.117441684,-0.04416060366,True,68,0.001689345847,3.079723286
complex,200,8,1600,1,122,doi_private_generic,spillover_control,0.110137319,0.1402596851,0.03012236608,True,68,0.001689345847,3.079723286
complex,200,8,1600,1,122,doi_private_generic,spillover_treated,0.1731328632,0.06357501493,-0.1095578483,True,68,0.001689345847,3.079723286
complex,200,8,1600,1,122,doi_private_no_interference,direct_low,0.09860674353,0.2274433871,0.1288366435,True,12,4.929314941e-06,2.05224769
complex,200,8,1600,1,122,doi_private_no_interference,direct_high,0.1616022877,0.2274433871,0.0658410994,True,12,4.929314941e-06,2.05224769
complex,200,8,1600,1,122,doi_private_no_interference,spillover_control,0.110137319,0,-0.110137319,True,12,4.929314941e-06,2.05224769
complex,200,8,1600,1,122,doi_private_no_interference,spillover_treated,0.1731328632,0,-0.1731328632,True,12,4.929314941e-06,2.05224769
complex,200,8,1600,2,122,design_ht,direct_low,0.09860674353,0.001969852672,-0.09663689086,True,0,0,0
complex,200,8,1600,2,122,design_ht,direct_high,0.1616022877,0.07228235267,-0.089319935,True,0,0,0
complex,200,8,1600,2,122,design_ht,spillover_control,0.110137319,0.05593632229,-0.05420099675,True,0,0,0
complex,200,8,1600,2,122,design_ht,spillover_treated,0.1731328632,0.1262488223,-0.04688404089,True,0,0,0
complex,200,8,1600,2,122,doi_nonprivate_generic,direct_low,0.09860674353,0.0975700162,-0.001036727335,True,60,0.00779709114,4.583005797
complex,200,8,1600,2,122,doi_nonprivate_generic,direct_high,0.1616022877,0.156627761,-0.004974526691,True,60,0.00779709114,4.583005797
complex,200,8,1600,2,122,doi_nonprivate_generic,spillover_control,0.110137319,0.1144399292,0.004302610146,True,60,0.00779709114,4.583005797
complex,200,8,1600,2,122,doi_nonprivate_generic,spillover_treated,0.1731328632,0.173497674,0.0003648107903,True,60,0.00779709114,4.583005797
complex,200,8,1600,2,122,doi_private_generic,direct_low,0.09860674353,0.02460469936,-0.07400204417,True,69,0.005970919385,4.407741001
complex,200,8,1600,2,122,doi_private_generic,direct_high,0.1616022877,0.07417065866,-0.08743162901,True,69,0.005970919385,4.407741001
complex,200,8,1600,2,122,doi_private_generic,spillover_control,0.110137319,0.1333102417,0.02317292264,True,69,0.005970919385,4.407741001
complex,200,8,1600,2,122,doi_private_generic,spillover_treated,0.1731328632,0.182876201,0.0097433378,True,69,0.005970919385,4.407741001
complex,200,8,1600,2,122,doi_private_no_interference,direct_low,0.09860674353,0.1459984024,0.04739165887,True,9,5.86073308e-05,1.257663615
complex,200,8,1600,2,122,doi_private_no_interference,direct_high,0.1616022877,0.1459984024,-0.01560388528,True,9,5.86073308e-05,1.257663615
complex,200,8,1600,2,122,doi_private_no_interference,spillover_control,0.110137319,0,-0.110137319,True,9,5.86073308e-05,1.257663615
complex,200,8,1600,2,122,doi_private_no_interference,spillover_treated,0.1731328632,0,-0.1731328632,True,9,5.86073308e-05,1.257663615
complex,200,8,1600,0.5,123,design_ht,direct_low,0.09860674353,0.05474262665,-0.04386411689,True,0,0,0
complex,200,8,1600,0.5,123,design_ht,direct_high,0.1616022877,0.04563343657,-0.1159688511,True,0,0,0
complex,200,8,1600,0.5,123,design_ht,spillover_control,0.110137319,0.1943173308,0.08418001173,True,0,0,0
complex,200,8,1600,0.5,123,design_ht,spillover_treated,0.1731328632,0.1852081407,0.01207527751,True,0,0,0
complex,200,8,1600,0.5,123,doi_nonprivate_generic,direct_low,0.09860674353,0.09699922107,-0.001607522458,True,61,0.004652841533,4.658251381
complex,200,8,1600,0.5,123,doi_nonprivate_generic,direct_high,0.1616022877,0.1571099679,-0.00449231978,True,61,0.004652841533,4.658251381
complex,200,8,1600,0.5,123,doi_nonprivate_generic,spillover_control,0.110137319,0.1145623666,0.004425047532,True,61,0.004652841533,4.658251381
complex,200,8,1600,0.5,123,doi_nonprivate_generic,spillover_treated,0.1731328632,0.1746731134,0.00154025021,True,61,0.004652841533,4.658251381
complex,200,8,1600,0.5,123,doi_private_generic,direct_low,0.09860674353,0.1061112595,0.007504515982,True,56,0.0002759784065,4.844925353
complex,200,8,1600,0.5,123,doi_private_generic,direct_high,0.1616022877,0.02905315169,-0.132549136,True,56,0.0002759784065,4.844925353
complex,200,8,1600,0.5,123,doi_private_generic,spillover_control,0.110137319,0.224819709,0.11468239,True,56,0.0002759784065,4.844925353
complex,200,8,1600,0.5,123,doi_private_generic,spillover_treated,0.1731328632,0.1477616012,-0.02537126197,True,56,0.0002759784065,4.844925353
complex,200,8,1600,0.5,123,doi_private_no_interference,direct_low,0.09860674353,0.1758869567,0.07728021319,True,11,4.669331978e-05,3.080509648
complex,200,8,1600,0.5,123,doi_private_no_interference,direct_high,0.1616022877,0.1758869567,0.01428466905,True,11,4.669331978e-05,3.080509648
complex,200,8,1600,0.5,123,doi_private_no_interference,spillover_control,0.110137319,0,-0.110137319,True,11,4.669331978e-05,3.080509648
complex,200,8,1600,0.5,123,doi_private_no_interference,spillover_treated,0.1731328632,0,-0.1731328632,True,11,4.669331978e-05,3.080509648
complex,200,8,1600,1,123,design_ht,direct_low,0.09860674353,0.09394349022,-0.004663253315,True,0,0,0
complex,200,8,1600,1,123,design_ht,direct_high,0.1616022877,0.1959674711,0.03436518347,True,0,0,0
complex,200,8,1600,1,123,design_ht,spillover_control,0.110137319,0.1449681991,0.03483088001,True,0,0,0
complex,200,8,1600,1,123,design_ht,spillover_treated,0.1731328632,0.24699218,0.0738593168,True,0,0,0
complex,200,8,1600,1,123,doi_nonprivate_generic,direct_low,0.09860674353,0.09699922107,-0.001607522458,True,61,0.004652841533,4.658251381
complex,200,8,1600,1,123,doi_nonprivate_generic,direct_high,0.1616022877,0.1571099679,-0.00449231978,True,61,0.004652841533,4.658251381
complex,200,8,1600,1,123,doi_nonprivate_generic,spillover_control,0.110137319,0.1145623666,0.004425047532,True,61,0.004652841533,4.658251381
complex,200,8,1600,1,123,doi_nonprivate_generic,spillover_treated,0.1731328632,0.1746731134,0.00154025021,True,61,0.004652841533,4.658251381
complex,200,8,1600,1,123,doi_private_generic,direct_low,0.09860674353,0.1171984864,0.01859174286,True,62,0.003129413053,3.008152301
complex,200,8,1600,1,123,doi_private_generic,direct_high,0.1616022877,0.1970997369,0.03549744921,True,62,0.003129413053,3.008152301
complex,200,8,1600,1,123,doi_private_generic,spillover_control,0.110137319,0.1551584993,0.04502118021,True,62,0.003129413053,3.008152301
complex,200,8,1600,1,123,doi_private_generic,spillover_treated,0.1731328632,0.2350597497,0.06192688656,True,62,0.003129413053,3.008152301
complex,200,8,1600,1,123,doi_private_no_interference,direct_low,0.09860674353,0.2860613152,0.1874545716,True,12,0.0003092343833,2.209848353
complex,200,8,1600,1,123,doi_private_no_interference,direct_high,0.1616022877,0.2860613152,0.1244590275,True,12,0.0003092343833,2.209848353
complex,200,8,1600,1,123,doi_private_no_interference,spillover_control,0.110137319,0,-0.110137319,True,12,0.0003092343833,2.209848353
complex,200,8,1600,1,123,doi_private_no_interference,spillover_treated,0.1731328632,0,-0.1731328632,True,12,0.0003092343833,2.209848353
complex,200,8,1600,2,123,design_ht,direct_low,0.09860674353,0.09161588134,-0.006990862195,True,0,0,0
complex,200,8,1600,2,123,design_ht,direct_high,0.1616022877,0.2550391159,0.09343682824,True,0,0,0
complex,200,8,1600,2,123,design_ht,spillover_control,0.110137319,0.02243176439,-0.08770555465,True,0,0,0
complex,200,8,1600,2,123,design_ht,spillover_treated,0.1731328632,0.185854999,0.01272213579,True,0,0,0
complex,200,8,1600,2,123,doi_nonprivate_generic,direct_low,0.09860674353,0.09699922107,-0.001607522458,True,61,0.004652841533,4.658251381
complex,200,8,1600,2,123,doi_nonprivate_generic,direct_high,0.1616022877,0.1571099679,-0.00449231978,True,61,0.004652841533,4.658251381
complex,200,8,1600,2,123,doi_nonprivate_generic,spillover_control,0.110137319,0.1145623666,0.004425047532,True,61,0.004652841533,4.658251381
complex,200,8,1600,2,123,doi_nonprivate_generic,spillover_treated,0.1731328632,0.1746731134,0.00154025021,True,61,0.004652841533,4.658251381
complex,200,8,1600,2,123,doi_private_generic,direct_low,0.09860674353,0.1171703623,0.01856361877,True,63,0.01534980077,3.871890389
complex,200,8,1600,2,123,doi_private_generic,direct_high,0.1616022877,0.2280704116,0.06646812396,True,63,0.01534980077,3.871890389
complex,200,8,1600,2,123,doi_private_generic,spillover_control,0.110137319,0.08278566542,-0.02735165362,True,63,0.01534980077,3.871890389
complex,200,8,1600,2,123,doi_private_generic,spillover_treated,0.1731328632,0.1936857148,0.02055285158,True,63,0.01534980077,3.871890389
complex,200,8,1600,2,123,doi_private_no_interference,direct_low,0.09860674353,0.2597825402,0.1611757967,True,11,9.620515525e-05,1.952797918
complex,200,8,1600,2,123,doi_private_no_interference,direct_high,0.1616022877,0.2597825402,0.09818025254,True,11,9.620515525e-05,1.952797918
complex,200,8,1600,2,123,doi_private_no_interference,spillover_control,0.110137319,0,-0.110137319,True,11,9.620515525e-05,1.952797918
complex,200,8,1600,2,123,doi_private_no_interference,spillover_treated,0.1731328632,0,-0.1731328632,True,11,9.620515525e-05,1.952797918
complex,200,8,1600,0.5,124,design_ht,direct_low,0.09860674353,0.1825402182,0.08393347464,True,0,0,0
complex,200,8,1600,0.5,124,design_ht,direct_high,0.1616022877,0.09250843657,-0.06909385111,True,0,0,0
complex,200,8,1600,0.5,124,design_ht,spillover_control,0.110137319,0.1629992603,0.05286194128,True,0,0,0
complex,200,8,1600,0.5,124,design_ht,spillover_treated,0.1731328632,0.07296747871,-0.1001653845,True,0,0,0
complex,200,8,1600,0.5,124,doi_nonprivate_generic,direct_low,0.09860674353,0.09727140184,-0.001335341693,True,71,0.002343135222,4.580197282
complex,200,8,1600,0.5,124,doi_nonprivate_generic,direct_high,0.1616022877,0.1566863446,-0.004915943101,True,71,0.002343135222,4.580197282
complex,200,8,1600,0.5,124,doi_nonprivate_generic,spillover_control,0.110137319,0.1170263094,0.006888990349,True,71,0.002343135222,4.580197282
complex,200,8,1600,0.5,124,doi_nonprivate_generic,spillover_treated,0.1731328632,0.1764412521,0.003308388941,True,71,0.002343135222,4.580197282
complex,200,8,1600,0.5,124,doi_private_generic,direct_low,0.09860674353,0.1132834934,0.01467674991,True,34,0.0003015987526,4.979779018
complex,200,8,1600,0.5,124,doi_private_generic,direct_high,0.1616022877,0.1069431759,-0.05465911178,True,34,0.0003015987526,4.979779018
complex,200,8,1600,0.5,124,doi_private_generic,spillover_control,0.110137319,0.1806501615,0.07051284245,True,34,0.0003015987526,4.979779018
complex,200,8,1600,0.5,124,doi_private_generic,spillover_treated,0.1731328632,0.1743098439,0.001176980761,True,34,0.0003015987526,4.979779018
complex,200,8,1600,0.5,124,doi_private_no_interference,direct_low,0.09860674353,0.2189490577,0.1203423142,True,11,5.778873113e-06,1.210823562
complex,200,8,1600,0.5,124,doi_private_no_interference,direct_high,0.1616022877,0.2189490577,0.05734677002,True,11,5.778873113e-06,1.210823562
complex,200,8,1600,0.5,124,doi_private_no_interference,spillover_control,0.110137319,0,-0.110137319,True,11,5.778873113e-06,1.210823562
complex,200,8,1600,0.5,124,doi_private_no_interference,spillover_treated,0.1731328632,0,-0.1731328632,True,11,5.778873113e-06,1.210823562
complex,200,8,1600,1,124,design_ht,direct_low,0.09860674353,0.1334792846,0.03487254111,True,0,0,0
complex,200,8,1600,1,124,design_ht,direct_high,0.1616022877,0.2056495218,0.04404723417,True,0,0,0
complex,200,8,1600,1,124,design_ht,spillover_control,0.110137319,0.00586663906,-0.10427068,True,0,0,0
complex,200,8,1600,1,124,design_ht,spillover_treated,0.1731328632,0.07803687626,-0.09509598692,True,0,0,0
complex,200,8,1600,1,124,doi_nonprivate_generic,direct_low,0.09860674353,0.09727140184,-0.001335341693,True,71,0.002343135222,4.580197282
complex,200,8,1600,1,124,doi_nonprivate_generic,direct_high,0.1616022877,0.1566863446,-0.004915943101,True,71,0.002343135222,4.580197282
complex,200,8,1600,1,124,doi_nonprivate_generic,spillover_control,0.110137319,0.1170263094,0.006888990349,True,71,0.002343135222,4.580197282
complex,200,8,1600,1,124,doi_nonprivate_generic,spillover_treated,0.1731328632,0.1764412521,0.003308388941,True,71,0.002343135222,4.580197282
complex,200,8,1600,1,124,doi_private_generic,direct_low,0.09860674353,0.06390946804,-0.03469727549,True,57,0.002735513621,3.64362633
complex,200,8,1600,1,124,doi_private_generic,direct_high,0.1616022877,0.1427912171,-0.01881107054,True,57,0.002735513621,3.64362633
complex,200,8,1600,1,124,doi_private_generic,spillover_control,0.110137319,0.1479355128,0.03779819374,True,57,0.002735513621,3.64362633
complex,200,8,1600,1,124,doi_private_generic,spillover_treated,0.1731328632,0.2268172619,0.05368439869,True,57,0.002735513621,3.64362633
complex,200,8,1600,1,124,doi_private_no_interference,direct_low,0.09860674353,0.2092540376,0.1106472941,True,7,1.910935783e-06,1.439494689
complex,200,8,1600,1,124,doi_private_no_interference,direct_high,0.1616022877,0.2092540376,0.04765174995,True,7,1.910935783e-06,1.439494689
complex,200,8,1600,1,124,doi_private_no_interference,spillover_control,0.110137319,0,-0.110137319,True,7,1.910935783e-06,1.439494689
complex,200,8,1600,1,124,doi_private_no_interference,spillover_treated,0.1731328632,0,-0.1731328632,True,7,1.910935783e-06,1.439494689
complex,200,8,1600,2,124,design_ht,direct_low,0.09860674353,0.1345102935,0.03590354998,True,0,0,0
complex,200,8,1600,2,124,design_ht,direct_high,0.1616022877,0.1254749994,-0.03612728825,True,0,0,0
complex,200,8,1600,2,124,design_ht,spillover_control,0.110137319,0.04527088145,-0.06486643759,True,0,0,0
complex,200,8,1600,2,124,design_ht,spillover_treated,0.1731328632,0.03623558737,-0.1368972758,True,0,0,0
complex,200,8,1600,2,124,doi_nonprivate_generic,direct_low,0.09860674353,0.09727140184,-0.001335341693,True,71,0.002343135222,4.580197282
complex,200,8,1600,2,124,doi_nonprivate_generic,direct_high,0.1616022877,0.1566863446,-0.004915943101,True,71,0.002343135222,4.580197282
complex,200,8,1600,2,124,doi_nonprivate_generic,spillover_control,0.110137319,0.1170263094,0.006888990349,True,71,0.002343135222,4.580197282
complex,200,8,1600,2,124,doi_nonprivate_generic,spillover_treated,0.1731328632,0.1764412521,0.003308388941,True,71,0.002343135222,4.580197282
complex,200,8,1600,2,124,doi_private_generic,direct_low,0.09860674353,0.06619799894,-0.03240874459,True,74,0.001894635193,5.057752531
complex,200,8,1600,2,124,doi_private_generic,direct_high,0.1616022877,0.1012049516,-0.06039733605,True,74,0.001894635193,5.057752531
complex,200,8,1600,2,124,doi_private_generic,spillover_control,0.110137319,0.1260496529,0.01591233387,True,74,0.001894635193,5.057752531
complex,200,8,1600,2,124,doi_private_generic,spillover_treated,0.1731328632,0.1610566056,-0.01207625759,True,74,0.001894635193,5.057752531
complex,200,8,1600,2,124,doi_private_no_interference,direct_low,0.09860674353,0.1678527164,0.06924597292,True,10,1.168241672e-06,1.232684819
complex,200,8,1600,2,124,doi_private_no_interference,direct_high,0.1616022877,0.1678527164,0.006250428773,True,10,1.168241672e-06,1.232684819
complex,200,8,1600,2,124,doi_private_no_interference,spillover_control,0.110137319,0,-0.110137319,True,10,1.168241672e-06,1.232684819
complex,200,8,1600,2,124,doi_private_no_interference,spillover_treated,0.1731328632,0,-0.1731328632,True,10,1.168241672e-06,1.232684819
complex,200,8,1600,0.5,125,design_ht,direct_low,0.09860674353,0.410707401,0.3121006575,True,0,0,0
complex,200,8,1600,0.5,125,design_ht,direct_high,0.1616022877,0.1554525702,-0.006149717437,True,0,0,0
complex,200,8,1600,0.5,125,design_ht,spillover_control,0.110137319,0.02558027458,-0.08455704446,True,0,0,0
complex,200,8,1600,0.5,125,design_ht,spillover_treated,0.1731328632,-0.2296745562,-0.4028074194,True,0,0,0
complex,200,8,1600,0.5,125,doi_nonprivate_generic,direct_low,0.09860674353,0.09987737697,0.001270633441,True,73,0.003936074743,4.639086518
complex,200,8,1600,0.5,125,doi_nonprivate_generic,direct_high,0.1616022877,0.1576402046,-0.003962083123,True,73,0.003936074743,4.639086518
complex,200,8,1600,0.5,125,doi_nonprivate_generic,spillover_control,0.110137319,0.1153175553,0.005180236249,True,73,0.003936074743,4.639086518
complex,200,8,1600,0.5,125,doi_nonprivate_generic,spillover_treated,0.1731328632,0.1730803829,-5.24803155e-05,True,73,0.003936074743,4.639086518
complex,200,8,1600,0.5,125,doi_private_generic,direct_low,0.09860674353,0.4108174872,0.3122107437,True,48,0.0007591498189,6.279529489
complex,200,8,1600,0.5,125,doi_private_generic,direct_high,0.1616022877,0.04514329428,-0.1164589934,True,48,0.0007591498189,6.279529489
complex,200,8,1600,0.5,125,doi_private_generic,spillover_control,0.110137319,0.2688503539,0.1587130349,True,48,0.0007591498189,6.279529489
complex,200,8,1600,0.5,125,doi_private_generic,spillover_treated,0.1731328632,-0.09682383897,-0.2699567022,True,48,0.0007591498189,6.279529489
complex,200,8,1600,0.5,125,doi_private_no_interference,direct_low,0.09860674353,0.2756157373,0.1770089938,True,10,0.0002165562555,2.42665852
complex,200,8,1600,0.5,125,doi_private_no_interference,direct_high,0.1616022877,0.2756157373,0.1140134496,True,10,0.0002165562555,2.42665852
complex,200,8,1600,0.5,125,doi_private_no_interference,spillover_control,0.110137319,0,-0.110137319,True,10,0.0002165562555,2.42665852
complex,200,8,1600,0.5,125,doi_private_no_interference,spillover_treated,0.1731328632,0,-0.1731328632,True,10,0.0002165562555,2.42665852
complex,200,8,1600,1,125,design_ht,direct_low,0.09860674353,0.1057258321,0.007119088551,True,0,0,0
complex,200,8,1600,1,125,design_ht,direct_high,0.1616022877,0.06549781627,-0.09610447141,True,0,0,0
complex,200,8,1600,1,125,design_ht,spillover_control,0.110137319,0.193585566,0.08344824698,True,0,0,0
complex,200,8,1600,1,125,design_ht,spillover_treated,0.1731328632,0.1533575502,-0.01977531297,True,0,0,0
complex,200,8,1600,1,125,doi_nonprivate_generic,direct_low,0.09860674353,0.09987737697,0.001270633441,True,73,0.003936074743,4.639086518
complex,200,8,1600,1,125,doi_nonprivate_generic,direct_high,0.1616022877,0.1576402046,-0.003962083123,True,73,0.003936074743,4.639086518
complex,200,8,1600,1,125,doi_nonprivate_generic,spillover_control,0.110137319,0.1153175553,0.005180236249,True,73,0.003936074743,4.639086518
complex,200,8,1600,1,125,doi_nonprivate_generic,spillover_treated,0.1731328632,0.1730803829,-5.24803155e-05,True,73,0.003936074743,4.639086518
complex,200,8,1600,1,125,doi_private_generic,direct_low,0.09860674353,0.09318828863,-0.005418454905,True,60,0.002460815672,2.379582006
complex,200,8,1600,1,125,doi_private_generic,direct_high,0.1616022877,0.1475471939,-0.01405509375,True,60,0.002460815672,2.379582006
complex,200,8,1600,1,125,doi_private_generic,spillover_control,0.110137319,0.1863646067,0.07622728762,True,60,0.002460815672,2.379582006
complex,200,8,1600,1,125,doi_private_generic,spillover_treated,0.1731328632,0.240723512,0.06759064877,True,60,0.002460815672,2.379582006
complex,200,8,1600,1,125,doi_private_no_interference,direct_low,0.09860674353,0.2380202028,0.1394134593,True,11,3.018939802e-06,1.395106379
complex,200,8,1600,1,125,doi_private_no_interference,direct_high,0.1616022877,0.2380202028,0.07641791513,True,11,3.018939802e-06,1.395106379
complex,200,8,1600,1,125,doi_private_no_interference,spillover_control,0.110137319,0,-0.110137319,True,11,3.018939802e-06,1.395106379
complex,200,8,1600,1,125,doi_private_no_interference,spillover_treated,0.1731328632,0,-0.1731328632,True,11,3.018939802e-06,1.395106379
complex,200,8,1600,2,125,design_ht,direct_low,0.09860674353,0.1479610284,0.0493542849,True,0,0,0
complex,200,8,1600,2,125,design_ht,direct_high,0.1616022877,0.1261402931,-0.03546199462,True,0,0,0
complex,200,8,1600,2,125,design_ht,spillover_control,0.110137319,0.1032327932,-0.006904525871,True,0,0,0
complex,200,8,1600,2,125,design_ht,spillover_treated,0.1731328632,0.08141205779,-0.0917208054,True,0,0,0
complex,200,8,1600,2,125,doi_nonprivate_generic,direct_low,0.09860674353,0.09987737697,0.001270633441,True,73,0.003936074743,4.639086518
complex,200,8,1600,2,125,doi_nonprivate_generic,direct_high,0.1616022877,0.1576402046,-0.003962083123,True,73,0.003936074743,4.639086518
complex,200,8,1600,2,125,doi_nonprivate_generic,spillover_control,0.110137319,0.1153175553,0.005180236249,True,73,0.003936074743,4.639086518
complex,200,8,1600,2,125,doi_nonprivate_generic,spillover_treated,0.1731328632,0.1730803829,-5.24803155e-05,True,73,0.003936074743,4.639086518
complex,200,8,1600,2,125,doi_private_generic,direct_low,0.09860674353,0.1212919834,0.02268523988,True,64,0.008270828282,2.503120704
complex,200,8,1600,2,125,doi_private_generic,direct_high,0.1616022877,0.2124900541,0.05088776642,True,64,0.008270828282,2.503120704
complex,200,8,1600,2,125,doi_private_generic,spillover_control,0.110137319,0.08034117968,-0.02979613936,True,64,0.008270828282,2.503120704
complex,200,8,1600,2,125,doi_private_generic,spillover_treated,0.1731328632,0.1715392504,-0.001593612815,True,64,0.008270828282,2.503120704
complex,200,8,1600,2,125,doi_private_no_interference,direct_low,0.09860674353,0.2379623308,0.1393555872,True,10,0.0002008147452,1.94726491
complex,200,8,1600,2,125,doi_private_no_interference,direct_high,0.1616022877,0.2379623308,0.0763600431,True,10,0.0002008147452,1.94726491
complex,200,8,1600,2,125,doi_private_no_interference,spillover_control,0.110137319,0,-0.110137319,True,10,0.0002008147452,1.94726491
complex,200,8,1600,2,125,doi_private_no_interference,spillover_treated,0.1731328632,0,-0.1731328632,True,10,0.0002008147452,1.94726491
complex,200,8,1600,0.5,126,design_ht,direct_low,0.09860674353,0.1700402182,0.07143347464,True,0,0,0
complex,200,8,1600,0.5,126,design_ht,direct_high,0.1616022877,0.3478864644,0.1862841768,True,0,0,0
complex,200,8,1600,0.5,126,design_ht,spillover_control,0.110137319,-0.1669152182,-0.2770525372,True,0,0,0
complex,200,8,1600,0.5,126,design_ht,spillover_treated,0.1731328632,0.0109310281,-0.1622018351,True,0,0,0
complex,200,8,1600,0.5,126,doi_nonprivate_generic,direct_low,0.09860674353,0.0964332566,-0.002173486928,True,80,0.001719292187,4.596372227
complex,200,8,1600,0.5,126,doi_nonprivate_generic,direct_high,0.1616022877,0.1575928247,-0.004009462998,True,80,0.001719292187,4.596372227
complex,200,8,1600,0.5,126,doi_nonprivate_generic,spillover_control,0.110137319,0.1133769442,0.003239625129,True,80,0.001719292187,4.596372227
complex,200,8,1600,0.5,126,doi_nonprivate_generic,spillover_treated,0.1731328632,0.1745365122,0.001403649059,True,80,0.001719292187,4.596372227
complex,200,8,1600,0.5,126,doi_private_generic,direct_low,0.09860674353,0.06950139869,-0.02910534484,True,41,0.0005532024175,3.705865915
complex,200,8,1600,0.5,126,doi_private_generic,direct_high,0.1616022877,0.3252301481,0.1636278604,True,41,0.0005532024175,3.705865915
complex,200,8,1600,0.5,126,doi_private_generic,spillover_control,0.110137319,-0.05811962989,-0.1682569489,True,41,0.0005532024175,3.705865915
complex,200,8,1600,0.5,126,doi_private_generic,spillover_treated,0.1731328632,0.1976091195,0.0244762563,True,41,0.0005532024175,3.705865915
complex,200,8,1600,0.5,126,doi_private_no_interference,direct_low,0.09860674353,0.2266743473,0.1280676037,True,8,1.083738503e-05,1.107217323
complex,200,8,1600,0.5,126,doi_private_no_interference,direct_high,0.1616022877,0.2266743473,0.0650720596,True,8,1.083738503e-05,1.107217323
complex,200,8,1600,0.5,126,doi_private_no_interference,spillover_control,0.110137319,0,-0.110137319,True,8,1.083738503e-05,1.107217323
complex,200,8,1600,0.5,126,doi_private_no_interference,spillover_treated,0.1731328632,0,-0.1731328632,True,8,1.083738503e-05,1.107217323
complex,200,8,1600,1,126,design_ht,direct_low,0.09860674353,0.1446475251,0.04604078157,True,0,0,0
complex,200,8,1600,1,126,design_ht,direct_high,0.1616022877,0.1258720884,-0.03573019932,True,0,0,0
complex,200,8,1600,1,126,design_ht,spillover_control,0.110137319,0.2236446135,0.1135072944,True,0,0,0
complex,200,8,1600,1,126,design_ht,spillover_treated,0.1731328632,0.2048691767,0.03173631353,True,0,0,0
complex,200,8,1600,1,126,doi_nonprivate_generic,direct_low,0.09860674353,0.0964332566,-0.002173486928,True,80,0.001719292187,4.596372227
complex,200,8,1600,1,126,doi_nonprivate_generic,direct_high,0.1616022877,0.1575928247,-0.004009462998,True,80,0.001719292187,4.596372227
complex,200,8,1600,1,126,doi_nonprivate_generic,spillover_control,0.110137319,0.1133769442,0.003239625129,True,80,0.001719292187,4.596372227
complex,200,8,1600,1,126,doi_nonprivate_generic,spillover_treated,0.1731328632,0.1745365122,0.001403649059,True,80,0.001719292187,4.596372227
complex,200,8,1600,1,126,doi_private_generic,direct_low,0.09860674353,0.1010317737,0.002425030171,True,69,0.001247896211,4.242099621
complex,200,8,1600,1,126,doi_private_generic,direct_high,0.1616022877,0.2129257326,0.05132344496,True,69,0.001247896211,4.242099621
complex,200,8,1600,1,126,doi_private_generic,spillover_control,0.110137319,0.1652630193,0.0551257003,True,69,0.001247896211,4.242099621
complex,200,8,1600,1,126,doi_private_generic,spillover_treated,0.1731328632,0.2771569783,0.1040241151,True,69,0.001247896211,4.242099621
complex,200,8,1600,1,126,doi_private_no_interference,direct_low,0.09860674353,0.2716671258,0.1730603823,True,12,8.91008387e-05,2.776293999
complex,200,8,1600,1,126,doi_private_no_interference,direct_high,0.1616022877,0.2716671258,0.1100648381,True,12,8.91008387e-05,2.776293999
complex,200,8,1600,1,126,doi_private_no_interference,spillover_control,0.110137319,0,-0.110137319,True,12,8.91008387e-05,2.776293999
complex,200,8,1600,1,126,doi_private_no_interference,spillover_treated,0.1731328632,0,-0.1731328632,True,12,8.91008387e-05,2.776293999
complex,200,8,1600,2,126,design_ht,direct_low,0.09860674353,0.1589394109,0.06033266738,True,0,0,0
complex,200,8,1600,2,126,design_ht,direct_high,0.1616022877,0.08910264641,-0.07249964126,True,0,0,0
complex,200,8,1600,2,126,design_ht,spillover_control,0.110137319,0.1601347047,0.04999738562,True,0,0,0
complex,200,8,1600,2,126,design_ht,spillover_treated,0.1731328632,0.09029794015,-0.08283492303,True,0,0,0
complex,200,8,1600,2,126,doi_nonprivate_generic,direct_low,0.09860674353,0.0964332566,-0.002173486928,True,80,0.001719292187,4.596372227
complex,200,8,1600,2,126,doi_nonprivate_generic,direct_high,0.1616022877,0.1575928247,-0.004009462998,True,80,0.001719292187,4.596372227
complex,200,8,1600,2,126,doi_nonprivate_generic,spillover_control,0.110137319,0.1133769442,0.003239625129,True,80,0.001719292187,4.596372227
complex,200,8,1600,2,126,doi_nonprivate_generic,spillover_treated,0.1731328632,0.1745365122,0.001403649059,True,80,0.001719292187,4.596372227
complex,200,8,1600,2,126,doi_private_generic,direct_low,0.09860674353,0.1247194861,0.02611274259,True,63,0.00180360726,8.535810389
complex,200,8,1600,2,126,doi_private_generic,direct_high,0.1616022877,0.07735096715,-0.08425132052,True,63,0.00180360726,8.535810389
complex,200,8,1600,2,126,doi_private_generic,spillover_control,0.110137319,0.2157258637,0.1055885446,True,63,0.00180360726,8.535810389
complex,200,8,1600,2,126,doi_private_generic,spillover_treated,0.1731328632,0.1683573447,-0.004775518488,True,63,0.00180360726,8.535810389
complex,200,8,1600,2,126,doi_private_no_interference,direct_low,0.09860674353,0.2137840943,0.1151773508,True,9,0.0002480381489,1.652595684
complex,200,8,1600,2,126,doi_private_no_interference,direct_high,0.1616022877,0.2137840943,0.05218180666,True,9,0.0002480381489,1.652595684
complex,200,8,1600,2,126,doi_private_no_interference,spillover_control,0.110137319,0,-0.110137319,True,9,0.0002480381489,1.652595684
complex,200,8,1600,2,126,doi_private_no_interference,spillover_treated,0.1731328632,0,-0.1731328632,True,9,0.0002480381489,1.652595684
complex,200,8,1600,0.5,127,design_ht,direct_low,0.09860674353,0.09055692954,-0.008049813988,True,0,0,0
complex,200,8,1600,0.5,127,design_ht,direct_high,0.1616022877,0.3782903799,0.2166880923,True,0,0,0
complex,200,8,1600,0.5,127,design_ht,spillover_control,0.110137319,0.04680692954,-0.0633303895,True,0,0,0
complex,200,8,1600,0.5,127,design_ht,spillover_treated,0.1731328632,0.3345403799,0.1614075168,True,0,0,0
complex,200,8,1600,0.5,127,doi_nonprivate_generic,direct_low,0.09860674353,0.09570567896,-0.002901064571,True,96,0.001283177281,4.541798479
complex,200,8,1600,0.5,127,doi_nonprivate_generic,direct_high,0.1616022877,0.1588509103,-0.002751377397,True,96,0.001283177281,4.541798479
complex,200,8,1600,0.5,127,doi_nonprivate_generic,spillover_control,0.110137319,0.1152796758,0.005142356732,True,96,0.001283177281,4.541798479
complex,200,8,1600,0.5,127,doi_nonprivate_generic,spillover_treated,0.1731328632,0.1784249071,0.005292043906,True,96,0.001283177281,4.541798479
complex,200,8,1600,0.5,127,doi_private_generic,direct_low,0.09860674353,0.0795418782,-0.01906486533,True,43,0.0002805348254,7.627676405
complex,200,8,1600,0.5,127,doi_private_generic,direct_high,0.1616022877,0.1952275789,0.03362529121,True,43,0.0002805348254,7.627676405
complex,200,8,1600,0.5,127,doi_private_generic,spillover_control,0.110137319,0.2451380558,0.1350007367,True,43,0.0002805348254,7.627676405
complex,200,8,1600,0.5,127,doi_private_generic,spillover_treated,0.1731328632,0.3608237564,0.1876908933,True,43,0.0002805348254,7.627676405
complex,200,8,1600,0.5,127,doi_private_no_interference,direct_low,0.09860674353,0.292460225,0.1938534815,True,10,5.404633038e-05,3.156503431
complex,200,8,1600,0.5,127,doi_private_no_interference,direct_high,0.1616022877,0.292460225,0.1308579373,True,10,5.404633038e-05,3.156503431
complex,200,8,1600,0.5,127,doi_private_no_interference,spillover_control,0.110137319,0,-0.110137319,True,10,5.404633038e-05,3.156503431
complex,200,8,1600,0.5,127,doi_private_no_interference,spillover_treated,0.1731328632,0,-0.1731328632,True,10,5.404633038e-05,3.156503431
complex,200,8,1600,1,127,design_ht,direct_low,0.09860674353,0.2701735028,0.1715667592,True,0,0,0
complex,200,8,1600,1,127,design_ht,direct_high,0.1616022877,-0.07552597766,-0.2371282653,True,0,0,0
complex,200,8,1600,1,127,design_ht,spillover_control,0.110137319,0.3075717558,0.1974344367,True,0,0,0
complex,200,8,1600,1,127,design_ht,spillover_treated,0.1731328632,-0.03812772465,-0.2112605878,True,0,0,0
complex,200,8,1600,1,127,doi_nonprivate_generic,direct_low,0.09860674353,0.09570567896,-0.002901064571,True,96,0.001283177281,4.541798479
complex,200,8,1600,1,127,doi_nonprivate_generic,direct_high,0.1616022877,0.1588509103,-0.002751377397,True,96,0.001283177281,4.541798479
complex,200,8,1600,1,127,doi_nonprivate_generic,spillover_control,0.110137319,0.1152796758,0.005142356732,True,96,0.001283177281,4.541798479
complex,200,8,1600,1,127,doi_nonprivate_generic,spillover_treated,0.1731328632,0.1784249071,0.005292043906,True,96,0.001283177281,4.541798479
complex,200,8,1600,1,127,doi_private_generic,direct_low,0.09860674353,0.1426190488,0.0440123053,True,57,0.004552618991,3.83571666
complex,200,8,1600,1,127,doi_private_generic,direct_high,0.1616022877,-0.02713455913,-0.1887368468,True,57,0.004552618991,3.83571666
complex,200,8,1600,1,127,doi_private_generic,spillover_control,0.110137319,0.2189103334,0.1087730143,True,57,0.004552618991,3.83571666
complex,200,8,1600,1,127,doi_private_generic,spillover_treated,0.1731328632,0.04915672542,-0.1239761378,True,57,0.004552618991,3.83571666
complex,200,8,1600,1,127,doi_private_no_interference,direct_low,0.09860674353,0.1397830279,0.0411762844,True,11,7.009509328e-06,1.13225201
complex,200,8,1600,1,127,doi_private_no_interference,direct_high,0.1616022877,0.1397830279,-0.02181925974,True,11,7.009509328e-06,1.13225201
complex,200,8,1600,1,127,doi_private_no_interference,spillover_control,0.110137319,0,-0.110137319,True,11,7.009509328e-06,1.13225201
complex,200,8,1600,1,127,doi_private_no_interference,spillover_treated,0.1731328632,0,-0.1731328632,True,11,7.009509328e-06,1.13225201
complex,200,8,1600,2,127,design_ht,direct_low,0.09860674353,0.1016301468,0.003023403224,True,0,0,0
complex,200,8,1600,2,127,design_ht,direct_high,0.1616022877,0.2365611751,0.0749588874,True,0,0,0
complex,200,8,1600,2,127,design_ht,spillover_control,0.110137319,0.04967367622,-0.06046364282,True,0,0,0
complex,200,8,1600,2,127,design_ht,spillover_treated,0.1731328632,0.1846047045,0.01147184136,True,0,0,0
complex,200,8,1600,2,127,doi_nonprivate_generic,direct_low,0.09860674353,0.09570567896,-0.002901064571,True,96,0.001283177281,4.541798479
complex,200,8,1600,2,127,doi_nonprivate_generic,direct_high,0.1616022877,0.1588509103,-0.002751377397,True,96,0.001283177281,4.541798479
complex,200,8,1600,2,127,doi_nonprivate_generic,spillover_control,0.110137319,0.1152796758,0.005142356732,True,96,0.001283177281,4.541798479
complex,200,8,1600,2,127,doi_nonprivate_generic,spillover_treated,0.1731328632,0.1784249071,0.005292043906,True,96,0.001283177281,4.541798479
complex,200,8,1600,2,127,doi_private_generic,direct_low,0.09860674353,0.03503264978,-0.06357409375,True,66,0.001523649933,4.62254375
complex,200,8,1600,2,127,doi_private_generic,direct_high,0.1616022877,0.1912944351,0.02969214738,True,66,0.001523649933,4.62254375
complex,200,8,1600,2,127,doi_private_generic,spillover_control,0.110137319,0.06921277242,-0.04092454662,True,66,0.001523649933,4.62254375
complex,200,8,1600,2,127,doi_private_generic,spillover_treated,0.1731328632,0.2254745577,0.05234169451,True,66,0.001523649933,4.62254375
complex,200,8,1600,2,127,doi_private_no_interference,direct_low,0.09860674353,0.2035941776,0.1049874341,True,8,3.49196955e-06,1.132849373
complex,200,8,1600,2,127,doi_private_no_interference,direct_high,0.1616022877,0.2035941776,0.04199188996,True,8,3.49196955e-06,1.132849373
complex,200,8,1600,2,127,doi_private_no_interference,spillover_control,0.110137319,0,-0.110137319,True,8,3.49196955e-06,1.132849373
complex,200,8,1600,2,127,doi_private_no_interference,spillover_treated,0.1731328632,0,-0.1731328632,True,8,3.49196955e-06,1.132849373
complex,200,8,1600,0.5,128,design_ht,direct_low,0.09860674353,0.1159394647,0.01733272113,True,0,0,0
complex,200,8,1600,0.5,128,design_ht,direct_high,0.1616022877,0.07987876756,-0.08172352011,True,0,0,0
complex,200,8,1600,0.5,128,design_ht,spillover_control,0.110137319,0.07218946466,-0.03794785438,True,0,0,0
complex,200,8,1600,0.5,128,design_ht,spillover_treated,0.1731328632,0.03612876756,-0.1370040956,True,0,0,0
complex,200,8,1600,0.5,128,doi_nonprivate_generic,direct_low,0.09860674353,0.09946630797,0.0008595644386,True,71,0.01622173799,4.621335395
complex,200,8,1600,0.5,128,doi_nonprivate_generic,direct_high,0.1616022877,0.1592640298,-0.002338257865,True,71,0.01622173799,4.621335395
complex,200,8,1600,0.5,128,doi_nonprivate_generic,spillover_control,0.110137319,0.1168427962,0.006705477145,True,71,0.01622173799,4.621335395
complex,200,8,1600,0.5,128,doi_nonprivate_generic,spillover_treated,0.1731328632,0.176640518,0.003507654841,True,71,0.01622173799,4.621335395
complex,200,8,1600,0.5,128,doi_private_generic,direct_low,0.09860674353,0.1017886595,0.003181915986,True,44,0.0005489915146,3.367814626
complex,200,8,1600,0.5,128,doi_private_generic,direct_high,0.1616022877,0.0207160085,-0.1408862792,True,44,0.0005489915146,3.367814626
complex,200,8,1600,0.5,128,doi_private_generic,spillover_control,0.110137319,0.1512521687,0.04111484962,True,44,0.0005489915146,3.367814626
complex,200,8,1600,0.5,128,doi_private_generic,spillover_treated,0.1731328632,0.07017951765,-0.1029533455,True,44,0.0005489915146,3.367814626
complex,200,8,1600,0.5,128,doi_private_no_interference,direct_low,0.09860674353,0.1428513263,0.0442445828,True,8,6.200637745e-05,1.305582067
complex,200,8,1600,0.5,128,doi_private_no_interference,direct_high,0.1616022877,0.1428513263,-0.01875096134,True,8,6.200637745e-05,1.305582067
complex,200,8,1600,0.5,128,doi_private_no_interference,spillover_control,0.110137319,0,-0.110137319,True,8,6.200637745e-05,1.305582067
complex,200,8,1600,0.5,128,doi_private_no_interference,spillover_treated,0.1731328632,0,-0.1731328632,True,8,6.200637745e-05,1.305582067
complex,200,8,1600,1,128,design_ht,direct_low,0.09860674353,0.1728115851,0.07420484157,True,0,0,0
complex,200,8,1600,1,128,design_ht,direct_high,0.1616022877,0.2332112939,0.07160900626,True,0,0,0
complex,200,8,1600,1,128,design_ht,spillover_control,0.110137319,0.06143804092,-0.04869927812,True,0,0,0
complex,200,8,1600,1,128,design_ht,spillover_treated,0.1731328632,0.1218377498,-0.05129511343,True,0,0,0
complex,200,8,1600,1,128,doi_nonprivate_generic,direct_low,0.09860674353,0.09946630797,0.0008595644386,True,71,0.01622173799,4.621335395
complex,200,8,1600,1,128,doi_nonprivate_generic,direct_high,0.1616022877,0.1592640298,-0.002338257865,True,71,0.01622173799,4.621335395
complex,200,8,1600,1,128,doi_nonprivate_generic,spillover_control,0.110137319,0.1168427962,0.006705477145,True,71,0.01622173799,4.621335395
complex,200,8,1600,1,128,doi_nonprivate_generic,spillover_treated,0.1731328632,0.176640518,0.003507654841,True,71,0.01622173799,4.621335395
complex,200,8,1600,1,128,doi_private_generic,direct_low,0.09860674353,0.1940387696,0.09543202609,True,66,0.001425197457,2.665587794
complex,200,8,1600,1,128,doi_private_generic,direct_high,0.1616022877,0.1933363213,0.03173403367,True,66,0.001425197457,2.665587794
complex,200,8,1600,1,128,doi_private_generic,spillover_control,0.110137319,0.1228030723,0.01266575329,True,66,0.001425197457,2.665587794
complex,200,8,1600,1,128,doi_private_generic,spillover_treated,0.1731328632,0.122100624,-0.05103223913,True,66,0.001425197457,2.665587794
complex,200,8,1600,1,128,doi_private_no_interference,direct_low,0.09860674353,0.2696034295,0.170996686,True,11,0.0001280429148,2.36878951
complex,200,8,1600,1,128,doi_private_no_interference,direct_high,0.1616022877,0.2696034295,0.1080011419,True,11,0.0001280429148,2.36878951
complex,200,8,1600,1,128,doi_private_no_interference,spillover_control,0.110137319,0,-0.110137319,True,11,0.0001280429148,2.36878951
complex,200,8,1600,1,128,doi_private_no_interference,spillover_treated,0.1731328632,0,-0.1731328632,True,11,0.0001280429148,2.36878951
complex,200,8,1600,2,128,design_ht,direct_low,0.09860674353,0.1667244106,0.06811766704,True,0,0,0
complex,200,8,1600,2,128,design_ht,direct_high,0.1616022877,0.0002311766793,-0.161371111,True,0,0,0
complex,200,8,1600,2,128,design_ht,spillover_control,0.110137319,0.2460714686,0.1359341495,True,0,0,0
complex,200,8,1600,2,128,design_ht,spillover_treated,0.1731328632,0.07957823469,-0.09355462849,True,0,0,0
complex,200,8,1600,2,128,doi_nonprivate_generic,direct_low,0.09860674353,0.09946630797,0.0008595644386,True,71,0.01622173799,4.621335395
complex,200,8,1600,2,128,doi_nonprivate_generic,direct_high,0.1616022877,0.1592640298,-0.002338257865,True,71,0.01622173799,4.621335395
complex,200,8,1600,2,128,doi_nonprivate_generic,spillover_control,0.110137319,0.1168427962,0.006705477145,True,71,0.01622173799,4.621335395
complex,200,8,1600,2,128,doi_nonprivate_generic,spillover_treated,0.1731328632,0.176640518,0.003507654841,True,71,0.01622173799,4.621335395
complex,200,8,1600,2,128,doi_private_generic,direct_low,0.09860674353,0.1934717315,0.09486498798,True,77,0.001717037614,4.811766065
complex,200,8,1600,2,128,doi_private_generic,direct_high,0.1616022877,-0.02228048891,-0.1838827766,True,77,0.001717037614,4.811766065
complex,200,8,1600,2,128,doi_private_generic,spillover_control,0.110137319,0.2708530472,0.1607157282,True,77,0.001717037614,4.811766065
complex,200,8,1600,2,128,doi_private_generic,spillover_treated,0.1731328632,0.05510082679,-0.1180320364,True,77,0.001717037614,4.811766065
complex,200,8,1600,2,128,doi_private_no_interference,direct_low,0.09860674353,0.1930039836,0.09439724004,True,9,9.014082162e-05,1.515283682
complex,200,8,1600,2,128,doi_private_no_interference,direct_high,0.1616022877,0.1930039836,0.03140169589,True,9,9.014082162e-05,1.515283682
complex,200,8,1600,2,128,doi_private_no_interference,spillover_control,0.110137319,0,-0.110137319,True,9,9.014082162e-05,1.515283682
complex,200,8,1600,2,128,doi_private_no_interference,spillover_treated,0.1731328632,0,-0.1731328632,True,9,9.014082162e-05,1.515283682
complex,200,8,1600,0.5,129,design_ht,direct_low,0.09860674353,-0.1971213942,-0.2957281377,True,0,0,0
complex,200,8,1600,0.5,129,design_ht,direct_high,0.1616022877,0.1949721477,0.03336986004,True,0,0,0
complex,200,8,1600,0.5,129,design_ht,spillover_control,0.110137319,0.003643676032,-0.106493643,True,0,0,0
complex,200,8,1600,0.5,129,design_ht,spillover_treated,0.1731328632,0.395737218,0.2226043548,True,0,0,0
complex,200,8,1600,0.5,129,doi_nonprivate_generic,direct_low,0.09860674353,0.09710036208,-0.001506381448,True,78,0.002914143634,4.611575274
complex,200,8,1600,0.5,129,doi_nonprivate_generic,direct_high,0.1616022877,0.1572215681,-0.004380719541,True,78,0.002914143634,4.611575274
complex,200,8,1600,0.5,129,doi_nonprivate_generic,spillover_control,0.110137319,0.1155294487,0.005392129678,True,78,0.002914143634,4.611575274
complex,200,8,1600,0.5,129,doi_nonprivate_generic,spillover_treated,0.1731328632,0.1756506548,0.002517791585,True,78,0.002914143634,4.611575274
complex,200,8,1600,0.5,129,doi_private_generic,direct_low,0.09860674353,-0.1115578704,-0.2101646139,True,25,0.00140031473,3.540864635
complex,200,8,1600,0.5,129,doi_private_generic,direct_high,0.1616022877,0.214588029,0.05298574135,True,25,0.00140031473,3.540864635
complex,200,8,1600,0.5,129,doi_private_generic,spillover_control,0.110137319,-0.03182315235,-0.1419604714,True,25,0.00140031473,3.540864635
complex,200,8,1600,0.5,129,doi_private_generic,spillover_treated,0.1731328632,0.2943227471,0.1211898839,True,25,0.00140031473,3.540864635
complex,200,8,1600,0.5,129,doi_private_no_interference,direct_low,0.09860674353,0.1165607705,0.01795402698,True,8,2.828724771e-05,1.173452349
complex,200,8,1600,0.5,129,doi_private_no_interference,direct_high,0.1616022877,0.1165607705,-0.04504151716,True,8,2.828724771e-05,1.173452349
complex,200,8,1600,0.5,129,doi_private_no_interference,spillover_control,0.110137319,0,-0.110137319,True,8,2.828724771e-05,1.173452349
complex,200,8,1600,0.5,129,doi_private_no_interference,spillover_treated,0.1731328632,0,-0.1731328632,True,8,2.828724771e-05,1.173452349
complex,200,8,1600,1,129,design_ht,direct_low,0.09860674353,0.04989825302,-0.04870849052,True,0,0,0
complex,200,8,1600,1,129,design_ht,direct_high,0.1616022877,0.03474654744,-0.1268557402,True,0,0,0
complex,200,8,1600,1,129,design_ht,spillover_control,0.110137319,0.1607085693,0.05057125024,True,0,0,0
complex,200,8,1600,1,129,design_ht,spillover_treated,0.1731328632,0.1455568637,-0.02757599947,True,0,0,0
complex,200,8,1600,1,129,doi_nonprivate_generic,direct_low,0.09860674353,0.09710036208,-0.001506381448,True,78,0.002914143634,4.611575274
complex,200,8,1600,1,129,doi_nonprivate_generic,direct_high,0.1616022877,0.1572215681,-0.004380719541,True,78,0.002914143634,4.611575274
complex,200,8,1600,1,129,doi_nonprivate_generic,spillover_control,0.110137319,0.1155294487,0.005392129678,True,78,0.002914143634,4.611575274
complex,200,8,1600,1,129,doi_nonprivate_generic,spillover_treated,0.1731328632,0.1756506548,0.002517791585,True,78,0.002914143634,4.611575274
complex,200,8,1600,1,129,doi_private_generic,direct_low,0.09860674353,0.002555163739,-0.09605157979,True,62,0.0006149138887,4.340022638
complex,200,8,1600,1,129,doi_private_generic,direct_high,0.1616022877,0.1024817958,-0.05912049183,True,62,0.0006149138887,4.340022638
complex,200,8,1600,1,129,doi_private_generic,spillover_control,0.110137319,0.08166685289,-0.02847046615,True,62,0.0006149138887,4.340022638
complex,200,8,1600,1,129,doi_private_generic,spillover_treated,0.1731328632,0.181593485,0.008460621816,True,62,0.0006149138887,4.340022638
complex,200,8,1600,1,129,doi_private_no_interference,direct_low,0.09860674353,0.1369889917,0.03838224816,True,11,1.870819653e-05,0.8666730594
complex,200,8,1600,1,129,doi_private_no_interference,direct_high,0.1616022877,0.1369889917,-0.02461329598,True,11,1.870819653e-05,0.8666730594
complex,200,8,1600,1,129,doi_private_no_interference,spillover_control,0.110137319,0,-0.110137319,True,11,1.870819653e-05,0.8666730594
complex,200,8,1600,1,129,doi_private_no_interference,spillover_treated,0.1731328632,0,-0.1731328632,True,11,1.870819653e-05,0.8666730594
complex,200,8,1600,2,129,design_ht,direct_low,0.09860674353,0.05696955824,-0.04163718529,True,0,0,0
complex,200,8,1600,2,129,design_ht,direct_high,0.1616022877,0.2277704398,0.06616815214,True,0,0,0
complex,200,8,1600,2,129,design_ht,spillover_control,0.110137319,0.04582838191,-0.06430893713,True,0,0,0
complex,200,8,1600,2,129,design_ht,spillover_treated,0.1731328632,0.2166292635,0.04349640029,True,0,0,0
complex,200,8,1600,2,129,doi_nonprivate_generic,direct_low,0.09860674353,0.09710036208,-0.001506381448,True,78,0.002914143634,4.611575274
complex,200,8,1600,2,129,doi_nonprivate_generic,direct_high,0.1616022877,0.1572215681,-0.004380719541,True,78,0.002914143634,4.611575274
complex,200,8,1600,2,129,doi_nonprivate_generic,spillover_control,0.110137319,0.1155294487,0.005392129678,True,78,0.002914143634,4.611575274
complex,200,8,1600,2,129,doi_nonprivate_generic,spillover_treated,0.1731328632,0.1756506548,0.002517791585,True,78,0.002914143634,4.611575274
complex,200,8,1600,2,129,doi_private_generic,direct_low,0.09860674353,0.0865174479,-0.01208929563,True,71,0.001748451029,6.102220342
complex,200,8,1600,2,129,doi_private_generic,direct_high,0.1616022877,0.1877197261,0.02611743838,True,71,0.001748451029,6.102220342
complex,200,8,1600,2,129,doi_private_generic,spillover_control,0.110137319,0.08939911889,-0.02073820015,True,71,0.001748451029,6.102220342
complex,200,8,1600,2,129,doi_private_generic,spillover_treated,0.1731328632,0.190601397,0.01746853386,True,71,0.001748451029,6.102220342
complex,200,8,1600,2,129,doi_private_no_interference,direct_low,0.09860674353,0.2225222267,0.1239154831,True,11,7.172695285e-05,1.805911305
complex,200,8,1600,2,129,doi_private_no_interference,direct_high,0.1616022877,0.2225222267,0.060919939,True,11,7.172695285e-05,1.805911305
complex,200,8,1600,2,129,doi_private_no_interference,spillover_control,0.110137319,0,-0.110137319,True,11,7.172695285e-05,1.805911305
complex,200,8,1600,2,129,doi_private_no_interference,spillover_treated,0.1731328632,0,-0.1731328632,True,11,7.172695285e-05,1.805911305
complex,200,8,1600,0.5,130,design_ht,direct_low,0.09860674353,-0.04101400702,-0.1396207506,True,0,0,0
complex,200,8,1600,0.5,130,design_ht,direct_high,0.1616022877,0.2978929363,0.1362906487,True,0,0,0
complex,200,8,1600,0.5,130,design_ht,spillover_control,0.110137319,0.2048106971,0.09467337806,True,0,0,0
complex,200,8,1600,0.5,130,design_ht,spillover_treated,0.1731328632,0.5437176405,0.3705847773,True,0,0,0
complex,200,8,1600,0.5,130,doi_nonprivate_generic,direct_low,0.09860674353,0.09761737719,-0.0009893663423,True,79,0.01630764253,4.658269143
complex,200,8,1600,0.5,130,doi_nonprivate_generic,direct_high,0.1616022877,0.156220938,-0.005381349723,True,79,0.01630764253,4.658269143
complex,200,8,1600,0.5,130,doi_nonprivate_generic,spillover_control,0.110137319,0.1162698107,0.006132491687,True,79,0.01630764253,4.658269143
complex,200,8,1600,0.5,130,doi_nonprivate_generic,spillover_treated,0.1731328632,0.1748733715,0.001740508306,True,79,0.01630764253,4.658269143
complex,200,8,1600,0.5,130,doi_private_generic,direct_low,0.09860674353,-0.05939808784,-0.1580048314,True,61,0.0001688391079,7.053043406
complex,200,8,1600,0.5,130,doi_private_generic,direct_high,0.1616022877,0.2125186752,0.05091638755,True,61,0.0001688391079,7.053043406
complex,200,8,1600,0.5,130,doi_private_generic,spillover_control,0.110137319,0.1543506907,0.04421337168,True,61,0.0001688391079,7.053043406
complex,200,8,1600,0.5,130,doi_private_generic,spillover_treated,0.1731328632,0.4262674538,0.2531345906,True,61,0.0001688391079,7.053043406
complex,200,8,1600,0.5,130,doi_private_no_interference,direct_low,0.09860674353,0.2826349857,0.1840282422,True,12,4.671900691e-08,2.136728286
complex,200,8,1600,0.5,130,doi_private_no_interference,direct_high,0.1616022877,0.2826349857,0.121032698,True,12,4.671900691e-08,2.136728286
complex,200,8,1600,0.5,130,doi_private_no_interference,spillover_control,0.110137319,0,-0.110137319,True,12,4.671900691e-08,2.136728286
complex,200,8,1600,0.5,130,doi_private_no_interference,spillover_treated,0.1731328632,0,-0.1731328632,True,12,4.671900691e-08,2.136728286
complex,200,8,1600,1,130,design_ht,direct_low,0.09860674353,0.140421506,0.0418147625,True,0,0,0
complex,200,8,1600,1,130,design_ht,direct_high,0.1616022877,0.226820487,0.06521819928,True,0,0,0
complex,200,8,1600,1,130,design_ht,spillover_control,0.110137319,0.2165479619,0.1064106428,True,0,0,0
complex,200,8,1600,1,130,design_ht,spillover_treated,0.1731328632,0.3029469428,0.1298140796,True,0,0,0
complex,200,8,1600,1,130,doi_nonprivate_generic,direct_low,0.09860674353,0.09761737719,-0.0009893663423,True,79,0.01630764253,4.658269143
complex,200,8,1600,1,130,doi_nonprivate_generic,direct_high,0.1616022877,0.156220938,-0.005381349723,True,79,0.01630764253,4.658269143
complex,200,8,1600,1,130,doi_nonprivate_generic,spillover_control,0.110137319,0.1162698107,0.006132491687,True,79,0.01630764253,4.658269143
complex,200,8,1600,1,130,doi_nonprivate_generic,spillover_treated,0.1731328632,0.1748733715,0.001740508306,True,79,0.01630764253,4.658269143
complex,200,8,1600,1,130,doi_private_generic,direct_low,0.09860674353,0.1927002636,0.09409352011,True,70,0.001797447031,3.901952225
complex,200,8,1600,1,130,doi_private_generic,direct_high,0.1616022877,0.1604599488,-0.001142338904,True,70,0.001797447031,3.901952225
complex,200,8,1600,1,130,doi_private_generic,spillover_control,0.110137319,0.1489758037,0.03883848461,True,70,0.001797447031,3.901952225
complex,200,8,1600,1,130,doi_private_generic,spillover_treated,0.1731328632,0.1167354888,-0.05639737441,True,70,0.001797447031,3.901952225
complex,200,8,1600,1,130,doi_private_no_interference,direct_low,0.09860674353,0.2542695002,0.1556627566,True,11,5.302695575e-07,2.110021339
complex,200,8,1600,1,130,doi_private_no_interference,direct_high,0.1616022877,0.2542695002,0.09266721251,True,11,5.302695575e-07,2.110021339
complex,200,8,1600,1,130,doi_private_no_interference,spillover_control,0.110137319,0,-0.110137319,True,11,5.302695575e-07,2.110021339
complex,200,8,1600,1,130,doi_private_no_interference,spillover_treated,0.1731328632,0,-0.1731328632,True,11,5.302695575e-07,2.110021339
complex,200,8,1600,2,130,design_ht,direct_low,0.09860674353,0.1299447049,0.03133796135,True,0,0,0
complex,200,8,1600,2,130,design_ht,direct_high,0.1616022877,0.2756913218,0.1140890342,True,0,0,0
complex,200,8,1600,2,130,design_ht,spillover_control,0.110137319,0.1177717647,0.007634445693,True,0,0,0
complex,200,8,1600,2,130,design_ht,spillover_treated,0.1731328632,0.2635183817,0.0903855185,True,0,0,0
complex,200,8,1600,2,130,doi_nonprivate_generic,direct_low,0.09860674353,0.09761737719,-0.0009893663423,True,79,0.01630764253,4.658269143
complex,200,8,1600,2,130,doi_nonprivate_generic,direct_high,0.1616022877,0.156220938,-0.005381349723,True,79,0.01630764253,4.658269143
complex,200,8,1600,2,130,doi_nonprivate_generic,spillover_control,0.110137319,0.1162698107,0.006132491687,True,79,0.01630764253,4.658269143
complex,200,8,1600,2,130,doi_nonprivate_generic,spillover_treated,0.1731328632,0.1748733715,0.001740508306,True,79,0.01630764253,4.658269143
complex,200,8,1600,2,130,doi_private_generic,direct_low,0.09860674353,0.170198489,0.07159174548,True,72,0.001178565584,6.860167234
complex,200,8,1600,2,130,doi_private_generic,direct_high,0.1616022877,0.2019012131,0.0402989254,True,72,0.001178565584,6.860167234
complex,200,8,1600,2,130,doi_private_generic,spillover_control,0.110137319,0.07720505683,-0.03293226221,True,72,0.001178565584,6.860167234
complex,200,8,1600,2,130,doi_private_generic,spillover_treated,0.1731328632,0.1089077809,-0.06422508229,True,72,0.001178565584,6.860167234
complex,200,8,1600,2,130,doi_private_no_interference,direct_low,0.09860674353,0.2403201898,0.1417134463,True,10,0.002030921386,1.767275194
complex,200,8,1600,2,130,doi_private_no_interference,direct_high,0.1616022877,0.2403201898,0.07871790217,True,10,0.002030921386,1.767275194
complex,200,8,1600,2,130,doi_private_no_interference,spillover_control,0.110137319,0,-0.110137319,True,10,0.002030921386,1.767275194
complex,200,8,1600,2,130,doi_private_no_interference,spillover_treated,0.1731328632,0,-0.1731328632,True,10,0.002030921386,1.767275194
complex,200,8,1600,0.5,131,design_ht,direct_low,0.09860674353,0.04712786611,-0.05147887742,True,0,0,0
complex,200,8,1600,0.5,131,design_ht,direct_high,0.1616022877,0.1273340421,-0.03426824553,True,0,0,0
complex,200,8,1600,0.5,131,design_ht,spillover_control,0.110137319,0.4481393306,0.3380020115,True,0,0,0
complex,200,8,1600,0.5,131,design_ht,spillover_treated,0.1731328632,0.5283455066,0.3552126434,True,0,0,0
complex,200,8,1600,0.5,131,doi_nonprivate_generic,direct_low,0.09860674353,0.1001394583,0.00153271481,True,84,0.001560220206,4.63454098
complex,200,8,1600,0.5,131,doi_nonprivate_generic,direct_high,0.1616022877,0.1579120052,-0.003690282518,True,84,0.001560220206,4.63454098
complex,200,8,1600,0.5,131,doi_nonprivate_generic,spillover_control,0.110137319,0.1139841108,0.003846791808,True,84,0.001560220206,4.63454098
complex,200,8,1600,0.5,131,doi_nonprivate_generic,spillover_treated,0.1731328632,0.1717566577,-0.00137620552,True,84,0.001560220206,4.63454098
complex,200,8,1600,0.5,131,doi_private_generic,direct_low,0.09860674353,0.2419301554,0.1433234119,True,47,0.0005714270433,6.588282642
complex,200,8,1600,0.5,131,doi_private_generic,direct_high,0.1616022877,0.08706026286,-0.07454202481,True,47,0.0005714270433,6.588282642
complex,200,8,1600,0.5,131,doi_private_generic,spillover_control,0.110137319,0.3742970706,0.2641597516,True,47,0.0005714270433,6.588282642
complex,200,8,1600,0.5,131,doi_private_generic,spillover_treated,0.1731328632,0.2194271781,0.04629431488,True,47,0.0005714270433,6.588282642
complex,200,8,1600,0.5,131,doi_private_no_interference,direct_low,0.09860674353,0.373840505,0.2752337614,True,11,1.051862947e-06,2.262984328
complex,200,8,1600,0.5,131,doi_private_no_interference,direct_high,0.1616022877,0.373840505,0.2122382173,True,11,1.051862947e-06,2.262984328
complex,200,8,1600,0.5,131,doi_private_no_interference,spillover_control,0.110137319,0,-0.110137319,True,11,1.051862947e-06,2.262984328
complex,200,8,1600,0.5,131,doi_private_no_interference,spillover_treated,0.1731328632,0,-0.1731328632,True,11,1.051862947e-06,2.262984328
complex,200,8,1600,1,131,design_ht,direct_low,0.09860674353,-0.004994550701,-0.1036012942,True,0,0,0
complex,200,8,1600,1,131,design_ht,direct_high,0.1616022877,0.09026707581,-0.07133521187,True,0,0,0
complex,200,8,1600,1,131,design_ht,spillover_control,0.110137319,0.2145766642,0.1044393451,True,0,0,0
complex,200,8,1600,1,131,design_ht,spillover_treated,0.1731328632,0.3098382907,0.1367054275,True,0,0,0
complex,200,8,1600,1,131,doi_nonprivate_generic,direct_low,0.09860674353,0.1001394583,0.00153271481,True,84,0.001560220206,4.63454098
complex,200,8,1600,1,131,doi_nonprivate_generic,direct_high,0.1616022877,0.1579120052,-0.003690282518,True,84,0.001560220206,4.63454098
complex,200,8,1600,1,131,doi_nonprivate_generic,spillover_control,0.110137319,0.1139841108,0.003846791808,True,84,0.001560220206,4.63454098
complex,200,8,1600,1,131,doi_nonprivate_generic,spillover_treated,0.1731328632,0.1717566577,-0.00137620552,True,84,0.001560220206,4.63454098
complex,200,8,1600,1,131,doi_private_generic,direct_low,0.09860674353,0.01593047531,-0.08267626822,True,71,0.001251501042,4.864567748
complex,200,8,1600,1,131,doi_private_generic,direct_high,0.1616022877,0.1525232953,-0.009078992387,True,71,0.001251501042,4.864567748
complex,200,8,1600,1,131,doi_private_generic,spillover_control,0.110137319,0.1209256026,0.01078828351,True,71,0.001251501042,4.864567748
complex,200,8,1600,1,131,doi_private_generic,spillover_treated,0.1731328632,0.2575184225,0.08438555935,True,71,0.001251501042,4.864567748
complex,200,8,1600,1,131,doi_private_no_interference,direct_low,0.09860674353,0.1969909876,0.09838424409,True,11,1.237938087e-05,1.250490484
complex,200,8,1600,1,131,doi_private_no_interference,direct_high,0.1616022877,0.1969909876,0.03538869995,True,11,1.237938087e-05,1.250490484
complex,200,8,1600,1,131,doi_private_no_interference,spillover_control,0.110137319,0,-0.110137319,True,11,1.237938087e-05,1.250490484
complex,200,8,1600,1,131,doi_private_no_interference,spillover_treated,0.1731328632,0,-0.1731328632,True,11,1.237938087e-05,1.250490484
complex,200,8,1600,2,131,design_ht,direct_low,0.09860674353,0.09116764618,-0.007439097348,True,0,0,0
complex,200,8,1600,2,131,design_ht,direct_high,0.1616022877,0.1766294107,0.01502712301,True,0,0,0
complex,200,8,1600,2,131,design_ht,spillover_control,0.110137319,0.1102982346,0.0001609155406,True,0,0,0
complex,200,8,1600,2,131,design_ht,spillover_treated,0.1731328632,0.1957599991,0.0226271359,True,0,0,0
complex,200,8,1600,2,131,doi_nonprivate_generic,direct_low,0.09860674353,0.1001394583,0.00153271481,True,84,0.001560220206,4.63454098
complex,200,8,1600,2,131,doi_nonprivate_generic,direct_high,0.1616022877,0.1579120052,-0.003690282518,True,84,0.001560220206,4.63454098
complex,200,8,1600,2,131,doi_nonprivate_generic,spillover_control,0.110137319,0.1139841108,0.003846791808,True,84,0.001560220206,4.63454098
complex,200,8,1600,2,131,doi_nonprivate_generic,spillover_treated,0.1731328632,0.1717566577,-0.00137620552,True,84,0.001560220206,4.63454098
complex,200,8,1600,2,131,doi_private_generic,direct_low,0.09860674353,0.1446965127,0.04608976919,True,61,0.0007468081282,6.296122432
complex,200,8,1600,2,131,doi_private_generic,direct_high,0.1616022877,0.1714557871,0.009853499382,True,61,0.0007468081282,6.296122432
complex,200,8,1600,2,131,doi_private_generic,spillover_control,0.110137319,0.08375133585,-0.02638598319,True,61,0.0007468081282,6.296122432
complex,200,8,1600,2,131,doi_private_generic,spillover_treated,0.1731328632,0.1105106102,-0.06262225299,True,61,0.0007468081282,6.296122432
complex,200,8,1600,2,131,doi_private_no_interference,direct_low,0.09860674353,0.2239688116,0.1253620681,True,10,2.875900603e-05,1.32962284
complex,200,8,1600,2,131,doi_private_no_interference,direct_high,0.1616022877,0.2239688116,0.06236652391,True,10,2.875900603e-05,1.32962284
complex,200,8,1600,2,131,doi_private_no_interference,spillover_control,0.110137319,0,-0.110137319,True,10,2.875900603e-05,1.32962284
complex,200,8,1600,2,131,doi_private_no_interference,spillover_treated,0.1731328632,0,-0.1731328632,True,10,2.875900603e-05,1.32962284
complex,200,8,1600,0.5,132,design_ht,direct_low,0.09860674353,-0.1239497041,-0.2225564477,True,0,0,0
complex,200,8,1600,0.5,132,design_ht,direct_high,0.1616022877,0.2746596477,0.11305736,True,0,0,0
complex,200,8,1600,0.5,132,design_ht,spillover_control,0.110137319,0.2486774223,0.1385401033,True,0,0,0
complex,200,8,1600,0.5,132,design_ht,spillover_treated,0.1731328632,0.6472867741,0.474153911,True,0,0,0
complex,200,8,1600,0.5,132,doi_nonprivate_generic,direct_low,0.09860674353,0.09699812113,-0.001608622406,True,78,0.001210830036,4.591691335
complex,200,8,1600,0.5,132,doi_nonprivate_generic,direct_high,0.1616022877,0.1545846464,-0.00701764127,True,78,0.001210830036,4.591691335
complex,200,8,1600,0.5,132,doi_nonprivate_generic,spillover_control,0.110137319,0.1177990151,0.007661696072,True,78,0.001210830036,4.591691335
complex,200,8,1600,0.5,132,doi_nonprivate_generic,spillover_treated,0.1731328632,0.1753855404,0.002252677208,True,78,0.001210830036,4.591691335
complex,200,8,1600,0.5,132,doi_private_generic,direct_low,0.09860674353,-0.06076288658,-0.1593696301,True,54,0.0002907375554,4.934030157
complex,200,8,1600,0.5,132,doi_private_generic,direct_high,0.1616022877,0.08603565793,-0.07556662975,True,54,0.0002907375554,4.934030157
complex,200,8,1600,0.5,132,doi_private_generic,spillover_control,0.110137319,0.3003524527,0.1902151336,True,54,0.0002907375554,4.934030157
complex,200,8,1600,0.5,132,doi_private_generic,spillover_treated,0.1731328632,0.4471509972,0.274018134,True,54,0.0002907375554,4.934030157
complex,200,8,1600,0.5,132,doi_private_no_interference,direct_low,0.09860674353,0.2590105383,0.1604037948,True,7,4.891291275e-05,1.378982401
complex,200,8,1600,0.5,132,doi_private_no_interference,direct_high,0.1616022877,0.2590105383,0.09740825061,True,7,4.891291275e-05,1.378982401
complex,200,8,1600,0.5,132,doi_private_no_interference,spillover_control,0.110137319,0,-0.110137319,True,7,4.891291275e-05,1.378982401
complex,200,8,1600,0.5,132,doi_private_no_interference,spillover_treated,0.1731328632,0,-0.1731328632,True,7,4.891291275e-05,1.378982401
complex,200,8,1600,1,132,design_ht,direct_low,0.09860674353,0.1911391642,0.09253242063,True,0,0,0
complex,200,8,1600,1,132,design_ht,direct_high,0.1616022877,0.3680223381,0.2064200504,True,0,0,0
complex,200,8,1600,1,132,design_ht,spillover_control,0.110137319,-0.07151707581,-0.1816543948,True,0,0,0
complex,200,8,1600,1,132,design_ht,spillover_treated,0.1731328632,0.1053660981,-0.06776676504,True,0,0,0
complex,200,8,1600,1,132,doi_nonprivate_generic,direct_low,0.09860674353,0.09699812113,-0.001608622406,True,78,0.001210830036,4.591691335
complex,200,8,1600,1,132,doi_nonprivate_generic,direct_high,0.1616022877,0.1545846464,-0.00701764127,True,78,0.001210830036,4.591691335
complex,200,8,1600,1,132,doi_nonprivate_generic,spillover_control,0.110137319,0.1177990151,0.007661696072,True,78,0.001210830036,4.591691335
complex,200,8,1600,1,132,doi_nonprivate_generic,spillover_treated,0.1731328632,0.1753855404,0.002252677208,True,78,0.001210830036,4.591691335
complex,200,8,1600,1,132,doi_private_generic,direct_low,0.09860674353,0.1856318131,0.08702506957,True,81,0.002214984836,4.189946627
complex,200,8,1600,1,132,doi_private_generic,direct_high,0.1616022877,0.2291522085,0.06754992083,True,81,0.002214984836,4.189946627
complex,200,8,1600,1,132,doi_private_generic,spillover_control,0.110137319,-0.011625708,-0.121763027,True,81,0.002214984836,4.189946627
complex,200,8,1600,1,132,doi_private_generic,spillover_treated,0.1731328632,0.03189468741,-0.1412381758,True,81,0.002214984836,4.189946627
complex,200,8,1600,1,132,doi_private_no_interference,direct_low,0.09860674353,0.2206113271,0.1220045836,True,11,2.835310369e-05,1.36790898
complex,200,8,1600,1,132,doi_private_no_interference,direct_high,0.1616022877,0.2206113271,0.05900903945,True,11,2.835310369e-05,1.36790898
complex,200,8,1600,1,132,doi_private_no_interference,spillover_control,0.110137319,0,-0.110137319,True,11,2.835310369e-05,1.36790898
complex,200,8,1600,1,132,doi_private_no_interference,spillover_treated,0.1731328632,0,-0.1731328632,True,11,2.835310369e-05,1.36790898
complex,200,8,1600,2,132,design_ht,direct_low,0.09860674353,0.07660264641,-0.02200409712,True,0,0,0
complex,200,8,1600,2,132,design_ht,direct_high,0.1616022877,0.2500126461,0.08841035839,True,0,0,0
complex,200,8,1600,2,132,design_ht,spillover_control,0.110137319,0.1662761754,0.05613885638,True,0,0,0
complex,200,8,1600,2,132,design_ht,spillover_treated,0.1731328632,0.3396861751,0.1665533119,True,0,0,0
complex,200,8,1600,2,132,doi_nonprivate_generic,direct_low,0.09860674353,0.09699812113,-0.001608622406,True,78,0.001210830036,4.591691335
complex,200,8,1600,2,132,doi_nonprivate_generic,direct_high,0.1616022877,0.1545846464,-0.00701764127,True,78,0.001210830036,4.591691335
complex,200,8,1600,2,132,doi_nonprivate_generic,spillover_control,0.110137319,0.1177990151,0.007661696072,True,78,0.001210830036,4.591691335
complex,200,8,1600,2,132,doi_nonprivate_generic,spillover_treated,0.1731328632,0.1753855404,0.002252677208,True,78,0.001210830036,4.591691335
complex,200,8,1600,2,132,doi_private_generic,direct_low,0.09860674353,0.06547645297,-0.03313029056,True,71,0.001571562559,5.265690999
complex,200,8,1600,2,132,doi_private_generic,direct_high,0.1616022877,0.1527817163,-0.008820571362,True,71,0.001571562559,5.265690999
complex,200,8,1600,2,132,doi_private_generic,spillover_control,0.110137319,0.1482756468,0.03813832778,True,71,0.001571562559,5.265690999
complex,200,8,1600,2,132,doi_private_generic,spillover_treated,0.1731328632,0.2355809102,0.06244804698,True,71,0.001571562559,5.265690999
complex,200,8,1600,2,132,doi_private_no_interference,direct_low,0.09860674353,0.2415801932,0.1429734496,True,11,2.503018207e-05,1.667708297
complex,200,8,1600,2,132,doi_private_no_interference,direct_high,0.1616022877,0.2415801932,0.07997790548,True,11,2.503018207e-05,1.667708297
complex,200,8,1600,2,132,doi_private_no_interference,spillover_control,0.110137319,0,-0.110137319,True,11,2.503018207e-05,1.667708297
complex,200,8,1600,2,132,doi_private_no_interference,spillover_treated,0.1731328632,0,-0.1731328632,True,11,2.503018207e-05,1.667708297
complex,200,8,1600,0.5,133,design_ht,direct_low,0.09860674353,0.1414581407,0.04285139716,True,0,0,0
complex,200,8,1600,0.5,133,design_ht,direct_high,0.1616022877,0.294434056,0.1328317683,True,0,0,0
complex,200,8,1600,0.5,133,design_ht,spillover_control,0.110137319,0.2149021126,0.1047647936,True,0,0,0
complex,200,8,1600,0.5,133,design_ht,spillover_treated,0.1731328632,0.3678780279,0.1947451647,True,0,0,0
complex,200,8,1600,0.5,133,doi_nonprivate_generic,direct_low,0.09860674353,0.09893630372,0.0003295601834,True,72,0.005525237367,4.710916083
complex,200,8,1600,0.5,133,doi_nonprivate_generic,direct_high,0.1616022877,0.1600640425,-0.00153824515,True,72,0.005525237367,4.710916083
complex,200,8,1600,0.5,133,doi_nonprivate_generic,spillover_control,0.110137319,0.1141674323,0.004030113276,True,72,0.005525237367,4.710916083
complex,200,8,1600,0.5,133,doi_nonprivate_generic,spillover_treated,0.1731328632,0.1752951711,0.002162307943,True,72,0.005525237367,4.710916083
complex,200,8,1600,0.5,133,doi_private_generic,direct_low,0.09860674353,0.134521541,0.03591479743,True,41,0.0008994581027,5.172148545
complex,200,8,1600,0.5,133,doi_private_generic,direct_high,0.1616022877,0.3215939881,0.1599917004,True,41,0.0008994581027,5.172148545
complex,200,8,1600,0.5,133,doi_private_generic,spillover_control,0.110137319,0.223654872,0.113517553,True,41,0.0008994581027,5.172148545
complex,200,8,1600,0.5,133,doi_private_generic,spillover_treated,0.1731328632,0.4107273191,0.237594456,True,41,0.0008994581027,5.172148545
complex,200,8,1600,0.5,133,doi_private_no_interference,direct_low,0.09860674353,0.3840126033,0.2854058597,True,13,2.378203195e-06,3.365719495
complex,200,8,1600,0.5,133,doi_private_no_interference,direct_high,0.1616022877,0.3840126033,0.2224103156,True,13,2.378203195e-06,3.365719495
complex,200,8,1600,0.5,133,doi_private_no_interference,spillover_control,0.110137319,0,-0.110137319,True,13,2.378203195e-06,3.365719495
complex,200,8,1600,0.5,133,doi_private_no_interference,spillover_treated,0.1731328632,0,-0.1731328632,True,13,2.378203195e-06,3.365719495
complex,200,8,1600,1,133,design_ht,direct_low,0.09860674353,0.2066233572,0.1080166137,True,0,0,0
complex,200,8,1600,1,133,design_ht,direct_high,0.1616022877,-0.01246094001,-0.1740632277,True,0,0,0
complex,200,8,1600,1,133,design_ht,spillover_control,0.110137319,0.2484256865,0.1382883675,True,0,0,0
complex,200,8,1600,1,133,design_ht,spillover_treated,0.1731328632,0.02934138931,-0.1437914739,True,0,0,0
complex,200,8,1600,1,133,doi_nonprivate_generic,direct_low,0.09860674353,0.09893630372,0.0003295601834,True,72,0.005525237367,4.710916083
complex,200,8,1600,1,133,doi_nonprivate_generic,direct_high,0.1616022877,0.1600640425,-0.00153824515,True,72,0.005525237367,4.710916083
complex,200,8,1600,1,133,doi_nonprivate_generic,spillover_control,0.110137319,0.1141674323,0.004030113276,True,72,0.005525237367,4.710916083
complex,200,8,1600,1,133,doi_nonprivate_generic,spillover_treated,0.1731328632,0.1752951711,0.002162307943,True,72,0.005525237367,4.710916083
complex,200,8,1600,1,133,doi_private_generic,direct_low,0.09860674353,0.17619282,0.07758607648,True,72,0.001275129739,5.150027402
complex,200,8,1600,1,133,doi_private_generic,direct_high,0.1616022877,0.07869144725,-0.08291084042,True,72,0.001275129739,5.150027402
complex,200,8,1600,1,133,doi_private_generic,spillover_control,0.110137319,0.1259584358,0.01582111677,True,72,0.001275129739,5.150027402
complex,200,8,1600,1,133,doi_private_generic,spillover_treated,0.1731328632,0.02845706305,-0.1446758001,True,72,0.001275129739,5.150027402
complex,200,8,1600,1,133,doi_private_no_interference,direct_low,0.09860674353,0.1639894432,0.06538269969,True,10,1.537107467e-05,1.773246085
complex,200,8,1600,1,133,doi_private_no_interference,direct_high,0.1616022877,0.1639894432,0.00238715555,True,10,1.537107467e-05,1.773246085
complex,200,8,1600,1,133,doi_private_no_interference,spillover_control,0.110137319,0,-0.110137319,True,10,1.537107467e-05,1.773246085
complex,200,8,1600,1,133,doi_private_no_interference,spillover_treated,0.1731328632,0,-0.1731328632,True,10,1.537107467e-05,1.773246085
complex,200,8,1600,2,133,design_ht,direct_low,0.09860674353,0.06619514653,-0.032411597,True,0,0,0
complex,200,8,1600,2,133,design_ht,direct_high,0.1616022877,0.08820544004,-0.07339684764,True,0,0,0
complex,200,8,1600,2,133,design_ht,spillover_control,0.110137319,0.207988676,0.09785135695,True,0,0,0
complex,200,8,1600,2,133,design_ht,spillover_treated,0.1731328632,0.2299989695,0.05686610632,True,0,0,0
complex,200,8,1600,2,133,doi_nonprivate_generic,direct_low,0.09860674353,0.09893630372,0.0003295601834,True,72,0.005525237367,4.710916083
complex,200,8,1600,2,133,doi_nonprivate_generic,direct_high,0.1616022877,0.1600640425,-0.00153824515,True,72,0.005525237367,4.710916083
complex,200,8,1600,2,133,doi_nonprivate_generic,spillover_control,0.110137319,0.1141674323,0.004030113276,True,72,0.005525237367,4.710916083
complex,200,8,1600,2,133,doi_nonprivate_generic,spillover_treated,0.1731328632,0.1752951711,0.002162307943,True,72,0.005525237367,4.710916083
complex,200,8,1600,2,133,doi_private_generic,direct_low,0.09860674353,0.1287520814,0.03014533791,True,74,0.003048550221,4.136232315
complex,200,8,1600,2,133,doi_private_generic,direct_high,0.1616022877,0.1137396805,-0.04786260714,True,74,0.003048550221,4.136232315
complex,200,8,1600,2,133,doi_private_generic,spillover_control,0.110137319,0.1487973354,0.03866001634,True,74,0.003048550221,4.136232315
complex,200,8,1600,2,133,doi_private_generic,spillover_treated,0.1731328632,0.1337849345,-0.03934792872,True,74,0.003048550221,4.136232315
complex,200,8,1600,2,133,doi_private_no_interference,direct_low,0.09860674353,0.1966675954,0.09806085187,True,11,3.429739948e-06,1.239486976
complex,200,8,1600,2,133,doi_private_no_interference,direct_high,0.1616022877,0.1966675954,0.03506530772,True,11,3.429739948e-06,1.239486976
complex,200,8,1600,2,133,doi_private_no_interference,spillover_control,0.110137319,0,-0.110137319,True,11,3.429739948e-06,1.239486976
complex,200,8,1600,2,133,doi_private_no_interference,spillover_treated,0.1731328632,0,-0.1731328632,True,11,3.429739948e-06,1.239486976
complex,200,8,1600,0.5,134,design_ht,direct_low,0.09860674353,0.2337688378,0.1351620943,True,0,0,0
complex,200,8,1600,0.5,134,design_ht,direct_high,0.1616022877,0.2769936899,0.1153914022,True,0,0,0
complex,200,8,1600,0.5,134,design_ht,spillover_control,0.110137319,0.08013810558,-0.02999921346,True,0,0,0
complex,200,8,1600,0.5,134,design_ht,spillover_treated,0.1731328632,0.1233629576,-0.04976990554,True,0,0,0
complex,200,8,1600,0.5,134,doi_nonprivate_generic,direct_low,0.09860674353,0.09836166935,-0.0002450741857,True,70,0.003246894872,4.642939009
complex,200,8,1600,0.5,134,doi_nonprivate_generic,direct_high,0.1616022877,0.1587745509,-0.002827736733,True,70,0.003246894872,4.642939009
complex,200,8,1600,0.5,134,doi_nonprivate_generic,spillover_control,0.110137319,0.1147435842,0.004606265118,True,70,0.003246894872,4.642939009
complex,200,8,1600,0.5,134,doi_nonprivate_generic,spillover_treated,0.1731328632,0.1751564658,0.002023602571,True,70,0.003246894872,4.642939009
complex,200,8,1600,0.5,134,doi_private_generic,direct_low,0.09860674353,0.1332823535,0.03467561,True,52,0.0003683719355,4.050983454
complex,200,8,1600,0.5,134,doi_private_generic,direct_high,0.1616022877,0.2393038011,0.07770151339,True,52,0.0003683719355,4.050983454
complex,200,8,1600,0.5,134,doi_private_generic,spillover_control,0.110137319,0.1447568821,0.03461956306,True,52,0.0003683719355,4.050983454
complex,200,8,1600,0.5,134,doi_private_generic,spillover_treated,0.1731328632,0.2507783296,0.07764546646,True,52,0.0003683719355,4.050983454
complex,200,8,1600,0.5,134,doi_private_no_interference,direct_low,0.09860674353,0.3160927571,0.2174860136,True,12,0.0001989387154,2.598720276
complex,200,8,1600,0.5,134,doi_private_no_interference,direct_high,0.1616022877,0.3160927571,0.1544904695,True,12,0.0001989387154,2.598720276
complex,200,8,1600,0.5,134,doi_private_no_interference,spillover_control,0.110137319,0,-0.110137319,True,12,0.0001989387154,2.598720276
complex,200,8,1600,0.5,134,doi_private_no_interference,spillover_treated,0.1731328632,0,-0.1731328632,True,12,0.0001989387154,2.598720276
complex,200,8,1600,1,134,design_ht,direct_low,0.09860674353,0.1585183446,0.0599116011,True,0,0,0
complex,200,8,1600,1,134,design_ht,direct_high,0.1616022877,0.03912699674,-0.1224752909,True,0,0,0
complex,200,8,1600,1,134,design_ht,spillover_control,0.110137319,0.2646665977,0.1545292786,True,0,0,0
complex,200,8,1600,1,134,design_ht,spillover_treated,0.1731328632,0.1452752498,-0.02785761343,True,0,0,0
complex,200,8,1600,1,134,doi_nonprivate_generic,direct_low,0.09860674353,0.09836166935,-0.0002450741857,True,70,0.003246894872,4.642939009
complex,200,8,1600,1,134,doi_nonprivate_generic,direct_high,0.1616022877,0.1587745509,-0.002827736733,True,70,0.003246894872,4.642939009
complex,200,8,1600,1,134,doi_nonprivate_generic,spillover_control,0.110137319,0.1147435842,0.004606265118,True,70,0.003246894872,4.642939009
complex,200,8,1600,1,134,doi_nonprivate_generic,spillover_treated,0.1731328632,0.1751564658,0.002023602571,True,70,0.003246894872,4.642939009
complex,200,8,1600,1,134,doi_private_generic,direct_low,0.09860674353,0.1545168137,0.05591007015,True,47,0.001507134325,3.458736813
complex,200,8,1600,1,134,doi_private_generic,direct_high,0.1616022877,0.07138592995,-0.09021635772,True,47,0.001507134325,3.458736813
complex,200,8,1600,1,134,doi_private_generic,spillover_control,0.110137319,0.2392401218,0.1291028027,True,47,0.001507134325,3.458736813
complex,200,8,1600,1,134,doi_private_generic,spillover_treated,0.1731328632,0.156109238,-0.01702362516,True,47,0.001507134325,3.458736813
complex,200,8,1600,1,134,doi_private_no_interference,direct_low,0.09860674353,0.2225515231,0.1239447796,True,8,1.662635545e-05,1.248330215
complex,200,8,1600,1,134,doi_private_no_interference,direct_high,0.1616022877,0.2225515231,0.06094923545,True,8,1.662635545e-05,1.248330215
complex,200,8,1600,1,134,doi_private_no_interference,spillover_control,0.110137319,0,-0.110137319,True,8,1.662635545e-05,1.248330215
complex,200,8,1600,1,134,doi_private_no_interference,spillover_treated,0.1731328632,0,-0.1731328632,True,8,1.662635545e-05,1.248330215
complex,200,8,1600,2,134,design_ht,direct_low,0.09860674353,0.0919830876,-0.006623655936,True,0,0,0
complex,200,8,1600,2,134,design_ht,direct_high,0.1616022877,0.1498223519,-0.0117799358,True,0,0,0
complex,200,8,1600,2,134,design_ht,spillover_control,0.110137319,0.07595073492,-0.03418658412,True,0,0,0
complex,200,8,1600,2,134,design_ht,spillover_treated,0.1731328632,0.1337899992,-0.03934286398,True,0,0,0
complex,200,8,1600,2,134,doi_nonprivate_generic,direct_low,0.09860674353,0.09836166935,-0.0002450741857,True,70,0.003246894872,4.642939009
complex,200,8,1600,2,134,doi_nonprivate_generic,direct_high,0.1616022877,0.1587745509,-0.002827736733,True,70,0.003246894872,4.642939009
complex,200,8,1600,2,134,doi_nonprivate_generic,spillover_control,0.110137319,0.1147435842,0.004606265118,True,70,0.003246894872,4.642939009
complex,200,8,1600,2,134,doi_nonprivate_generic,spillover_treated,0.1731328632,0.1751564658,0.002023602571,True,70,0.003246894872,4.642939009
complex,200,8,1600,2,134,doi_private_generic,direct_low,0.09860674353,0.04630890212,-0.05229784141,True,71,0.003902091423,3.977532092
complex,200,8,1600,2,134,doi_private_generic,direct_high,0.1616022877,0.1561304399,-0.00547184776,True,71,0.003902091423,3.977532092
complex,200,8,1600,2,134,doi_private_generic,spillover_control,0.110137319,0.074500689,-0.03563663004,True,71,0.003902091423,3.977532092
complex,200,8,1600,2,134,doi_private_generic,spillover_treated,0.1731328632,0.1843222268,0.01118936362,True,71,0.003902091423,3.977532092
complex,200,8,1600,2,134,doi_private_no_interference,direct_low,0.09860674353,0.1842270884,0.08562034486,True,9,0.0001525165596,1.491028034
complex,200,8,1600,2,134,doi_private_no_interference,direct_high,0.1616022877,0.1842270884,0.02262480072,True,9,0.0001525165596,1.491028034
complex,200,8,1600,2,134,doi_private_no_interference,spillover_control,0.110137319,0,-0.110137319,True,9,0.0001525165596,1.491028034
complex,200,8,1600,2,134,doi_private_no_interference,spillover_treated,0.1731328632,0,-0.1731328632,True,9,0.0001525165596,1.491028034
complex,200,8,1600,0.5,135,design_ht,direct_low,0.09860674353,-0.1408097957,-0.2394165392,True,0,0,0
complex,200,8,1600,0.5,135,design_ht,direct_high,0.1616022877,-0.02590768306,-0.1875099707,True,0,0,0
complex,200,8,1600,0.5,135,design_ht,spillover_control,0.110137319,-0.07025737335,-0.1803946924,True,0,0,0
complex,200,8,1600,0.5,135,design_ht,spillover_treated,0.1731328632,0.04464473925,-0.1284881239,True,0,0,0
complex,200,8,1600,0.5,135,doi_nonprivate_generic,direct_low,0.09860674353,0.09639568755,-0.002211055977,True,61,0.004140332449,4.590243955
complex,200,8,1600,0.5,135,doi_nonprivate_generic,direct_high,0.1616022877,0.1560950089,-0.00550727882,True,61,0.004140332449,4.590243955
complex,200,8,1600,0.5,135,doi_nonprivate_generic,spillover_control,0.110137319,0.1160381664,0.005900847334,True,61,0.004140332449,4.590243955
complex,200,8,1600,0.5,135,doi_nonprivate_generic,spillover_treated,0.1731328632,0.1757374877,0.002604624491,True,61,0.004140332449,4.590243955
complex,200,8,1600,0.5,135,doi_private_generic,direct_low,0.09860674353,-0.1535456285,-0.252152372,True,52,0.0003899298178,5.335623375
complex,200,8,1600,0.5,135,doi_private_generic,direct_high,0.1616022877,-0.1105110803,-0.272113368,True,52,0.0003899298178,5.335623375
complex,200,8,1600,0.5,135,doi_private_generic,spillover_control,0.110137319,0.1778533103,0.06771599126,True,52,0.0003899298178,5.335623375
complex,200,8,1600,0.5,135,doi_private_generic,spillover_treated,0.1731328632,0.2208878585,0.04775499534,True,52,0.0003899298178,5.335623375
complex,200,8,1600,0.5,135,doi_private_no_interference,direct_low,0.09860674353,-0.002880508107,-0.1014872516,True,8,2.022253762e-05,1.924829067
complex,200,8,1600,0.5,135,doi_private_no_interference,direct_high,0.1616022877,-0.002880508107,-0.1644827958,True,8,2.022253762e-05,1.924829067
complex,200,8,1600,0.5,135,doi_private_no_interference,spillover_control,0.110137319,0,-0.110137319,True,8,2.022253762e-05,1.924829067
complex,200,8,1600,0.5,135,doi_private_no_interference,spillover_treated,0.1731328632,0,-0.1731328632,True,8,2.022253762e-05,1.924829067
complex,200,8,1600,1,135,design_ht,direct_low,0.09860674353,0.2523973381,0.1537905946,True,0,0,0
complex,200,8,1600,1,135,design_ht,direct_high,0.1616022877,0.1438535567,-0.01774873094,True,0,0,0
complex,200,8,1600,1,135,design_ht,spillover_control,0.110137319,-0.00738826932,-0.1175255884,True,0,0,0
complex,200,8,1600,1,135,design_ht,spillover_treated,0.1731328632,-0.1159320507,-0.2890649139,True,0,0,0
complex,200,8,1600,1,135,doi_nonprivate_generic,direct_low,0.09860674353,0.09639568755,-0.002211055977,True,61,0.004140332449,4.590243955
complex,200,8,1600,1,135,doi_nonprivate_generic,direct_high,0.1616022877,0.1560950089,-0.00550727882,True,61,0.004140332449,4.590243955
complex,200,8,1600,1,135,doi_nonprivate_generic,spillover_control,0.110137319,0.1160381664,0.005900847334,True,61,0.004140332449,4.590243955
complex,200,8,1600,1,135,doi_nonprivate_generic,spillover_treated,0.1731328632,0.1757374877,0.002604624491,True,61,0.004140332449,4.590243955
complex,200,8,1600,1,135,doi_private_generic,direct_low,0.09860674353,0.1973806379,0.0987738944,True,57,0.001985983053,4.638399208
complex,200,8,1600,1,135,doi_private_generic,direct_high,0.1616022877,0.1137325814,-0.04786970628,True,57,0.001985983053,4.638399208
complex,200,8,1600,1,135,doi_private_generic,spillover_control,0.110137319,0.1872472489,0.07710992987,True,57,0.001985983053,4.638399208
complex,200,8,1600,1,135,doi_private_generic,spillover_treated,0.1731328632,0.1035991924,-0.0695336708,True,57,0.001985983053,4.638399208
complex,200,8,1600,1,135,doi_private_no_interference,direct_low,0.09860674353,0.2521251899,0.1535184464,True,10,6.689144062e-05,1.563089395
complex,200,8,1600,1,135,doi_private_no_interference,direct_high,0.1616022877,0.2521251899,0.09052290221,True,10,6.689144062e-05,1.563089395
complex,200,8,1600,1,135,doi_private_no_interference,spillover_control,0.110137319,0,-0.110137319,True,10,6.689144062e-05,1.563089395
complex,200,8,1600,1,135,doi_private_no_interference,spillover_treated,0.1731328632,0,-0.1731328632,True,10,6.689144062e-05,1.563089395
complex,200,8,1600,2,135,design_ht,direct_low,0.09860674353,0.06258102889,-0.03602571464,True,0,0,0
complex,200,8,1600,2,135,design_ht,direct_high,0.1616022877,0.1254341169,-0.03616817073,True,0,0,0
complex,200,8,1600,2,135,design_ht,spillover_control,0.110137319,-0.0723648537,-0.1825021727,True,0,0,0
complex,200,8,1600,2,135,design_ht,spillover_treated,0.1731328632,-0.009511765649,-0.1826446288,True,0,0,0
complex,200,8,1600,2,135,doi_nonprivate_generic,direct_low,0.09860674353,0.09639568755,-0.002211055977,True,61,0.004140332449,4.590243955
complex,200,8,1600,2,135,doi_nonprivate_generic,direct_high,0.1616022877,0.1560950089,-0.00550727882,True,61,0.004140332449,4.590243955
complex,200,8,1600,2,135,doi_nonprivate_generic,spillover_control,0.110137319,0.1160381664,0.005900847334,True,61,0.004140332449,4.590243955
complex,200,8,1600,2,135,doi_nonprivate_generic,spillover_treated,0.1731328632,0.1757374877,0.002604624491,True,61,0.004140332449,4.590243955
complex,200,8,1600,2,135,doi_private_generic,direct_low,0.09860674353,0.05111629189,-0.04749045164,True,84,0.00141931947,5.36426125
complex,200,8,1600,2,135,doi_private_generic,direct_high,0.1616022877,0.1533970455,-0.008205242169,True,84,0.00141931947,5.36426125
complex,200,8,1600,2,135,doi_private_generic,spillover_control,0.110137319,0.04594946355,-0.06418785549,True,84,0.00141931947,5.36426125
complex,200,8,1600,2,135,doi_private_generic,spillover_treated,0.1731328632,0.1482302172,-0.02490264601,True,84,0.00141931947,5.36426125
complex,200,8,1600,2,135,doi_private_no_interference,direct_low,0.09860674353,0.1566067471,0.05800000359,True,10,1.940372385e-06,1.45544901
complex,200,8,1600,2,135,doi_private_no_interference,direct_high,0.1616022877,0.1566067471,-0.00499554055,True,10,1.940372385e-06,1.45544901
complex,200,8,1600,2,135,doi_private_no_interference,spillover_control,0.110137319,0,-0.110137319,True,10,1.940372385e-06,1.45544901
complex,200,8,1600,2,135,doi_private_no_interference,spillover_treated,0.1731328632,0,-0.1731328632,True,10,1.940372385e-06,1.45544901
complex,200,8,1600,0.5,136,design_ht,direct_low,0.09860674353,-0.2174274223,-0.3160341658,True,0,0,0
complex,200,8,1600,0.5,136,design_ht,direct_high,0.1616022877,0.07726597169,-0.08433631599,True,0,0,0
complex,200,8,1600,0.5,136,design_ht,spillover_control,0.110137319,0.07864367603,-0.03149364301,True,0,0,0
complex,200,8,1600,0.5,136,design_ht,spillover_treated,0.1731328632,0.37333707,0.2002042068,True,0,0,0
complex,200,8,1600,0.5,136,doi_nonprivate_generic,direct_low,0.09860674353,0.09947140417,0.0008646606409,True,65,0.00214428665,4.655767055
complex,200,8,1600,0.5,136,doi_nonprivate_generic,direct_high,0.1616022877,0.1586051107,-0.002997177016,True,65,0.00214428665,4.655767055
complex,200,8,1600,0.5,136,doi_nonprivate_generic,spillover_control,0.110137319,0.1143556864,0.004218367347,True,65,0.00214428665,4.655767055
complex,200,8,1600,0.5,136,doi_nonprivate_generic,spillover_treated,0.1731328632,0.1734893929,0.0003565296906,True,65,0.00214428665,4.655767055
complex,200,8,1600,0.5,136,doi_private_generic,direct_low,0.09860674353,-0.0968469517,-0.1954536952,True,56,0.00357103027,3.392682538
complex,200,8,1600,0.5,136,doi_private_generic,direct_high,0.1616022877,0.06742154636,-0.09418074132,True,56,0.00357103027,3.392682538
complex,200,8,1600,0.5,136,doi_private_generic,spillover_control,0.110137319,0.1292011963,0.01906387723,True,56,0.00357103027,3.392682538
complex,200,8,1600,0.5,136,doi_private_generic,spillover_treated,0.1731328632,0.2934696943,0.1203368311,True,56,0.00357103027,3.392682538
complex,200,8,1600,0.5,136,doi_private_no_interference,direct_low,0.09860674353,0.07771804179,-0.02088870174,True,11,2.610729498e-05,1.040803659
complex,200,8,1600,0.5,136,doi_private_no_interference,direct_high,0.1616022877,0.07771804179,-0.08388424588,True,11,2.610729498e-05,1.040803659
complex,200,8,1600,0.5,136,doi_private_no_interference,spillover_control,0.110137319,0,-0.110137319,True,11,2.610729498e-05,1.040803659
complex,200,8,1600,0.5,136,doi_private_no_interference,spillover_treated,0.1731328632,0,-0.1731328632,True,11,2.610729498e-05,1.040803659
complex,200,8,1600,1,136,design_ht,direct_low,0.09860674353,0.03514353163,-0.0634632119,True,0,0,0
complex,200,8,1600,1,136,design_ht,direct_high,0.1616022877,-0.02362918047,-0.1852314681,True,0,0,0
complex,200,8,1600,1,136,design_ht,spillover_control,0.110137319,0.2729015186,0.1627641995,True,0,0,0
complex,200,8,1600,1,136,design_ht,spillover_treated,0.1731328632,0.2141288065,0.0409959433,True,0,0,0
complex,200,8,1600,1,136,doi_nonprivate_generic,direct_low,0.09860674353,0.09947140417,0.0008646606409,True,65,0.00214428665,4.655767055
complex,200,8,1600,1,136,doi_nonprivate_generic,direct_high,0.1616022877,0.1586051107,-0.002997177016,True,65,0.00214428665,4.655767055
complex,200,8,1600,1,136,doi_nonprivate_generic,spillover_control,0.110137319,0.1143556864,0.004218367347,True,65,0.00214428665,4.655767055
complex,200,8,1600,1,136,doi_nonprivate_generic,spillover_treated,0.1731328632,0.1734893929,0.0003565296906,True,65,0.00214428665,4.655767055
complex,200,8,1600,1,136,doi_private_generic,direct_low,0.09860674353,0.007413649766,-0.09119309377,True,64,0.001641448989,5.879928645
complex,200,8,1600,1,136,doi_private_generic,direct_high,0.1616022877,0.1299646089,-0.03163767879,True,64,0.001641448989,5.879928645
complex,200,8,1600,1,136,doi_private_generic,spillover_control,0.110137319,0.128817371,0.01868005195,True,64,0.001641448989,5.879928645
complex,200,8,1600,1,136,doi_private_generic,spillover_treated,0.1731328632,0.2513683301,0.07823546692,True,64,0.001641448989,5.879928645
complex,200,8,1600,1,136,doi_private_no_interference,direct_low,0.09860674353,0.1687098255,0.07010308196,True,8,4.338279147e-05,1.110473546
complex,200,8,1600,1,136,doi_private_no_interference,direct_high,0.1616022877,0.1687098255,0.007107537817,True,8,4.338279147e-05,1.110473546
complex,200,8,1600,1,136,doi_private_no_interference,spillover_control,0.110137319,0,-0.110137319,True,8,4.338279147e-05,1.110473546
complex,200,8,1600,1,136,doi_private_no_interference,spillover_treated,0.1731328632,0,-0.1731328632,True,8,4.338279147e-05,1.110473546
complex,200,8,1600,2,136,design_ht,direct_low,0.09860674353,0.1645099991,0.06590325555,True,0,0,0
complex,200,8,1600,2,136,design_ht,direct_high,0.1616022877,0.0432601463,-0.1183421414,True,0,0,0
complex,200,8,1600,2,136,design_ht,spillover_control,0.110137319,0.1228799995,0.0127426805,True,0,0,0
complex,200,8,1600,2,136,design_ht,spillover_treated,0.1731328632,0.001630146756,-0.1715027164,True,0,0,0
complex,200,8,1600,2,136,doi_nonprivate_generic,direct_low,0.09860674353,0.09947140417,0.0008646606409,True,65,0.00214428665,4.655767055
complex,200,8,1600,2,136,doi_nonprivate_generic,direct_high,0.1616022877,0.1586051107,-0.002997177016,True,65,0.00214428665,4.655767055
complex,200,8,1600,2,136,doi_nonprivate_generic,spillover_control,0.110137319,0.1143556864,0.004218367347,True,65,0.00214428665,4.655767055
complex,200,8,1600,2,136,doi_nonprivate_generic,spillover_treated,0.1731328632,0.1734893929,0.0003565296906,True,65,0.00214428665,4.655767055
complex,200,8,1600,2,136,doi_private_generic,direct_low,0.09860674353,0.1057463487,0.007139605182,True,84,0.002961553786,6.823429035
complex,200,8,1600,2,136,doi_private_generic,direct_high,0.1616022877,0.09354985808,-0.06805242959,True,84,0.002961553786,6.823429035
complex,200,8,1600,2,136,doi_private_generic,spillover_control,0.110137319,0.111215166,0.001077846924,True,84,0.002961553786,6.823429035
complex,200,8,1600,2,136,doi_private_generic,spillover_treated,0.1731328632,0.09901867533,-0.07411418785,True,84,0.002961553786,6.823429035
complex,200,8,1600,2,136,doi_private_no_interference,direct_low,0.09860674353,0.1584676831,0.0598609396,True,9,4.784951387e-05,1.02658045
complex,200,8,1600,2,136,doi_private_no_interference,direct_high,0.1616022877,0.1584676831,-0.00313460454,True,9,4.784951387e-05,1.02658045
complex,200,8,1600,2,136,doi_private_no_interference,spillover_control,0.110137319,0,-0.110137319,True,9,4.784951387e-05,1.02658045
complex,200,8,1600,2,136,doi_private_no_interference,spillover_treated,0.1731328632,0,-0.1731328632,True,9,4.784951387e-05,1.02658045
complex,200,8,1600,0.5,137,design_ht,direct_low,0.09860674353,0.003903014048,-0.09470372948,True,0,0,0
complex,200,8,1600,0.5,137,design_ht,direct_high,0.1616022877,0.2924890209,0.1308867332,True,0,0,0
complex,200,8,1600,0.5,137,design_ht,spillover_control,0.110137319,-0.01823132397,-0.128368643,True,0,0,0
complex,200,8,1600,0.5,137,design_ht,spillover_treated,0.1731328632,0.2703546828,0.09722181965,True,0,0,0
complex,200,8,1600,0.5,137,doi_nonprivate_generic,direct_low,0.09860674353,0.09752865991,-0.00107808362,True,84,0.003331769196,4.639267094
complex,200,8,1600,0.5,137,doi_nonprivate_generic,direct_high,0.1616022877,0.1586936314,-0.002908656275,True,84,0.003331769196,4.639267094
complex,200,8,1600,0.5,137,doi_nonprivate_generic,spillover_control,0.110137319,0.1147059134,0.004568594328,True,84,0.003331769196,4.639267094
complex,200,8,1600,0.5,137,doi_nonprivate_generic,spillover_treated,0.1731328632,0.1758708849,0.002738021673,True,84,0.003331769196,4.639267094
complex,200,8,1600,0.5,137,doi_private_generic,direct_low,0.09860674353,0.03344025189,-0.06516649164,True,40,0.0007152860227,5.903157207
complex,200,8,1600,0.5,137,doi_private_generic,direct_high,0.1616022877,0.2681248428,0.1065225551,True,40,0.0007152860227,5.903157207
complex,200,8,1600,0.5,137,doi_private_generic,spillover_control,0.110137319,0.03558596363,-0.07455135541,True,40,0.0007152860227,5.903157207
complex,200,8,1600,0.5,137,doi_private_generic,spillover_treated,0.1731328632,0.2702705546,0.09713769138,True,40,0.0007152860227,5.903157207
complex,200,8,1600,0.5,137,doi_private_no_interference,direct_low,0.09860674353,0.2601978043,0.1615910607,True,13,3.162389307e-06,3.298383369
complex,200,8,1600,0.5,137,doi_private_no_interference,direct_high,0.1616022877,0.2601978043,0.09859551659,True,13,3.162389307e-06,3.298383369
complex,200,8,1600,0.5,137,doi_private_no_interference,spillover_control,0.110137319,0,-0.110137319,True,13,3.162389307e-06,3.298383369
complex,200,8,1600,0.5,137,doi_private_no_interference,spillover_treated,0.1731328632,0,-0.1731328632,True,13,3.162389307e-06,3.298383369
complex,200,8,1600,1,137,design_ht,direct_low,0.09860674353,0.08734737952,-0.01125936401,True,0,0,0
complex,200,8,1600,1,137,design_ht,direct_high,0.1616022877,0.1691996674,0.007597379752,True,0,0,0
complex,200,8,1600,1,137,design_ht,spillover_control,0.110137319,0.0306358986,-0.07950142044,True,0,0,0
complex,200,8,1600,1,137,design_ht,spillover_treated,0.1731328632,0.1124881865,-0.06064467668,True,0,0,0
complex,200,8,1600,1,137,doi_nonprivate_generic,direct_low,0.09860674353,0.09752865991,-0.00107808362,True,84,0.003331769196,4.639267094
complex,200,8,1600,1,137,doi_nonprivate_generic,direct_high,0.1616022877,0.1586936314,-0.002908656275,True,84,0.003331769196,4.639267094
complex,200,8,1600,1,137,doi_nonprivate_generic,spillover_control,0.110137319,0.1147059134,0.004568594328,True,84,0.003331769196,4.639267094
complex,200,8,1600,1,137,doi_nonprivate_generic,spillover_treated,0.1731328632,0.1758708849,0.002738021673,True,84,0.003331769196,4.639267094
complex,200,8,1600,1,137,doi_private_generic,direct_low,0.09860674353,0.07701091553,-0.021595828,True,61,0.001041468928,3.51487328
complex,200,8,1600,1,137,doi_private_generic,direct_high,0.1616022877,0.1944859031,0.03288361547,True,61,0.001041468928,3.51487328
complex,200,8,1600,1,137,doi_private_generic,spillover_control,0.110137319,0.02635347247,-0.08378384657,True,61,0.001041468928,3.51487328
complex,200,8,1600,1,137,doi_private_generic,spillover_treated,0.1731328632,0.1438284601,-0.02930440309,True,61,0.001041468928,3.51487328
complex,200,8,1600,1,137,doi_private_no_interference,direct_low,0.09860674353,0.1900342778,0.09142753428,True,10,5.595071451e-05,2.101051271
complex,200,8,1600,1,137,doi_private_no_interference,direct_high,0.1616022877,0.1900342778,0.02843199014,True,10,5.595071451e-05,2.101051271
complex,200,8,1600,1,137,doi_private_no_interference,spillover_control,0.110137319,0,-0.110137319,True,10,5.595071451e-05,2.101051271
complex,200,8,1600,1,137,doi_private_no_interference,spillover_treated,0.1731328632,0,-0.1731328632,True,10,5.595071451e-05,2.101051271
complex,200,8,1600,2,137,design_ht,direct_low,0.09860674353,0.08256720511,-0.01603953842,True,0,0,0
complex,200,8,1600,2,137,design_ht,direct_high,0.1616022877,0.1552844108,-0.006317876872,True,0,0,0
complex,200,8,1600,2,137,design_ht,spillover_control,0.110137319,0.08550191092,-0.02463540812,True,0,0,0
complex,200,8,1600,2,137,design_ht,spillover_treated,0.1731328632,0.1582191166,-0.01491374658,True,0,0,0
complex,200,8,1600,2,137,doi_nonprivate_generic,direct_low,0.09860674353,0.09752865991,-0.00107808362,True,84,0.003331769196,4.639267094
complex,200,8,1600,2,137,doi_nonprivate_generic,direct_high,0.1616022877,0.1586936314,-0.002908656275,True,84,0.003331769196,4.639267094
complex,200,8,1600,2,137,doi_nonprivate_generic,spillover_control,0.110137319,0.1147059134,0.004568594328,True,84,0.003331769196,4.639267094
complex,200,8,1600,2,137,doi_nonprivate_generic,spillover_treated,0.1731328632,0.1758708849,0.002738021673,True,84,0.003331769196,4.639267094
complex,200,8,1600,2,137,doi_private_generic,direct_low,0.09860674353,0.1110454652,0.0124387217,True,73,0.000771401091,2.626613041
complex,200,8,1600,2,137,doi_private_generic,direct_high,0.1616022877,0.1537491173,-0.007853170408,True,73,0.000771401091,2.626613041
complex,200,8,1600,2,137,doi_private_generic,spillover_control,0.110137319,0.1077573933,-0.002379925717,True,73,0.000771401091,2.626613041
complex,200,8,1600,2,137,doi_private_generic,spillover_treated,0.1731328632,0.1504610454,-0.02267181783,True,73,0.000771401091,2.626613041
complex,200,8,1600,2,137,doi_private_no_interference,direct_low,0.09860674353,0.2152192626,0.116612519,True,11,1.123924605e-05,1.389561691
complex,200,8,1600,2,137,doi_private_no_interference,direct_high,0.1616022877,0.2152192626,0.0536169749,True,11,1.123924605e-05,1.389561691
complex,200,8,1600,2,137,doi_private_no_interference,spillover_control,0.110137319,0,-0.110137319,True,11,1.123924605e-05,1.389561691
complex,200,8,1600,2,137,doi_private_no_interference,spillover_treated,0.1731328632,0,-0.1731328632,True,11,1.123924605e-05,1.389561691
complex,200,8,1600,0.5,138,design_ht,direct_low,0.09860674353,-0.0914710845,-0.190077828,True,0,0,0
complex,200,8,1600,0.5,138,design_ht,direct_high,0.1616022877,0.04192169008,-0.1196805976,True,0,0,0
complex,200,8,1600,0.5,138,design_ht,spillover_control,0.110137319,-0.04954939442,-0.1596867135,True,0,0,0
complex,200,8,1600,0.5,138,design_ht,spillover_treated,0.1731328632,0.08384338016,-0.08928948302,True,0,0,0
complex,200,8,1600,0.5,138,doi_nonprivate_generic,direct_low,0.09860674353,0.09846011103,-0.0001466325014,True,85,0.003531900033,4.608920886
complex,200,8,1600,0.5,138,doi_nonprivate_generic,direct_high,0.1616022877,0.1573902169,-0.004212070777,True,85,0.003531900033,4.608920886
complex,200,8,1600,0.5,138,doi_nonprivate_generic,spillover_control,0.110137319,0.113241127,0.003103807915,True,85,0.003531900033,4.608920886
complex,200,8,1600,0.5,138,doi_nonprivate_generic,spillover_treated,0.1731328632,0.1721712328,-0.0009616303606,True,85,0.003531900033,4.608920886
complex,200,8,1600,0.5,138,doi_private_generic,direct_low,0.09860674353,-0.02718471001,-0.1257914535,True,51,0.0004032722185,4.894036972
complex,200,8,1600,0.5,138,doi_private_generic,direct_high,0.1616022877,0.1306556552,-0.03094663246,True,51,0.0004032722185,4.894036972
complex,200,8,1600,0.5,138,doi_private_generic,spillover_control,0.110137319,-0.04934204589,-0.1594793649,True,51,0.0004032722185,4.894036972
complex,200,8,1600,0.5,138,doi_private_generic,spillover_treated,0.1731328632,0.1084983193,-0.06463454386,True,51,0.0004032722185,4.894036972
complex,200,8,1600,0.5,138,doi_private_no_interference,direct_low,0.09860674353,0.06349719691,-0.03510954662,True,8,3.051581734e-05,2.252767389
complex,200,8,1600,0.5,138,doi_private_no_interference,direct_high,0.1616022877,0.06349719691,-0.09810509076,True,8,3.051581734e-05,2.252767389
complex,200,8,1600,0.5,138,doi_private_no_interference,spillover_control,0.110137319,0,-0.110137319,True,8,3.051581734e-05,2.252767389
complex,200,8,1600,0.5,138,doi_private_no_interference,spillover_treated,0.1731328632,0,-0.1731328632,True,8,3.051581734e-05,2.252767389
complex,200,8,1600,1,138,design_ht,direct_low,0.09860674353,0.03175054092,-0.06685620261,True,0,0,0
complex,200,8,1600,1,138,design_ht,direct_high,0.1616022877,0.2756685944,0.1140663067,True,0,0,0
complex,200,8,1600,1,138,design_ht,spillover_control,0.110137319,-0.06451035768,-0.1746476767,True,0,0,0
complex,200,8,1600,1,138,design_ht,spillover_treated,0.1731328632,0.1794076958,0.006274832609,True,0,0,0
complex,200,8,1600,1,138,doi_nonprivate_generic,direct_low,0.09860674353,0.09846011103,-0.0001466325014,True,85,0.003531900033,4.608920886
complex,200,8,1600,1,138,doi_nonprivate_generic,direct_high,0.1616022877,0.1573902169,-0.004212070777,True,85,0.003531900033,4.608920886
complex,200,8,1600,1,138,doi_nonprivate_generic,spillover_control,0.110137319,0.113241127,0.003103807915,True,85,0.003531900033,4.608920886
complex,200,8,1600,1,138,doi_nonprivate_generic,spillover_treated,0.1731328632,0.1721712328,-0.0009616303606,True,85,0.003531900033,4.608920886
complex,200,8,1600,1,138,doi_private_generic,direct_low,0.09860674353,0.1100471015,0.01144035797,True,73,0.0004737378256,5.915833572
complex,200,8,1600,1,138,doi_private_generic,direct_high,0.1616022877,0.2830184016,0.1214161139,True,73,0.0004737378256,5.915833572
complex,200,8,1600,1,138,doi_private_generic,spillover_control,0.110137319,0.04784379104,-0.062293528,True,73,0.0004737378256,5.915833572
complex,200,8,1600,1,138,doi_private_generic,spillover_treated,0.1731328632,0.2208150911,0.04768222794,True,73,0.0004737378256,5.915833572
complex,200,8,1600,1,138,doi_private_no_interference,direct_low,0.09860674353,0.2813091567,0.1827024132,True,10,9.4875022e-05,1.627662346
complex,200,8,1600,1,138,doi_private_no_interference,direct_high,0.1616022877,0.2813091567,0.119706869,True,10,9.4875022e-05,1.627662346
complex,200,8,1600,1,138,doi_private_no_interference,spillover_control,0.110137319,0,-0.110137319,True,10,9.4875022e-05,1.627662346
complex,200,8,1600,1,138,doi_private_no_interference,spillover_treated,0.1731328632,0,-0.1731328632,True,10,9.4875022e-05,1.627662346
complex,200,8,1600,2,138,design_ht,direct_low,0.09860674353,0.06046102844,-0.0381457151,True,0,0,0
complex,200,8,1600,2,138,design_ht,direct_high,0.1616022877,0.1114801462,-0.05012214149,True,0,0,0
complex,200,8,1600,2,138,design_ht,spillover_control,0.110137319,0.02627632263,-0.08386099641,True,0,0,0
complex,200,8,1600,2,138,design_ht,spillover_treated,0.1731328632,0.07729544038,-0.0958374228,True,0,0,0
complex,200,8,1600,2,138,doi_nonprivate_generic,direct_low,0.09860674353,0.09846011103,-0.0001466325014,True,85,0.003531900033,4.608920886
complex,200,8,1600,2,138,doi_nonprivate_generic,direct_high,0.1616022877,0.1573902169,-0.004212070777,True,85,0.003531900033,4.608920886
complex,200,8,1600,2,138,doi_nonprivate_generic,spillover_control,0.110137319,0.113241127,0.003103807915,True,85,0.003531900033,4.608920886
complex,200,8,1600,2,138,doi_nonprivate_generic,spillover_treated,0.1731328632,0.1721712328,-0.0009616303606,True,85,0.003531900033,4.608920886
complex,200,8,1600,2,138,doi_private_generic,direct_low,0.09860674353,0.1360617645,0.03745502092,True,76,0.001471898063,6.585529697
complex,200,8,1600,2,138,doi_private_generic,direct_high,0.1616022877,0.1330563003,-0.02854598742,True,76,0.001471898063,6.585529697
complex,200,8,1600,2,138,doi_private_generic,spillover_control,0.110137319,0.1134194051,0.003282086083,True,76,0.001471898063,6.585529697
complex,200,8,1600,2,138,doi_private_generic,spillover_treated,0.1731328632,0.1104139409,-0.06271892226,True,76,0.001471898063,6.585529697
complex,200,8,1600,2,138,doi_private_no_interference,direct_low,0.09860674353,0.2010883317,0.1024815882,True,10,3.763035291e-06,1.29992802
complex,200,8,1600,2,138,doi_private_no_interference,direct_high,0.1616022877,0.2010883317,0.03948604407,True,10,3.763035291e-06,1.29992802
complex,200,8,1600,2,138,doi_private_no_interference,spillover_control,0.110137319,0,-0.110137319,True,10,3.763035291e-06,1.29992802
complex,200,8,1600,2,138,doi_private_no_interference,spillover_treated,0.1731328632,0,-0.1731328632,True,10,3.763035291e-06,1.29992802
complex,200,8,1600,0.5,139,design_ht,direct_low,0.09860674353,0.332063725,0.2334569814,True,0,0,0
complex,200,8,1600,0.5,139,design_ht,direct_high,0.1616022877,0.07974262665,-0.08185966103,True,0,0,0
complex,200,8,1600,0.5,139,design_ht,spillover_control,0.110137319,0.1716643167,0.06152699769,True,0,0,0
complex,200,8,1600,0.5,139,design_ht,spillover_treated,0.1731328632,-0.08065678161,-0.2537896448,True,0,0,0
complex,200,8,1600,0.5,139,doi_nonprivate_generic,direct_low,0.09860674353,0.0977143595,-0.0008923840267,True,68,0.001351321753,4.616289398
complex,200,8,1600,0.5,139,doi_nonprivate_generic,direct_high,0.1616022877,0.1597903713,-0.001811916358,True,68,0.001351321753,4.616289398
complex,200,8,1600,0.5,139,doi_nonprivate_generic,spillover_control,0.110137319,0.1138550717,0.003717752658,True,68,0.001351321753,4.616289398
complex,200,8,1600,0.5,139,doi_nonprivate_generic,spillover_treated,0.1731328632,0.1759310835,0.002798220327,True,68,0.001351321753,4.616289398
complex,200,8,1600,0.5,139,doi_private_generic,direct_low,0.09860674353,0.208624789,0.1100180454,True,44,0.000433016615,4.82224815
complex,200,8,1600,0.5,139,doi_private_generic,direct_high,0.1616022877,0.1540749379,-0.007527349756,True,44,0.000433016615,4.82224815
complex,200,8,1600,0.5,139,doi_private_generic,spillover_control,0.110137319,0.1309442719,0.02080695287,True,44,0.000433016615,4.82224815
complex,200,8,1600,0.5,139,doi_private_generic,spillover_treated,0.1731328632,0.07639442088,-0.09673844231,True,44,0.000433016615,4.82224815
complex,200,8,1600,0.5,139,doi_private_no_interference,direct_low,0.09860674353,0.2685500885,0.169943345,True,10,3.109957435e-05,1.954250545
complex,200,8,1600,0.5,139,doi_private_no_interference,direct_high,0.1616022877,0.2685500885,0.1069478009,True,10,3.109957435e-05,1.954250545
complex,200,8,1600,0.5,139,doi_private_no_interference,spillover_control,0.110137319,0,-0.110137319,True,10,3.109957435e-05,1.954250545
complex,200,8,1600,0.5,139,doi_private_no_interference,spillover_treated,0.1731328632,0,-0.1731328632,True,10,3.109957435e-05,1.954250545
complex,200,8,1600,1,139,design_ht,direct_low,0.09860674353,0.1033184902,0.004711746685,True,0,0,0
complex,200,8,1600,1,139,design_ht,direct_high,0.1616022877,0.1459929079,-0.01560937979,True,0,0,0
complex,200,8,1600,1,139,design_ht,spillover_control,0.110137319,0.05239552837,-0.05774179067,True,0,0,0
complex,200,8,1600,1,139,design_ht,spillover_treated,0.1731328632,0.09506994604,-0.07806291714,True,0,0,0
complex,200,8,1600,1,139,doi_nonprivate_generic,direct_low,0.09860674353,0.0977143595,-0.0008923840267,True,68,0.001351321753,4.616289398
complex,200,8,1600,1,139,doi_nonprivate_generic,direct_high,0.1616022877,0.1597903713,-0.001811916358,True,68,0.001351321753,4.616289398
complex,200,8,1600,1,139,doi_nonprivate_generic,spillover_control,0.110137319,0.1138550717,0.003717752658,True,68,0.001351321753,4.616289398
complex,200,8,1600,1,139,doi_nonprivate_generic,spillover_treated,0.1731328632,0.1759310835,0.002798220327,True,68,0.001351321753,4.616289398
complex,200,8,1600,1,139,doi_private_generic,direct_low,0.09860674353,0.1405478506,0.04194110706,True,60,0.001304016672,3.496896646
complex,200,8,1600,1,139,doi_private_generic,direct_high,0.1616022877,0.1359382319,-0.02566405576,True,60,0.001304016672,3.496896646
complex,200,8,1600,1,139,doi_private_generic,spillover_control,0.110137319,0.1066839458,-0.003453373214,True,60,0.001304016672,3.496896646
complex,200,8,1600,1,139,doi_private_generic,spillover_treated,0.1731328632,0.1020743272,-0.07105853603,True,60,0.001304016672,3.496896646
complex,200,8,1600,1,139,doi_private_no_interference,direct_low,0.09860674353,0.2094340314,0.1108272878,True,10,1.80778545e-05,1.147224456
complex,200,8,1600,1,139,doi_private_no_interference,direct_high,0.1616022877,0.2094340314,0.04783174369,True,10,1.80778545e-05,1.147224456
complex,200,8,1600,1,139,doi_private_no_interference,spillover_control,0.110137319,0,-0.110137319,True,10,1.80778545e-05,1.147224456
complex,200,8,1600,1,139,doi_private_no_interference,spillover_treated,0.1731328632,0,-0.1731328632,True,10,1.80778545e-05,1.147224456
complex,200,8,1600,2,139,design_ht,direct_low,0.09860674353,0.03123588179,-0.06737086174,True,0,0,0
complex,200,8,1600,2,139,design_ht,direct_high,0.1616022877,0.2499710275,0.08836873985,True,0,0,0
complex,200,8,1600,2,139,design_ht,spillover_control,0.110137319,-0.03990470569,-0.1500420247,True,0,0,0
complex,200,8,1600,2,139,design_ht,spillover_treated,0.1731328632,0.17883044,0.005697576856,True,0,0,0
complex,200,8,1600,2,139,doi_nonprivate_generic,direct_low,0.09860674353,0.0977143595,-0.0008923840267,True,68,0.001351321753,4.616289398
complex,200,8,1600,2,139,doi_nonprivate_generic,direct_high,0.1616022877,0.1597903713,-0.001811916358,True,68,0.001351321753,4.616289398
complex,200,8,1600,2,139,doi_nonprivate_generic,spillover_control,0.110137319,0.1138550717,0.003717752658,True,68,0.001351321753,4.616289398
complex,200,8,1600,2,139,doi_nonprivate_generic,spillover_treated,0.1731328632,0.1759310835,0.002798220327,True,68,0.001351321753,4.616289398
complex,200,8,1600,2,139,doi_private_generic,direct_low,0.09860674353,0.1110820344,0.01247529088,True,68,0.001348960078,4.515821986
complex,200,8,1600,2,139,doi_private_generic,direct_high,0.1616022877,0.2269934494,0.06539116175,True,68,0.001348960078,4.515821986
complex,200,8,1600,2,139,doi_private_generic,spillover_control,0.110137319,0.03041912357,-0.07971819547,True,68,0.001348960078,4.515821986
complex,200,8,1600,2,139,doi_private_generic,spillover_treated,0.1731328632,0.1463305386,-0.0268023246,True,68,0.001348960078,4.515821986
complex,200,8,1600,2,139,doi_private_no_interference,direct_low,0.09860674353,0.2211188607,0.1225121172,True,9,0.000265975069,1.645227216
complex,200,8,1600,2,139,doi_private_no_interference,direct_high,0.1616022877,0.2211188607,0.05951657305,True,9,0.000265975069,1.645227216
complex,200,8,1600,2,139,doi_private_no_interference,spillover_control,0.110137319,0,-0.110137319,True,9,0.000265975069,1.645227216
complex,200,8,1600,2,139,doi_private_no_interference,spillover_treated,0.1731328632,0,-0.1731328632,True,9,0.000265975069,1.645227216
complex,200,8,1600,0.5,140,design_ht,direct_low,0.09860674353,0.2438667252,0.1452599817,True,0,0,0
complex,200,8,1600,0.5,140,design_ht,direct_high,0.1616022877,0.0742771126,-0.08732517508,True,0,0,0
complex,200,8,1600,0.5,140,design_ht,spillover_control,0.110137319,0.2310944434,0.1209571243,True,0,0,0
complex,200,8,1600,0.5,140,design_ht,spillover_treated,0.1731328632,0.06150483077,-0.1116280324,True,0,0,0
complex,200,8,1600,0.5,140,doi_nonprivate_generic,direct_low,0.09860674353,0.09784392626,-0.0007628172754,True,56,0.0015796883,4.562455734
complex,200,8,1600,0.5,140,doi_nonprivate_generic,direct_high,0.1616022877,0.1584453907,-0.003156896977,True,56,0.0015796883,4.562455734
complex,200,8,1600,0.5,140,doi_nonprivate_generic,spillover_control,0.110137319,0.1155825856,0.00544526659,True,56,0.0015796883,4.562455734
complex,200,8,1600,0.5,140,doi_nonprivate_generic,spillover_treated,0.1731328632,0.1761840501,0.003051186889,True,56,0.0015796883,4.562455734
complex,200,8,1600,0.5,140,doi_private_generic,direct_low,0.09860674353,0.1092973232,0.01069057963,True,48,0.005017667477,7.087696705
complex,200,8,1600,0.5,140,doi_private_generic,direct_high,0.1616022877,0.05073048037,-0.1108718073,True,48,0.005017667477,7.087696705
complex,200,8,1600,0.5,140,doi_private_generic,spillover_control,0.110137319,0.3333911015,0.2232537825,True,48,0.005017667477,7.087696705
complex,200,8,1600,0.5,140,doi_private_generic,spillover_treated,0.1731328632,0.2748242588,0.1016913956,True,48,0.005017667477,7.087696705
complex,200,8,1600,0.5,140,doi_private_no_interference,direct_low,0.09860674353,0.2703521185,0.1717453749,True,10,1.338689767e-05,1.465028413
complex,200,8,1600,0.5,140,doi_private_no_interference,direct_high,0.1616022877,0.2703521185,0.1087498308,True,10,1.338689767e-05,1.465028413
complex,200,8,1600,0.5,140,doi_private_no_interference,spillover_control,0.110137319,0,-0.110137319,True,10,1.338689767e-05,1.465028413
complex,200,8,1600,0.5,140,doi_private_no_interference,spillover_treated,0.1731328632,0,-0.1731328632,True,10,1.338689767e-05,1.465028413
complex,200,8,1600,1,140,design_ht,direct_low,0.09860674353,0.1148055949,0.01619885135,True,0,0,0
complex,200,8,1600,1,140,design_ht,direct_high,0.1616022877,0.2227607116,0.06115842393,True,0,0,0
complex,200,8,1600,1,140,design_ht,spillover_control,0.110137319,-0.01803234187,-0.1281696609,True,0,0,0
complex,200,8,1600,1,140,design_ht,spillover_treated,0.1731328632,0.08992277486,-0.08321008832,True,0,0,0
complex,200,8,1600,1,140,doi_nonprivate_generic,direct_low,0.09860674353,0.09784392626,-0.0007628172754,True,56,0.0015796883,4.562455734
complex,200,8,1600,1,140,doi_nonprivate_generic,direct_high,0.1616022877,0.1584453907,-0.003156896977,True,56,0.0015796883,4.562455734
complex,200,8,1600,1,140,doi_nonprivate_generic,spillover_control,0.110137319,0.1155825856,0.00544526659,True,56,0.0015796883,4.562455734
complex,200,8,1600,1,140,doi_nonprivate_generic,spillover_treated,0.1731328632,0.1761840501,0.003051186889,True,56,0.0015796883,4.562455734
complex,200,8,1600,1,140,doi_private_generic,direct_low,0.09860674353,0.09620594522,-0.002400798309,True,74,0.001656945119,4.141040184
complex,200,8,1600,1,140,doi_private_generic,direct_high,0.1616022877,0.2037545517,0.042152264,True,74,0.001656945119,4.141040184
complex,200,8,1600,1,140,doi_private_generic,spillover_control,0.110137319,0.06505856928,-0.04507874976,True,74,0.001656945119,4.141040184
complex,200,8,1600,1,140,doi_private_generic,spillover_treated,0.1731328632,0.1726071757,-0.000525687442,True,74,0.001656945119,4.141040184
complex,200,8,1600,1,140,doi_private_no_interference,direct_low,0.09860674353,0.2149204421,0.1163136985,True,11,2.428375514e-05,1.656194389
complex,200,8,1600,1,140,doi_private_no_interference,direct_high,0.1616022877,0.2149204421,0.05331815438,True,11,2.428375514e-05,1.656194389
complex,200,8,1600,1,140,doi_private_no_interference,spillover_control,0.110137319,0,-0.110137319,True,11,2.428375514e-05,1.656194389
complex,200,8,1600,1,140,doi_private_no_interference,spillover_treated,0.1731328632,0,-0.1731328632,True,11,2.428375514e-05,1.656194389
complex,200,8,1600,2,140,design_ht,direct_low,0.09860674353,0.1520783819,0.05347163838,True,0,0,0
complex,200,8,1600,2,140,design_ht,direct_high,0.1616022877,0.1760994106,0.0144971229,True,0,0,0
complex,200,8,1600,2,140,design_ht,spillover_control,0.110137319,0.06050191092,-0.04963540812,True,0,0,0
complex,200,8,1600,2,140,design_ht,spillover_treated,0.1731328632,0.08452293958,-0.0886099236,True,0,0,0
complex,200,8,1600,2,140,doi_nonprivate_generic,direct_low,0.09860674353,0.09784392626,-0.0007628172754,True,56,0.0015796883,4.562455734
complex,200,8,1600,2,140,doi_nonprivate_generic,direct_high,0.1616022877,0.1584453907,-0.003156896977,True,56,0.0015796883,4.562455734
complex,200,8,1600,2,140,doi_nonprivate_generic,spillover_control,0.110137319,0.1155825856,0.00544526659,True,56,0.0015796883,4.562455734
complex,200,8,1600,2,140,doi_nonprivate_generic,spillover_treated,0.1731328632,0.1761840501,0.003051186889,True,56,0.0015796883,4.562455734
complex,200,8,1600,2,140,doi_private_generic,direct_low,0.09860674353,0.1092835665,0.01067682301,True,76,0.004594011835,3.977080197
complex,200,8,1600,2,140,doi_private_generic,direct_high,0.1616022877,0.1541718462,-0.007430441483,True,76,0.004594011835,3.977080197
complex,200,8,1600,2,140,doi_private_generic,spillover_control,0.110137319,0.1744766329,0.06433931384,True,76,0.004594011835,3.977080197
complex,200,8,1600,2,140,doi_private_generic,spillover_treated,0.1731328632,0.2193649125,0.04623204935,True,76,0.004594011835,3.977080197
complex,200,8,1600,2,140,doi_private_no_interference,direct_low,0.09860674353,0.2352062753,0.1365995318,True,11,1.036765021e-05,1.488350737
complex,200,8,1600,2,140,doi_private_no_interference,direct_high,0.1616022877,0.2352062753,0.07360398767,True,11,1.036765021e-05,1.488350737
complex,200,8,1600,2,140,doi_private_no_interference,spillover_control,0.110137319,0,-0.110137319,True,11,1.036765021e-05,1.488350737
complex,200,8,1600,2,140,doi_private_no_interference,spillover_treated,0.1731328632,0,-0.1731328632,True,11,1.036765021e-05,1.488350737
complex,200,8,1600,0.5,141,design_ht,direct_low,0.09860674353,-0.04967259153,-0.1482793351,True,0,0,0
complex,200,8,1600,0.5,141,design_ht,direct_high,0.1616022877,0.44521207,0.2836097823,True,0,0,0
complex,200,8,1600,0.5,141,design_ht,spillover_control,0.110137319,0.05032740847,-0.05980991057,True,0,0,0
complex,200,8,1600,0.5,141,design_ht,spillover_treated,0.1731328632,0.54521207,0.3720792068,True,0,0,0
complex,200,8,1600,0.5,141,doi_nonprivate_generic,direct_low,0.09860674353,0.09699129798,-0.001615445548,True,77,0.004703800615,4.652450839
complex,200,8,1600,0.5,141,doi_nonprivate_generic,direct_high,0.1616022877,0.158203552,-0.003398735655,True,77,0.004703800615,4.652450839
complex,200,8,1600,0.5,141,doi_nonprivate_generic,spillover_control,0.110137319,0.1153012725,0.005163953484,True,77,0.004703800615,4.652450839
complex,200,8,1600,0.5,141,doi_nonprivate_generic,spillover_treated,0.1731328632,0.1765135266,0.003380663377,True,77,0.004703800615,4.652450839
complex,200,8,1600,0.5,141,doi_private_generic,direct_low,0.09860674353,0.007591913773,-0.09101482976,True,35,0.001194406903,4.460768571
complex,200,8,1600,0.5,141,doi_private_generic,direct_high,0.1616022877,0.383850083,0.2222477953,True,35,0.001194406903,4.460768571
complex,200,8,1600,0.5,141,doi_private_generic,spillover_control,0.110137319,0.006894586876,-0.1032427322,True,35,0.001194406903,4.460768571
complex,200,8,1600,0.5,141,doi_private_generic,spillover_treated,0.1731328632,0.3831527561,0.2100198929,True,35,0.001194406903,4.460768571
complex,200,8,1600,0.5,141,doi_private_no_interference,direct_low,0.09860674353,0.3340500964,0.2354433529,True,12,3.859246508e-05,2.44682745
complex,200,8,1600,0.5,141,doi_private_no_interference,direct_high,0.1616022877,0.3340500964,0.1724478087,True,12,3.859246508e-05,2.44682745
complex,200,8,1600,0.5,141,doi_private_no_interference,spillover_control,0.110137319,0,-0.110137319,True,12,3.859246508e-05,2.44682745
complex,200,8,1600,0.5,141,doi_private_no_interference,spillover_treated,0.1731328632,0,-0.1731328632,True,12,3.859246508e-05,2.44682745
complex,200,8,1600,1,141,design_ht,direct_low,0.09860674353,-0.01889080698,-0.1174975505,True,0,0,0
complex,200,8,1600,1,141,design_ht,direct_high,0.1616022877,0.08651435116,-0.07508793652,True,0,0,0
complex,200,8,1600,1,141,design_ht,spillover_control,0.110137319,0.08110919302,-0.02902812602,True,0,0,0
complex,200,8,1600,1,141,design_ht,spillover_treated,0.1731328632,0.1865143512,0.01338148797,True,0,0,0
complex,200,8,1600,1,141,doi_nonprivate_generic,direct_low,0.09860674353,0.09699129798,-0.001615445548,True,77,0.004703800615,4.652450839
complex,200,8,1600,1,141,doi_nonprivate_generic,direct_high,0.1616022877,0.158203552,-0.003398735655,True,77,0.004703800615,4.652450839
complex,200,8,1600,1,141,doi_nonprivate_generic,spillover_control,0.110137319,0.1153012725,0.005163953484,True,77,0.004703800615,4.652450839
complex,200,8,1600,1,141,doi_nonprivate_generic,spillover_treated,0.1731328632,0.1765135266,0.003380663377,True,77,0.004703800615,4.652450839
complex,200,8,1600,1,141,doi_private_generic,direct_low,0.09860674353,-0.07043926063,-0.1690460042,True,60,0.000801946803,1.9484469
complex,200,8,1600,1,141,doi_private_generic,direct_high,0.1616022877,0.07348182697,-0.08812046071,True,60,0.000801946803,1.9484469
complex,200,8,1600,1,141,doi_private_generic,spillover_control,0.110137319,0.002940287241,-0.1071970318,True,60,0.000801946803,1.9484469
complex,200,8,1600,1,141,doi_private_generic,spillover_treated,0.1731328632,0.1468613748,-0.02627148834,True,60,0.000801946803,1.9484469
complex,200,8,1600,1,141,doi_private_no_interference,direct_low,0.09860674353,0.05301214733,-0.0455945962,True,9,1.444633228e-05,1.192947574
complex,200,8,1600,1,141,doi_private_no_interference,direct_high,0.1616022877,0.05301214733,-0.1085901403,True,9,1.444633228e-05,1.192947574
complex,200,8,1600,1,141,doi_private_no_interference,spillover_control,0.110137319,0,-0.110137319,True,9,1.444633228e-05,1.192947574
complex,200,8,1600,1,141,doi_private_no_interference,spillover_treated,0.1731328632,0,-0.1731328632,True,9,1.444633228e-05,1.192947574
complex,200,8,1600,2,141,design_ht,direct_low,0.09860674353,0.05164352889,-0.04696321464,True,0,0,0
complex,200,8,1600,2,141,design_ht,direct_high,0.1616022877,0.2950798512,0.1334775635,True,0,0,0
complex,200,8,1600,2,141,design_ht,spillover_control,0.110137319,0.05316588248,-0.05697143656,True,0,0,0
complex,200,8,1600,2,141,design_ht,spillover_treated,0.1731328632,0.2966022048,0.1234693416,True,0,0,0
complex,200,8,1600,2,141,doi_nonprivate_generic,direct_low,0.09860674353,0.09699129798,-0.001615445548,True,77,0.004703800615,4.652450839
complex,200,8,1600,2,141,doi_nonprivate_generic,direct_high,0.1616022877,0.158203552,-0.003398735655,True,77,0.004703800615,4.652450839
complex,200,8,1600,2,141,doi_nonprivate_generic,spillover_control,0.110137319,0.1153012725,0.005163953484,True,77,0.004703800615,4.652450839
complex,200,8,1600,2,141,doi_nonprivate_generic,spillover_treated,0.1731328632,0.1765135266,0.003380663377,True,77,0.004703800615,4.652450839
complex,200,8,1600,2,141,doi_private_generic,direct_low,0.09860674353,0.1079390596,0.009332316037,True,76,0.003582081396,6.078550059
complex,200,8,1600,2,141,doi_private_generic,direct_high,0.1616022877,0.2060343098,0.04443202215,True,76,0.003582081396,6.078550059
complex,200,8,1600,2,141,doi_private_generic,spillover_control,0.110137319,0.04748820536,-0.06264911368,True,76,0.003582081396,6.078550059
complex,200,8,1600,2,141,doi_private_generic,spillover_treated,0.1731328632,0.1455834556,-0.02754940756,True,76,0.003582081396,6.078550059
complex,200,8,1600,2,141,doi_private_no_interference,direct_low,0.09860674353,0.216539938,0.1179331945,True,9,6.464129756e-05,1.855681547
complex,200,8,1600,2,141,doi_private_no_interference,direct_high,0.1616022877,0.216539938,0.05493765034,True,9,6.464129756e-05,1.855681547
complex,200,8,1600,2,141,doi_private_no_interference,spillover_control,0.110137319,0,-0.110137319,True,9,6.464129756e-05,1.855681547
complex,200,8,1600,2,141,doi_private_no_interference,spillover_treated,0.1731328632,0,-0.1731328632,True,9,6.464129756e-05,1.855681547
complex,200,8,1600,0.5,142,design_ht,direct_low,0.09860674353,0.2594787814,0.1608720379,True,0,0,0
complex,200,8,1600,0.5,142,design_ht,direct_high,0.1616022877,0.2653462463,0.1037439586,True,0,0,0
complex,200,8,1600,0.5,142,design_ht,spillover_control,0.110137319,0.0501167252,-0.06002059384,True,0,0,0
complex,200,8,1600,0.5,142,design_ht,spillover_treated,0.1731328632,0.05598419008,-0.1171486731,True,0,0,0
complex,200,8,1600,0.5,142,doi_nonprivate_generic,direct_low,0.09860674353,0.09596721358,-0.002639529948,True,66,0.001161007473,4.556358752
complex,200,8,1600,0.5,142,doi_nonprivate_generic,direct_high,0.1616022877,0.1589045283,-0.002697759367,True,66,0.001161007473,4.556358752
complex,200,8,1600,0.5,142,doi_nonprivate_generic,spillover_control,0.110137319,0.1164529938,0.006315674738,True,66,0.001161007473,4.556358752
complex,200,8,1600,0.5,142,doi_nonprivate_generic,spillover_treated,0.1731328632,0.1793903085,0.006257445319,True,66,0.001161007473,4.556358752
complex,200,8,1600,0.5,142,doi_private_generic,direct_low,0.09860674353,0.2979311582,0.1993244147,True,51,0.00048293917,3.346054069
complex,200,8,1600,0.5,142,doi_private_generic,direct_high,0.1616022877,0.2083829809,0.04678069322,True,51,0.00048293917,3.346054069
complex,200,8,1600,0.5,142,doi_private_generic,spillover_control,0.110137319,0.1364800374,0.02634271834,True,51,0.00048293917,3.346054069
complex,200,8,1600,0.5,142,doi_private_generic,spillover_treated,0.1731328632,0.04693186005,-0.1262010031,True,51,0.00048293917,3.346054069
complex,200,8,1600,0.5,142,doi_private_no_interference,direct_low,0.09860674353,0.3187270724,0.2201203289,True,10,0.0002282138072,2.004112352
complex,200,8,1600,0.5,142,doi_private_no_interference,direct_high,0.1616022877,0.3187270724,0.1571247847,True,10,0.0002282138072,2.004112352
complex,200,8,1600,0.5,142,doi_private_no_interference,spillover_control,0.110137319,0,-0.110137319,True,10,0.0002282138072,2.004112352
complex,200,8,1600,0.5,142,doi_private_no_interference,spillover_treated,0.1731328632,0,-0.1731328632,True,10,0.0002282138072,2.004112352
complex,200,8,1600,1,142,design_ht,direct_low,0.09860674353,0.1294585693,0.03085182575,True,0,0,0
complex,200,8,1600,1,142,design_ht,direct_high,0.1616022877,0.2208775377,0.05927524998,True,0,0,0
complex,200,8,1600,1,142,design_ht,spillover_control,0.110137319,0.01910973394,-0.0910275851,True,0,0,0
complex,200,8,1600,1,142,design_ht,spillover_treated,0.1731328632,0.1105287023,-0.06260416087,True,0,0,0
complex,200,8,1600,1,142,doi_nonprivate_generic,direct_low,0.09860674353,0.09596721358,-0.002639529948,True,66,0.001161007473,4.556358752
complex,200,8,1600,1,142,doi_nonprivate_generic,direct_high,0.1616022877,0.1589045283,-0.002697759367,True,66,0.001161007473,4.556358752
complex,200,8,1600,1,142,doi_nonprivate_generic,spillover_control,0.110137319,0.1164529938,0.006315674738,True,66,0.001161007473,4.556358752
complex,200,8,1600,1,142,doi_nonprivate_generic,spillover_treated,0.1731328632,0.1793903085,0.006257445319,True,66,0.001161007473,4.556358752
complex,200,8,1600,1,142,doi_private_generic,direct_low,0.09860674353,0.1419034088,0.04329666527,True,65,0.0009164107465,6.697254747
complex,200,8,1600,1,142,doi_private_generic,direct_high,0.1616022877,0.1572437674,-0.004358520258,True,65,0.0009164107465,6.697254747
complex,200,8,1600,1,142,doi_private_generic,spillover_control,0.110137319,0.1342060154,0.02406869632,True,65,0.0009164107465,6.697254747
complex,200,8,1600,1,142,doi_private_generic,spillover_treated,0.1731328632,0.149546374,-0.02358648921,True,65,0.0009164107465,6.697254747
complex,200,8,1600,1,142,doi_private_no_interference,direct_low,0.09860674353,0.24351746,0.1449107164,True,11,2.455225069e-05,1.399616058
complex,200,8,1600,1,142,doi_private_no_interference,direct_high,0.1616022877,0.24351746,0.08191517229,True,11,2.455225069e-05,1.399616058
complex,200,8,1600,1,142,doi_private_no_interference,spillover_control,0.110137319,0,-0.110137319,True,11,2.455225069e-05,1.399616058
complex,200,8,1600,1,142,doi_private_no_interference,spillover_treated,0.1731328632,0,-0.1731328632,True,11,2.455225069e-05,1.399616058
complex,200,8,1600,2,142,design_ht,direct_low,0.09860674353,0.09253985199,-0.006066891547,True,0,0,0
complex,200,8,1600,2,142,design_ht,direct_high,0.1616022877,0.2371863223,0.07558403462,True,0,0,0
complex,200,8,1600,2,142,design_ht,spillover_control,0.110137319,0.003463969848,-0.1066733492,True,0,0,0
complex,200,8,1600,2,142,design_ht,spillover_treated,0.1731328632,0.1481104402,-0.02502242303,True,0,0,0
complex,200,8,1600,2,142,doi_nonprivate_generic,direct_low,0.09860674353,0.09596721358,-0.002639529948,True,66,0.001161007473,4.556358752
complex,200,8,1600,2,142,doi_nonprivate_generic,direct_high,0.1616022877,0.1589045283,-0.002697759367,True,66,0.001161007473,4.556358752
complex,200,8,1600,2,142,doi_nonprivate_generic,spillover_control,0.110137319,0.1164529938,0.006315674738,True,66,0.001161007473,4.556358752
complex,200,8,1600,2,142,doi_nonprivate_generic,spillover_treated,0.1731328632,0.1793903085,0.006257445319,True,66,0.001161007473,4.556358752
complex,200,8,1600,2,142,doi_private_generic,direct_low,0.09860674353,0.1396922908,0.0410855473,True,75,0.002046472654,2.044745885
complex,200,8,1600,2,142,doi_private_generic,direct_high,0.1616022877,0.2233163507,0.06171406306,True,75,0.002046472654,2.044745885
complex,200,8,1600,2,142,doi_private_generic,spillover_control,0.110137319,0.05236117505,-0.05777614399,True,75,0.002046472654,2.044745885
complex,200,8,1600,2,142,doi_private_generic,spillover_treated,0.1731328632,0.135985235,-0.03714762822,True,75,0.002046472654,2.044745885
complex,200,8,1600,2,142,doi_private_no_interference,direct_low,0.09860674353,0.2421550977,0.1435483542,True,10,1.033990306e-05,1.37475095
complex,200,8,1600,2,142,doi_private_no_interference,direct_high,0.1616022877,0.2421550977,0.08055281007,True,10,1.033990306e-05,1.37475095
complex,200,8,1600,2,142,doi_private_no_interference,spillover_control,0.110137319,0,-0.110137319,True,10,1.033990306e-05,1.37475095
complex,200,8,1600,2,142,doi_private_no_interference,spillover_treated,0.1731328632,0,-0.1731328632,True,10,1.033990306e-05,1.37475095
complex,200,8,1600,0.5,143,design_ht,direct_low,0.09860674353,0.1292174787,0.03061073518,True,0,0,0
complex,200,8,1600,0.5,143,design_ht,direct_high,0.1616022877,0.02219593657,-0.1394063511,True,0,0,0
complex,200,8,1600,0.5,143,design_ht,spillover_control,0.110137319,0.446385563,0.336248244,True,0,0,0
complex,200,8,1600,0.5,143,design_ht,spillover_treated,0.1731328632,0.3393640209,0.1662311577,True,0,0,0
complex,200,8,1600,0.5,143,doi_nonprivate_generic,direct_low,0.09860674353,0.09690988944,-0.001696854095,True,108,0.002565745386,4.686717865
complex,200,8,1600,0.5,143,doi_nonprivate_generic,direct_high,0.1616022877,0.1573218177,-0.004280469982,True,108,0.002565745386,4.686717865
complex,200,8,1600,0.5,143,doi_nonprivate_generic,spillover_control,0.110137319,0.1160583405,0.005921021427,True,108,0.002565745386,4.686717865
complex,200,8,1600,0.5,143,doi_nonprivate_generic,spillover_treated,0.1731328632,0.1764702687,0.00333740554,True,108,0.002565745386,4.686717865
complex,200,8,1600,0.5,143,doi_private_generic,direct_low,0.09860674353,0.1625939519,0.06398720835,True,47,0.0003304156957,4.188768517
complex,200,8,1600,0.5,143,doi_private_generic,direct_high,0.1616022877,0.1472568487,-0.01434543896,True,47,0.0003304156957,4.188768517
complex,200,8,1600,0.5,143,doi_private_generic,spillover_control,0.110137319,0.286921667,0.176784348,True,47,0.0003304156957,4.188768517
complex,200,8,1600,0.5,143,doi_private_generic,spillover_treated,0.1731328632,0.2715845639,0.09845170067,True,47,0.0003304156957,4.188768517
complex,200,8,1600,0.5,143,doi_private_no_interference,direct_low,0.09860674353,0.3094781604,0.2108714169,True,10,1.880964478e-05,1.930088307
complex,200,8,1600,0.5,143,doi_private_no_interference,direct_high,0.1616022877,0.3094781604,0.1478758727,True,10,1.880964478e-05,1.930088307
complex,200,8,1600,0.5,143,doi_private_no_interference,spillover_control,0.110137319,0,-0.110137319,True,10,1.880964478e-05,1.930088307
complex,200,8,1600,0.5,143,doi_private_no_interference,spillover_treated,0.1731328632,0,-0.1731328632,True,10,1.880964478e-05,1.930088307
complex,200,8,1600,1,143,design_ht,direct_low,0.09860674353,0.2019104204,0.1033036769,True,0,0,0
complex,200,8,1600,1,143,design_ht,direct_high,0.1616022877,-0.02019712977,-0.1817994174,True,0,0,0
complex,200,8,1600,1,143,design_ht,spillover_control,0.110137319,0.3435092558,0.2333719367,True,0,0,0
complex,200,8,1600,1,143,design_ht,spillover_treated,0.1731328632,0.1214017056,-0.05173115761,True,0,0,0
complex,200,8,1600,1,143,doi_nonprivate_generic,direct_low,0.09860674353,0.09690988944,-0.001696854095,True,108,0.002565745386,4.686717865
complex,200,8,1600,1,143,doi_nonprivate_generic,direct_high,0.1616022877,0.1573218177,-0.004280469982,True,108,0.002565745386,4.686717865
complex,200,8,1600,1,143,doi_nonprivate_generic,spillover_control,0.110137319,0.1160583405,0.005921021427,True,108,0.002565745386,4.686717865
complex,200,8,1600,1,143,doi_nonprivate_generic,spillover_treated,0.1731328632,0.1764702687,0.00333740554,True,108,0.002565745386,4.686717865
complex,200,8,1600,1,143,doi_private_generic,direct_low,0.09860674353,0.1917729238,0.09316618024,True,60,0.00336367319,4.664328322
complex,200,8,1600,1,143,doi_private_generic,direct_high,0.1616022877,0.07312219572,-0.08848009195,True,60,0.00336367319,4.664328322
complex,200,8,1600,1,143,doi_private_generic,spillover_control,0.110137319,0.2095296639,0.0993923449,True,60,0.00336367319,4.664328322
complex,200,8,1600,1,143,doi_private_generic,spillover_treated,0.1731328632,0.09087893588,-0.0822539273,True,60,0.00336367319,4.664328322
complex,200,8,1600,1,143,doi_private_no_interference,direct_low,0.09860674353,0.2330169477,0.1344102041,True,11,1.257247091e-05,1.838986229
complex,200,8,1600,1,143,doi_private_no_interference,direct_high,0.1616022877,0.2330169477,0.07141465999,True,11,1.257247091e-05,1.838986229
complex,200,8,1600,1,143,doi_private_no_interference,spillover_control,0.110137319,0,-0.110137319,True,11,1.257247091e-05,1.838986229
complex,200,8,1600,1,143,doi_private_no_interference,spillover_treated,0.1731328632,0,-0.1731328632,True,11,1.257247091e-05,1.838986229
complex,200,8,1600,2,143,design_ht,direct_low,0.09860674353,-0.04497279408,-0.1435795376,True,0,0,0
complex,200,8,1600,2,143,design_ht,direct_high,0.1616022877,0.1556917635,-0.005910524201,True,0,0,0
complex,200,8,1600,2,143,design_ht,spillover_control,0.110137319,0.09997249966,-0.01016481938,True,0,0,0
complex,200,8,1600,2,143,design_ht,spillover_treated,0.1731328632,0.3006370572,0.127504194,True,0,0,0
complex,200,8,1600,2,143,doi_nonprivate_generic,direct_low,0.09860674353,0.09690988944,-0.001696854095,True,108,0.002565745386,4.686717865
complex,200,8,1600,2,143,doi_nonprivate_generic,direct_high,0.1616022877,0.1573218177,-0.004280469982,True,108,0.002565745386,4.686717865
complex,200,8,1600,2,143,doi_nonprivate_generic,spillover_control,0.110137319,0.1160583405,0.005921021427,True,108,0.002565745386,4.686717865
complex,200,8,1600,2,143,doi_nonprivate_generic,spillover_treated,0.1731328632,0.1764702687,0.00333740554,True,108,0.002565745386,4.686717865
complex,200,8,1600,2,143,doi_private_generic,direct_low,0.09860674353,-0.01571363165,-0.1143203752,True,91,0.002338419423,1.619505461
complex,200,8,1600,2,143,doi_private_generic,direct_high,0.1616022877,0.1927330942,0.0311308065,True,91,0.002338419423,1.619505461
complex,200,8,1600,2,143,doi_private_generic,spillover_control,0.110137319,0.04809464209,-0.06204267695,True,91,0.002338419423,1.619505461
complex,200,8,1600,2,143,doi_private_generic,spillover_treated,0.1731328632,0.2565413679,0.08340850473,True,91,0.002338419423,1.619505461
complex,200,8,1600,2,143,doi_private_no_interference,direct_low,0.09860674353,0.1792008468,0.08059410323,True,9,1.016537088e-05,0.9797867011
complex,200,8,1600,2,143,doi_private_no_interference,direct_high,0.1616022877,0.1792008468,0.01759855909,True,9,1.016537088e-05,0.9797867011
complex,200,8,1600,2,143,doi_private_no_interference,spillover_control,0.110137319,0,-0.110137319,True,9,1.016537088e-05,0.9797867011
complex,200,8,1600,2,143,doi_private_no_interference,spillover_treated,0.1731328632,0,-0.1731328632,True,9,1.016537088e-05,0.9797867011
complex,200,8,1600,0.5,144,design_ht,direct_low,0.09860674353,-0.04095240847,-0.139559152,True,0,0,0
complex,200,8,1600,0.5,144,design_ht,direct_high,0.1616022877,0.3781607109,0.2165584233,True,0,0,0
complex,200,8,1600,0.5,144,design_ht,spillover_control,0.110137319,-0.1878144647,-0.2979517837,True,0,0,0
complex,200,8,1600,0.5,144,design_ht,spillover_treated,0.1731328632,0.2312986547,0.05816579156,True,0,0,0
complex,200,8,1600,0.5,144,doi_nonprivate_generic,direct_low,0.09860674353,0.09655853586,-0.002048207672,True,59,0.01191946247,4.555850435
complex,200,8,1600,0.5,144,doi_nonprivate_generic,direct_high,0.1616022877,0.1570158381,-0.004586449528,True,59,0.01191946247,4.555850435
complex,200,8,1600,0.5,144,doi_nonprivate_generic,spillover_control,0.110137319,0.1137940874,0.003656768348,True,59,0.01191946247,4.555850435
complex,200,8,1600,0.5,144,doi_nonprivate_generic,spillover_treated,0.1731328632,0.1742513897,0.001118526493,True,59,0.01191946247,4.555850435
complex,200,8,1600,0.5,144,doi_private_generic,direct_low,0.09860674353,0.09887563974,0.0002688962065,True,46,0.0002203166013,4.717856586
complex,200,8,1600,0.5,144,doi_private_generic,direct_high,0.1616022877,0.2225783082,0.06097602055,True,46,0.0002203166013,4.717856586
complex,200,8,1600,0.5,144,doi_private_generic,spillover_control,0.110137319,-0.008057539831,-0.1181948589,True,46,0.0002203166013,4.717856586
complex,200,8,1600,0.5,144,doi_private_generic,spillover_treated,0.1731328632,0.1156451287,-0.05748773453,True,46,0.0002203166013,4.717856586
complex,200,8,1600,0.5,144,doi_private_no_interference,direct_low,0.09860674353,0.1994781671,0.1008714236,True,9,1.802275865e-05,2.668320894
complex,200,8,1600,0.5,144,doi_private_no_interference,direct_high,0.1616022877,0.1994781671,0.03787587945,True,9,1.802275865e-05,2.668320894
complex,200,8,1600,0.5,144,doi_private_no_interference,spillover_control,0.110137319,0,-0.110137319,True,9,1.802275865e-05,2.668320894
complex,200,8,1600,0.5,144,doi_private_no_interference,spillover_treated,0.1731328632,0,-0.1731328632,True,9,1.802275865e-05,2.668320894
complex,200,8,1600,1,144,design_ht,direct_low,0.09860674353,0.1108493763,0.01224263273,True,0,0,0
complex,200,8,1600,1,144,design_ht,direct_high,0.1616022877,0.3026535153,0.1410512276,True,0,0,0
complex,200,8,1600,1,144,design_ht,spillover_control,0.110137319,-0.0181477121,-0.1282850311,True,0,0,0
complex,200,8,1600,1,144,design_ht,spillover_treated,0.1731328632,0.173656427,0.0005235637807,True,0,0,0
complex,200,8,1600,1,144,doi_nonprivate_generic,direct_low,0.09860674353,0.09655853586,-0.002048207672,True,59,0.01191946247,4.555850435
complex,200,8,1600,1,144,doi_nonprivate_generic,direct_high,0.1616022877,0.1570158381,-0.004586449528,True,59,0.01191946247,4.555850435
complex,200,8,1600,1,144,doi_nonprivate_generic,spillover_control,0.110137319,0.1137940874,0.003656768348,True,59,0.01191946247,4.555850435
complex,200,8,1600,1,144,doi_nonprivate_generic,spillover_treated,0.1731328632,0.1742513897,0.001118526493,True,59,0.01191946247,4.555850435
complex,200,8,1600,1,144,doi_private_generic,direct_low,0.09860674353,0.1334016897,0.03479494619,True,66,0.001087046362,5.101223326
complex,200,8,1600,1,144,doi_private_generic,direct_high,0.1616022877,0.2434523024,0.08185001469,True,66,0.001087046362,5.101223326
complex,200,8,1600,1,144,doi_private_generic,spillover_control,0.110137319,0.05221780457,-0.05791951447,True,66,0.001087046362,5.101223326
complex,200,8,1600,1,144,doi_private_generic,spillover_treated,0.1731328632,0.1622684172,-0.01086444597,True,66,0.001087046362,5.101223326
complex,200,8,1600,1,144,doi_private_no_interference,direct_low,0.09860674353,0.2691245772,0.1705178336,True,10,8.111368848e-05,2.110856776
complex,200,8,1600,1,144,doi_private_no_interference,direct_high,0.1616022877,0.2691245772,0.1075222895,True,10,8.111368848e-05,2.110856776
complex,200,8,1600,1,144,doi_private_no_interference,spillover_control,0.110137319,0,-0.110137319,True,10,8.111368848e-05,2.110856776
complex,200,8,1600,1,144,doi_private_no_interference,spillover_treated,0.1731328632,0,-0.1731328632,True,10,8.111368848e-05,2.110856776
complex,200,8,1600,2,144,design_ht,direct_low,0.09860674353,0.0403254405,-0.05828130304,True,0,0,0
complex,200,8,1600,2,144,design_ht,direct_high,0.1616022877,0.1012495584,-0.06035272932,True,0,0,0
complex,200,8,1600,2,144,design_ht,spillover_control,0.110137319,0.1204336753,0.01029635627,True,0,0,0
complex,200,8,1600,2,144,design_ht,spillover_treated,0.1731328632,0.1813577932,0.008224929986,True,0,0,0
complex,200,8,1600,2,144,doi_nonprivate_generic,direct_low,0.09860674353,0.09655853586,-0.002048207672,True,59,0.01191946247,4.555850435
complex,200,8,1600,2,144,doi_nonprivate_generic,direct_high,0.1616022877,0.1570158381,-0.004586449528,True,59,0.01191946247,4.555850435
complex,200,8,1600,2,144,doi_nonprivate_generic,spillover_control,0.110137319,0.1137940874,0.003656768348,True,59,0.01191946247,4.555850435
complex,200,8,1600,2,144,doi_nonprivate_generic,spillover_treated,0.1731328632,0.1742513897,0.001118526493,True,59,0.01191946247,4.555850435
complex,200,8,1600,2,144,doi_private_generic,direct_low,0.09860674353,0.08864145616,-0.00996528737,True,86,0.002081309263,4.774407616
complex,200,8,1600,2,144,doi_private_generic,direct_high,0.1616022877,0.07443649452,-0.08716579315,True,86,0.002081309263,4.774407616
complex,200,8,1600,2,144,doi_private_generic,spillover_control,0.110137319,0.1534037235,0.0432664045,True,86,0.002081309263,4.774407616
complex,200,8,1600,2,144,doi_private_generic,spillover_treated,0.1731328632,0.1391987619,-0.03393410128,True,86,0.002081309263,4.774407616
complex,200,8,1600,2,144,doi_private_no_interference,direct_low,0.09860674353,0.1775454145,0.07893867096,True,10,6.378962271e-06,1.574004027
complex,200,8,1600,2,144,doi_private_no_interference,direct_high,0.1616022877,0.1775454145,0.01594312682,True,10,6.378962271e-06,1.574004027
complex,200,8,1600,2,144,doi_private_no_interference,spillover_control,0.110137319,0,-0.110137319,True,10,6.378962271e-06,1.574004027
complex,200,8,1600,2,144,doi_private_no_interference,spillover_treated,0.1731328632,0,-0.1731328632,True,10,6.378962271e-06,1.574004027
complex,200,8,1600,0.5,145,design_ht,direct_low,0.09860674353,0.1245364506,0.02592970708,True,0,0,0
complex,200,8,1600,0.5,145,design_ht,direct_high,0.1616022877,0.1423106971,-0.01929159057,True,0,0,0
complex,200,8,1600,0.5,145,design_ht,spillover_control,0.110137319,0.05968946466,-0.05044785438,True,0,0,0
complex,200,8,1600,0.5,145,design_ht,spillover_treated,0.1731328632,0.07746371115,-0.09566915203,True,0,0,0
complex,200,8,1600,0.5,145,doi_nonprivate_generic,direct_low,0.09860674353,0.09712463877,-0.001482104761,True,79,0.003955089056,4.499291688
complex,200,8,1600,0.5,145,doi_nonprivate_generic,direct_high,0.1616022877,0.1545281872,-0.007074100485,True,79,0.003955089056,4.499291688
complex,200,8,1600,0.5,145,doi_nonprivate_generic,spillover_control,0.110137319,0.1169237334,0.006786414321,True,79,0.003955089056,4.499291688
complex,200,8,1600,0.5,145,doi_nonprivate_generic,spillover_treated,0.1731328632,0.1743272818,0.001194418598,True,79,0.003955089056,4.499291688
complex,200,8,1600,0.5,145,doi_private_generic,direct_low,0.09860674353,0.1949386566,0.0963319131,True,45,0.0006728353682,4.033565612
complex,200,8,1600,0.5,145,doi_private_generic,direct_high,0.1616022877,0.03302549668,-0.128576791,True,45,0.0006728353682,4.033565612
complex,200,8,1600,0.5,145,doi_private_generic,spillover_control,0.110137319,0.136869277,0.02673195797,True,45,0.0006728353682,4.033565612
complex,200,8,1600,0.5,145,doi_private_generic,spillover_treated,0.1731328632,-0.02504388294,-0.1981767461,True,45,0.0006728353682,4.033565612
complex,200,8,1600,0.5,145,doi_private_no_interference,direct_low,0.09860674353,0.1656036937,0.06699695018,True,10,1.782664974e-06,1.643479248
complex,200,8,1600,0.5,145,doi_private_no_interference,direct_high,0.1616022877,0.1656036937,0.00400140604,True,10,1.782664974e-06,1.643479248
complex,200,8,1600,0.5,145,doi_private_no_interference,spillover_control,0.110137319,0,-0.110137319,True,10,1.782664974e-06,1.643479248
complex,200,8,1600,0.5,145,doi_private_no_interference,spillover_treated,0.1731328632,0,-0.1731328632,True,10,1.782664974e-06,1.643479248
complex,200,8,1600,1,145,design_ht,direct_low,0.09860674353,0.3380277874,0.2394210439,True,0,0,0
complex,200,8,1600,1,145,design_ht,direct_high,0.1616022877,0.221671506,0.06006921836,True,0,0,0
complex,200,8,1600,1,145,design_ht,spillover_control,0.110137319,0.2551898507,0.1450525316,True,0,0,0
complex,200,8,1600,1,145,design_ht,spillover_treated,0.1731328632,0.1388335693,-0.0342992939,True,0,0,0
complex,200,8,1600,1,145,doi_nonprivate_generic,direct_low,0.09860674353,0.09712463877,-0.001482104761,True,79,0.003955089056,4.499291688
complex,200,8,1600,1,145,doi_nonprivate_generic,direct_high,0.1616022877,0.1545281872,-0.007074100485,True,79,0.003955089056,4.499291688
complex,200,8,1600,1,145,doi_nonprivate_generic,spillover_control,0.110137319,0.1169237334,0.006786414321,True,79,0.003955089056,4.499291688
complex,200,8,1600,1,145,doi_nonprivate_generic,spillover_treated,0.1731328632,0.1743272818,0.001194418598,True,79,0.003955089056,4.499291688
complex,200,8,1600,1,145,doi_private_generic,direct_low,0.09860674353,0.2680798766,0.1694731331,True,80,0.0005720935114,5.3270135
complex,200,8,1600,1,145,doi_private_generic,direct_high,0.1616022877,0.2121476337,0.05054534605,True,80,0.0005720935114,5.3270135
complex,200,8,1600,1,145,doi_private_generic,spillover_control,0.110137319,0.2729179812,0.1627806622,True,80,0.0005720935114,5.3270135
complex,200,8,1600,1,145,doi_private_generic,spillover_treated,0.1731328632,0.2169857384,0.04385287517,True,80,0.0005720935114,5.3270135
complex,200,8,1600,1,145,doi_private_no_interference,direct_low,0.09860674353,0.3868912135,0.28828447,True,11,0.0001455044773,2.395814753
complex,200,8,1600,1,145,doi_private_no_interference,direct_high,0.1616022877,0.3868912135,0.2252889259,True,11,0.0001455044773,2.395814753
complex,200,8,1600,1,145,doi_private_no_interference,spillover_control,0.110137319,0,-0.110137319,True,11,0.0001455044773,2.395814753
complex,200,8,1600,1,145,doi_private_no_interference,spillover_treated,0.1731328632,0,-0.1731328632,True,11,0.0001455044773,2.395814753
complex,200,8,1600,2,145,design_ht,direct_low,0.09860674353,0.1520508816,0.05344413803,True,0,0,0
complex,200,8,1600,2,145,design_ht,direct_high,0.1616022877,0.1886269109,0.02702462324,True,0,0,0
complex,200,8,1600,2,145,design_ht,spillover_control,0.110137319,0.1515067632,0.04136944421,True,0,0,0
complex,200,8,1600,2,145,design_ht,spillover_treated,0.1731328632,0.1880827926,0.01494992941,True,0,0,0
complex,200,8,1600,2,145,doi_nonprivate_generic,direct_low,0.09860674353,0.09712463877,-0.001482104761,True,79,0.003955089056,4.499291688
complex,200,8,1600,2,145,doi_nonprivate_generic,direct_high,0.1616022877,0.1545281872,-0.007074100485,True,79,0.003955089056,4.499291688
complex,200,8,1600,2,145,doi_nonprivate_generic,spillover_control,0.110137319,0.1169237334,0.006786414321,True,79,0.003955089056,4.499291688
complex,200,8,1600,2,145,doi_nonprivate_generic,spillover_treated,0.1731328632,0.1743272818,0.001194418598,True,79,0.003955089056,4.499291688
complex,200,8,1600,2,145,doi_private_generic,direct_low,0.09860674353,0.1046290741,0.00602233056,True,86,0.001661766391,3.620090657
complex,200,8,1600,2,145,doi_private_generic,direct_high,0.1616022877,0.1633911024,0.001788814772,True,86,0.001661766391,3.620090657
complex,200,8,1600,2,145,doi_private_generic,spillover_control,0.110137319,0.1793793468,0.06924202779,True,86,0.001661766391,3.620090657
complex,200,8,1600,2,145,doi_private_generic,spillover_treated,0.1731328632,0.2381413752,0.065008512,True,86,0.001661766391,3.620090657
complex,200,8,1600,2,145,doi_private_no_interference,direct_low,0.09860674353,0.2623800418,0.1637732983,True,10,1.069204039e-05,1.508538893
complex,200,8,1600,2,145,doi_private_no_interference,direct_high,0.1616022877,0.2623800418,0.1007777541,True,10,1.069204039e-05,1.508538893
complex,200,8,1600,2,145,doi_private_no_interference,spillover_control,0.110137319,0,-0.110137319,True,10,1.069204039e-05,1.508538893
complex,200,8,1600,2,145,doi_private_no_interference,spillover_treated,0.1731328632,0,-0.1731328632,True,10,1.069204039e-05,1.508538893
complex,200,8,1600,0.5,146,design_ht,direct_low,0.09860674353,-0.08664744359,-0.1852541871,True,0,0,0
complex,200,8,1600,0.5,146,design_ht,direct_high,0.1616022877,0.3862325489,0.2246302613,True,0,0,0
complex,200,8,1600,0.5,146,design_ht,spillover_control,0.110137319,0.03679652831,-0.07334079073,True,0,0,0
complex,200,8,1600,0.5,146,design_ht,spillover_treated,0.1731328632,0.5096765209,0.3365436577,True,0,0,0
complex,200,8,1600,0.5,146,doi_nonprivate_generic,direct_low,0.09860674353,0.0985623431,-4.440043292e-05,True,84,0.01230935664,4.569155595
complex,200,8,1600,0.5,146,doi_nonprivate_generic,direct_high,0.1616022877,0.1569097031,-0.0046925846,True,84,0.01230935664,4.569155595
complex,200,8,1600,0.5,146,doi_nonprivate_generic,spillover_control,0.110137319,0.1156708578,0.00553353874,True,84,0.01230935664,4.569155595
complex,200,8,1600,0.5,146,doi_nonprivate_generic,spillover_treated,0.1731328632,0.1740182178,0.0008853545732,True,84,0.01230935664,4.569155595
complex,200,8,1600,0.5,146,doi_private_generic,direct_low,0.09860674353,0.05200716958,-0.04659957395,True,56,0.001327143338,4.945057927
complex,200,8,1600,0.5,146,doi_private_generic,direct_high,0.1616022877,0.2135760412,0.05197375357,True,56,0.001327143338,4.945057927
complex,200,8,1600,0.5,146,doi_private_generic,spillover_control,0.110137319,0.0105371377,-0.09960018134,True,56,0.001327143338,4.945057927
complex,200,8,1600,0.5,146,doi_private_generic,spillover_treated,0.1731328632,0.1721060094,-0.001026853819,True,56,0.001327143338,4.945057927
complex,200,8,1600,0.5,146,doi_private_no_interference,direct_low,0.09860674353,0.18943245,0.09082570642,True,10,4.369907995e-05,2.027650321
complex,200,8,1600,0.5,146,doi_private_no_interference,direct_high,0.1616022877,0.18943245,0.02783016228,True,10,4.369907995e-05,2.027650321
complex,200,8,1600,0.5,146,doi_private_no_interference,spillover_control,0.110137319,0,-0.110137319,True,10,4.369907995e-05,2.027650321
complex,200,8,1600,0.5,146,doi_private_no_interference,spillover_treated,0.1731328632,0,-0.1731328632,True,10,4.369907995e-05,2.027650321
complex,200,8,1600,1,146,design_ht,direct_low,0.09860674353,0.005315224649,-0.09329151888,True,0,0,0
complex,200,8,1600,1,146,design_ht,direct_high,0.1616022877,0.04099654744,-0.1206057402,True,0,0,0
complex,200,8,1600,1,146,design_ht,spillover_control,0.110137319,0.4081858572,0.2980485381,True,0,0,0
complex,200,8,1600,1,146,design_ht,spillover_treated,0.1731328632,0.44386718,0.2707343168,True,0,0,0
complex,200,8,1600,1,146,doi_nonprivate_generic,direct_low,0.09860674353,0.0985623431,-4.440043292e-05,True,84,0.01230935664,4.569155595
complex,200,8,1600,1,146,doi_nonprivate_generic,direct_high,0.1616022877,0.1569097031,-0.0046925846,True,84,0.01230935664,4.569155595
complex,200,8,1600,1,146,doi_nonprivate_generic,spillover_control,0.110137319,0.1156708578,0.00553353874,True,84,0.01230935664,4.569155595
complex,200,8,1600,1,146,doi_nonprivate_generic,spillover_treated,0.1731328632,0.1740182178,0.0008853545732,True,84,0.01230935664,4.569155595
complex,200,8,1600,1,146,doi_private_generic,direct_low,0.09860674353,0.01198687504,-0.08661986849,True,80,0.001817527448,3.686883679
complex,200,8,1600,1,146,doi_private_generic,direct_high,0.1616022877,0.02707895932,-0.1345233284,True,80,0.001817527448,3.686883679
complex,200,8,1600,1,146,doi_private_generic,spillover_control,0.110137319,0.2152501088,0.1051127898,True,80,0.001817527448,3.686883679
complex,200,8,1600,1,146,doi_private_generic,spillover_treated,0.1731328632,0.2303421931,0.05720932994,True,80,0.001817527448,3.686883679
complex,200,8,1600,1,146,doi_private_no_interference,direct_low,0.09860674353,0.1543872257,0.05578048219,True,9,6.631079159e-05,1.471316976
complex,200,8,1600,1,146,doi_private_no_interference,direct_high,0.1616022877,0.1543872257,-0.007215061954,True,9,6.631079159e-05,1.471316976
complex,200,8,1600,1,146,doi_private_no_interference,spillover_control,0.110137319,0,-0.110137319,True,9,6.631079159e-05,1.471316976
complex,200,8,1600,1,146,doi_private_no_interference,spillover_treated,0.1731328632,0,-0.1731328632,True,9,6.631079159e-05,1.471316976
complex,200,8,1600,2,146,design_ht,direct_low,0.09860674353,0.1559772048,0.05737046124,True,0,0,0
complex,200,8,1600,2,146,design_ht,direct_high,0.1616022877,0.1519557345,-0.009646553208,True,0,0,0
complex,200,8,1600,2,146,design_ht,spillover_control,0.110137319,0.2739124994,0.1637751804,True,0,0,0
complex,200,8,1600,2,146,design_ht,spillover_treated,0.1731328632,0.2698910291,0.09675816594,True,0,0,0
complex,200,8,1600,2,146,doi_nonprivate_generic,direct_low,0.09860674353,0.0985623431,-4.440043292e-05,True,84,0.01230935664,4.569155595
complex,200,8,1600,2,146,doi_nonprivate_generic,direct_high,0.1616022877,0.1569097031,-0.0046925846,True,84,0.01230935664,4.569155595
complex,200,8,1600,2,146,doi_nonprivate_generic,spillover_control,0.110137319,0.1156708578,0.00553353874,True,84,0.01230935664,4.569155595
complex,200,8,1600,2,146,doi_nonprivate_generic,spillover_treated,0.1731328632,0.1740182178,0.0008853545732,True,84,0.01230935664,4.569155595
complex,200,8,1600,2,146,doi_private_generic,direct_low,0.09860674353,0.1502629113,0.05165616779,True,103,0.002581116014,3.148356523
complex,200,8,1600,2,146,doi_private_generic,direct_high,0.1616022877,0.104575369,-0.05702691867,True,103,0.002581116014,3.148356523
complex,200,8,1600,2,146,doi_private_generic,spillover_control,0.110137319,0.1360508363,0.02591351727,True,103,0.002581116014,3.148356523
complex,200,8,1600,2,146,doi_private_generic,spillover_treated,0.1731328632,0.090363294,-0.08276956918,True,103,0.002581116014,3.148356523
complex,200,8,1600,2,146,doi_private_no_interference,direct_low,0.09860674353,0.1954881752,0.09688143169,True,10,0.0003165465919,1.491915444
complex,200,8,1600,2,146,doi_private_no_interference,direct_high,0.1616022877,0.1954881752,0.03388588755,True,10,0.0003165465919,1.491915444
complex,200,8,1600,2,146,doi_private_no_interference,spillover_control,0.110137319,0,-0.110137319,True,10,0.0003165465919,1.491915444
complex,200,8,1600,2,146,doi_private_no_interference,spillover_treated,0.1731328632,0,-0.1731328632,True,10,0.0003165465919,1.491915444
complex,200,8,1600,0.5,147,design_ht,direct_low,0.09860674353,0.006645478929,-0.0919612646,True,0,0,0
complex,200,8,1600,0.5,147,design_ht,direct_high,0.1616022877,0.413443394,0.2518411063,True,0,0,0
complex,200,8,1600,0.5,147,design_ht,spillover_control,0.110137319,-0.05975753512,-0.1698948542,True,0,0,0
complex,200,8,1600,0.5,147,design_ht,spillover_treated,0.1731328632,0.3470403799,0.1739075168,True,0,0,0
complex,200,8,1600,0.5,147,doi_nonprivate_generic,direct_low,0.09860674353,0.09733006205,-0.001276681477,True,83,0.003030842617,4.522975744
complex,200,8,1600,0.5,147,doi_nonprivate_generic,direct_high,0.1616022877,0.1558814911,-0.005720796566,True,83,0.003030842617,4.522975744
complex,200,8,1600,0.5,147,doi_nonprivate_generic,spillover_control,0.110137319,0.1142941875,0.00415686848,True,83,0.003030842617,4.522975744
complex,200,8,1600,0.5,147,doi_nonprivate_generic,spillover_treated,0.1731328632,0.1728456166,-0.0002872466091,True,83,0.003030842617,4.522975744
complex,200,8,1600,0.5,147,doi_private_generic,direct_low,0.09860674353,-0.08743451148,-0.186041255,True,36,0.000422208066,5.654926925
complex,200,8,1600,0.5,147,doi_private_generic,direct_high,0.1616022877,0.448859821,0.2872575333,True,36,0.000422208066,5.654926925
complex,200,8,1600,0.5,147,doi_private_generic,spillover_control,0.110137319,-0.1465189411,-0.2566562601,True,36,0.000422208066,5.654926925
complex,200,8,1600,0.5,147,doi_private_generic,spillover_treated,0.1731328632,0.3897753914,0.2166425282,True,36,0.000422208066,5.654926925
complex,200,8,1600,0.5,147,doi_private_no_interference,direct_low,0.09860674353,0.2450510596,0.1464443161,True,8,1.674641522e-05,1.247189917
complex,200,8,1600,0.5,147,doi_private_no_interference,direct_high,0.1616022877,0.2450510596,0.08344877193,True,8,1.674641522e-05,1.247189917
complex,200,8,1600,0.5,147,doi_private_no_interference,spillover_control,0.110137319,0,-0.110137319,True,8,1.674641522e-05,1.247189917
complex,200,8,1600,0.5,147,doi_private_no_interference,spillover_treated,0.1731328632,0,-0.1731328632,True,8,1.674641522e-05,1.247189917
complex,200,8,1600,1,147,design_ht,direct_low,0.09860674353,0.2398837149,0.1412769713,True,0,0,0
complex,200,8,1600,1,147,design_ht,direct_high,0.1616022877,0.08702670557,-0.0745755821,True,0,0,0
complex,200,8,1600,1,147,design_ht,spillover_control,0.110137319,0.2185210693,0.1083837502,True,0,0,0
complex,200,8,1600,1,147,design_ht,spillover_treated,0.1731328632,0.06566405999,-0.1074688032,True,0,0,0
complex,200,8,1600,1,147,doi_nonprivate_generic,direct_low,0.09860674353,0.09733006205,-0.001276681477,True,83,0.003030842617,4.522975744
complex,200,8,1600,1,147,doi_nonprivate_generic,direct_high,0.1616022877,0.1558814911,-0.005720796566,True,83,0.003030842617,4.522975744
complex,200,8,1600,1,147,doi_nonprivate_generic,spillover_control,0.110137319,0.1142941875,0.00415686848,True,83,0.003030842617,4.522975744
complex,200,8,1600,1,147,doi_nonprivate_generic,spillover_treated,0.1731328632,0.1728456166,-0.0002872466091,True,83,0.003030842617,4.522975744
complex,200,8,1600,1,147,doi_private_generic,direct_low,0.09860674353,0.1411852994,0.04257855584,True,64,0.005030904264,5.107248015
complex,200,8,1600,1,147,doi_private_generic,direct_high,0.1616022877,0.1256228405,-0.03597944715,True,64,0.005030904264,5.107248015
complex,200,8,1600,1,147,doi_private_generic,spillover_control,0.110137319,0.1458114294,0.03567411035,True,64,0.005030904264,5.107248015
complex,200,8,1600,1,147,doi_private_generic,spillover_treated,0.1731328632,0.1302489705,-0.04288389264,True,64,0.005030904264,5.107248015
complex,200,8,1600,1,147,doi_private_no_interference,direct_low,0.09860674353,0.2068842586,0.108277515,True,11,1.230593276e-05,1.245614878
complex,200,8,1600,1,147,doi_private_no_interference,direct_high,0.1616022877,0.2068842586,0.0452819709,True,11,1.230593276e-05,1.245614878
complex,200,8,1600,1,147,doi_private_no_interference,spillover_control,0.110137319,0,-0.110137319,True,11,1.230593276e-05,1.245614878
complex,200,8,1600,1,147,doi_private_no_interference,spillover_treated,0.1731328632,0,-0.1731328632,True,11,1.230593276e-05,1.245614878
complex,200,8,1600,2,147,design_ht,direct_low,0.09860674353,0.1912627933,0.09265604975,True,0,0,0
complex,200,8,1600,2,147,design_ht,direct_high,0.1616022877,0.2416426456,0.08004035794,True,0,0,0
complex,200,8,1600,2,147,design_ht,spillover_control,0.110137319,0.1180022053,0.007864886304,True,0,0,0
complex,200,8,1600,2,147,design_ht,spillover_treated,0.1731328632,0.1683820577,-0.00475080551,True,0,0,0
complex,200,8,1600,2,147,doi_nonprivate_generic,direct_low,0.09860674353,0.09733006205,-0.001276681477,True,83,0.003030842617,4.522975744
complex,200,8,1600,2,147,doi_nonprivate_generic,direct_high,0.1616022877,0.1558814911,-0.005720796566,True,83,0.003030842617,4.522975744
complex,200,8,1600,2,147,doi_nonprivate_generic,spillover_control,0.110137319,0.1142941875,0.00415686848,True,83,0.003030842617,4.522975744
complex,200,8,1600,2,147,doi_nonprivate_generic,spillover_treated,0.1731328632,0.1728456166,-0.0002872466091,True,83,0.003030842617,4.522975744
complex,200,8,1600,2,147,doi_private_generic,direct_low,0.09860674353,0.1771318918,0.0785251483,True,72,0.003636845697,5.112438935
complex,200,8,1600,2,147,doi_private_generic,direct_high,0.1616022877,0.1780409739,0.01643868621,True,72,0.003636845697,5.112438935
complex,200,8,1600,2,147,doi_private_generic,spillover_control,0.110137319,0.1447868211,0.03464950205,True,72,0.003636845697,5.112438935
complex,200,8,1600,2,147,doi_private_generic,spillover_treated,0.1731328632,0.1456959032,-0.02743696003,True,72,0.003636845697,5.112438935
complex,200,8,1600,2,147,doi_private_no_interference,direct_low,0.09860674353,0.258743586,0.1601368425,True,11,6.516856726e-05,1.729488463
complex,200,8,1600,2,147,doi_private_no_interference,direct_high,0.1616022877,0.258743586,0.09714129836,True,11,6.516856726e-05,1.729488463
complex,200,8,1600,2,147,doi_private_no_interference,spillover_control,0.110137319,0,-0.110137319,True,11,6.516856726e-05,1.729488463
complex,200,8,1600,2,147,doi_private_no_interference,spillover_treated,0.1731328632,0,-0.1731328632,True,11,6.516856726e-05,1.729488463
complex,200,8,1600,0.5,148,design_ht,direct_low,0.09860674353,0.09718946466,-0.001417278869,True,0,0,0
complex,200,8,1600,0.5,148,design_ht,direct_high,0.1616022877,-0.05148795764,-0.2130902453,True,0,0,0
complex,200,8,1600,0.5,148,design_ht,spillover_control,0.110137319,0.396644901,0.286507582,True,0,0,0
complex,200,8,1600,0.5,148,design_ht,spillover_treated,0.1731328632,0.2479674787,0.07483461553,True,0,0,0
complex,200,8,1600,0.5,148,doi_nonprivate_generic,direct_low,0.09860674353,0.09734517195,-0.001261571577,True,79,0.005701690275,4.593688513
complex,200,8,1600,0.5,148,doi_nonprivate_generic,direct_high,0.1616022877,0.1585539868,-0.003048300914,True,79,0.005701690275,4.593688513
complex,200,8,1600,0.5,148,doi_nonprivate_generic,spillover_control,0.110137319,0.1148107845,0.004673465418,True,79,0.005701690275,4.593688513
complex,200,8,1600,0.5,148,doi_nonprivate_generic,spillover_treated,0.1731328632,0.1760195993,0.002886736082,True,79,0.005701690275,4.593688513
complex,200,8,1600,0.5,148,doi_private_generic,direct_low,0.09860674353,0.1140491925,0.01544244897,True,35,0.003110082102,4.522850681
complex,200,8,1600,0.5,148,doi_private_generic,direct_high,0.1616022877,-0.07156461619,-0.2331669039,True,35,0.003110082102,4.522850681
complex,200,8,1600,0.5,148,doi_private_generic,spillover_control,0.110137319,0.3498900812,0.2397527621,True,35,0.003110082102,4.522850681
complex,200,8,1600,0.5,148,doi_private_generic,spillover_treated,0.1731328632,0.1642762725,-0.008856590682,True,35,0.003110082102,4.522850681
complex,200,8,1600,0.5,148,doi_private_no_interference,direct_low,0.09860674353,0.1870372528,0.08843050928,True,9,1.645897902e-05,1.40862297
complex,200,8,1600,0.5,148,doi_private_no_interference,direct_high,0.1616022877,0.1870372528,0.02543496514,True,9,1.645897902e-05,1.40862297
complex,200,8,1600,0.5,148,doi_private_no_interference,spillover_control,0.110137319,0,-0.110137319,True,9,1.645897902e-05,1.40862297
complex,200,8,1600,0.5,148,doi_private_no_interference,spillover_treated,0.1731328632,0,-0.1731328632,True,9,1.645897902e-05,1.40862297
complex,200,8,1600,1,148,design_ht,direct_low,0.09860674353,0.2318286609,0.1332219174,True,0,0,0
complex,200,8,1600,1,148,design_ht,direct_high,0.1616022877,0.2545739395,0.09297165184,True,0,0,0
complex,200,8,1600,1,148,design_ht,spillover_control,0.110137319,0.1559056991,0.04576838001,True,0,0,0
complex,200,8,1600,1,148,design_ht,spillover_treated,0.1731328632,0.1786509777,0.005518114482,True,0,0,0
complex,200,8,1600,1,148,doi_nonprivate_generic,direct_low,0.09860674353,0.09734517195,-0.001261571577,True,79,0.005701690275,4.593688513
complex,200,8,1600,1,148,doi_nonprivate_generic,direct_high,0.1616022877,0.1585539868,-0.003048300914,True,79,0.005701690275,4.593688513
complex,200,8,1600,1,148,doi_nonprivate_generic,spillover_control,0.110137319,0.1148107845,0.004673465418,True,79,0.005701690275,4.593688513
complex,200,8,1600,1,148,doi_nonprivate_generic,spillover_treated,0.1731328632,0.1760195993,0.002886736082,True,79,0.005701690275,4.593688513
complex,200,8,1600,1,148,doi_private_generic,direct_low,0.09860674353,0.2330285345,0.1344217909,True,54,0.005124911734,3.413188957
complex,200,8,1600,1,148,doi_private_generic,direct_high,0.1616022877,0.1914857282,0.02988344049,True,54,0.005124911734,3.413188957
complex,200,8,1600,1,148,doi_private_generic,spillover_control,0.110137319,0.1735598158,0.06342249681,True,54,0.005124911734,3.413188957
complex,200,8,1600,1,148,doi_private_generic,spillover_treated,0.1731328632,0.1320170095,-0.04111585363,True,54,0.005124911734,3.413188957
complex,200,8,1600,1,148,doi_private_no_interference,direct_low,0.09860674353,0.3147274877,0.2161207442,True,11,2.045645284e-05,2.16968579
complex,200,8,1600,1,148,doi_private_no_interference,direct_high,0.1616022877,0.3147274877,0.1531252,True,11,2.045645284e-05,2.16968579
complex,200,8,1600,1,148,doi_private_no_interference,spillover_control,0.110137319,0,-0.110137319,True,11,2.045645284e-05,2.16968579
complex,200,8,1600,1,148,doi_private_no_interference,spillover_treated,0.1731328632,0,-0.1731328632,True,11,2.045645284e-05,2.16968579
complex,200,8,1600,2,148,design_ht,direct_low,0.09860674353,0.1192517637,0.02064502017,True,0,0,0
complex,200,8,1600,2,148,design_ht,direct_high,0.1616022877,0.1924855874,0.03088329969,True,0,0,0
complex,200,8,1600,2,148,design_ht,spillover_control,0.110137319,0.1462082342,0.0360709152,True,0,0,0
complex,200,8,1600,2,148,design_ht,spillover_treated,0.1731328632,0.2194420579,0.04630919472,True,0,0,0
complex,200,8,1600,2,148,doi_nonprivate_generic,direct_low,0.09860674353,0.09734517195,-0.001261571577,True,79,0.005701690275,4.593688513
complex,200,8,1600,2,148,doi_nonprivate_generic,direct_high,0.1616022877,0.1585539868,-0.003048300914,True,79,0.005701690275,4.593688513
complex,200,8,1600,2,148,doi_nonprivate_generic,spillover_control,0.110137319,0.1148107845,0.004673465418,True,79,0.005701690275,4.593688513
complex,200,8,1600,2,148,doi_nonprivate_generic,spillover_treated,0.1731328632,0.1760195993,0.002886736082,True,79,0.005701690275,4.593688513
complex,200,8,1600,2,148,doi_private_generic,direct_low,0.09860674353,0.1503690824,0.05176233889,True,51,0.002863525853,4.444854704
complex,200,8,1600,2,148,doi_private_generic,direct_high,0.1616022877,0.121116171,-0.04048611666,True,51,0.002863525853,4.444854704
complex,200,8,1600,2,148,doi_private_generic,spillover_control,0.110137319,0.1754383886,0.06530106957,True,51,0.002863525853,4.444854704
complex,200,8,1600,2,148,doi_private_generic,spillover_treated,0.1731328632,0.1461854772,-0.02694738599,True,51,0.002863525853,4.444854704
complex,200,8,1600,2,148,doi_private_no_interference,direct_low,0.09860674353,0.2379168768,0.1393101332,True,10,0.0001227825723,1.675088685
complex,200,8,1600,2,148,doi_private_no_interference,direct_high,0.1616022877,0.2379168768,0.07631458909,True,10,0.0001227825723,1.675088685
complex,200,8,1600,2,148,doi_private_no_interference,spillover_control,0.110137319,0,-0.110137319,True,10,0.0001227825723,1.675088685
complex,200,8,1600,2,148,doi_private_no_interference,spillover_treated,0.1731328632,0,-0.1731328632,True,10,0.0001227825723,1.675088685
complex,200,8,1600,0.5,149,design_ht,direct_low,0.09860674353,0.09009985206,-0.008506891468,True,0,0,0
complex,200,8,1600,0.5,149,design_ht,direct_high,0.1616022877,-0.02193659855,-0.1835388862,True,0,0,0
complex,200,8,1600,0.5,149,design_ht,spillover_control,0.110137319,0.08150286611,-0.02863445293,True,0,0,0
complex,200,8,1600,0.5,149,design_ht,spillover_treated,0.1731328632,-0.0305335845,-0.2036664477,True,0,0,0
complex,200,8,1600,0.5,149,doi_nonprivate_generic,direct_low,0.09860674353,0.100790727,0.002183983425,True,70,0.002930762277,4.621832444
complex,200,8,1600,0.5,149,doi_nonprivate_generic,direct_high,0.1616022877,0.1564412448,-0.005161042863,True,70,0.002930762277,4.621832444
complex,200,8,1600,0.5,149,doi_nonprivate_generic,spillover_control,0.110137319,0.1149016251,0.004764306045,True,70,0.002930762277,4.621832444
complex,200,8,1600,0.5,149,doi_nonprivate_generic,spillover_treated,0.1731328632,0.1705521429,-0.002580720244,True,70,0.002930762277,4.621832444
complex,200,8,1600,0.5,149,doi_private_generic,direct_low,0.09860674353,0.1198481094,0.02124136583,True,38,0.001079762081,4.001351319
complex,200,8,1600,0.5,149,doi_private_generic,direct_high,0.1616022877,-0.0407940908,-0.2023963785,True,38,0.001079762081,4.001351319
complex,200,8,1600,0.5,149,doi_private_generic,spillover_control,0.110137319,0.1077226318,-0.002414687195,True,38,0.001079762081,4.001351319
complex,200,8,1600,0.5,149,doi_private_generic,spillover_treated,0.1731328632,-0.05291956832,-0.2260524315,True,38,0.001079762081,4.001351319
complex,200,8,1600,0.5,149,doi_private_no_interference,direct_low,0.09860674353,0.04250296454,-0.056103779,True,8,2.326409736e-05,1.500470211
complex,200,8,1600,0.5,149,doi_private_no_interference,direct_high,0.1616022877,0.04250296454,-0.1190993231,True,8,2.326409736e-05,1.500470211
complex,200,8,1600,0.5,149,doi_private_no_interference,spillover_control,0.110137319,0,-0.110137319,True,8,2.326409736e-05,1.500470211
complex,200,8,1600,0.5,149,doi_private_no_interference,spillover_treated,0.1731328632,0,-0.1731328632,True,8,2.326409736e-05,1.500470211
complex,200,8,1600,1,149,design_ht,direct_low,0.09860674353,0.06611191767,-0.03249482586,True,0,0,0
complex,200,8,1600,1,149,design_ht,direct_high,0.1616022877,0.1767559902,0.01515370254,True,0,0,0
complex,200,8,1600,1,149,design_ht,spillover_control,0.110137319,0.05304868976,-0.05708862928,True,0,0,0
complex,200,8,1600,1,149,design_ht,spillover_treated,0.1731328632,0.1636927623,-0.009440100876,True,0,0,0
complex,200,8,1600,1,149,doi_nonprivate_generic,direct_low,0.09860674353,0.100790727,0.002183983425,True,70,0.002930762277,4.621832444
complex,200,8,1600,1,149,doi_nonprivate_generic,direct_high,0.1616022877,0.1564412448,-0.005161042863,True,70,0.002930762277,4.621832444
complex,200,8,1600,1,149,doi_nonprivate_generic,spillover_control,0.110137319,0.1149016251,0.004764306045,True,70,0.002930762277,4.621832444
complex,200,8,1600,1,149,doi_nonprivate_generic,spillover_treated,0.1731328632,0.1705521429,-0.002580720244,True,70,0.002930762277,4.621832444
complex,200,8,1600,1,149,doi_private_generic,direct_low,0.09860674353,0.09558960923,-0.003017134304,True,60,0.0005904639949,4.823886907
complex,200,8,1600,1,149,doi_private_generic,direct_high,0.1616022877,0.09992075269,-0.06168153498,True,60,0.0005904639949,4.823886907
complex,200,8,1600,1,149,doi_private_generic,spillover_control,0.110137319,0.120437592,0.01030027299,True,60,0.0005904639949,4.823886907
complex,200,8,1600,1,149,doi_private_generic,spillover_treated,0.1731328632,0.1247687355,-0.04836412769,True,60,0.0005904639949,4.823886907
complex,200,8,1600,1,149,doi_private_no_interference,direct_low,0.09860674353,0.1722022692,0.07359552562,True,9,4.530820236e-05,1.25030047
complex,200,8,1600,1,149,doi_private_no_interference,direct_high,0.1616022877,0.1722022692,0.01059998148,True,9,4.530820236e-05,1.25030047
complex,200,8,1600,1,149,doi_private_no_interference,spillover_control,0.110137319,0,-0.110137319,True,9,4.530820236e-05,1.25030047
complex,200,8,1600,1,149,doi_private_no_interference,spillover_treated,0.1731328632,0,-0.1731328632,True,9,4.530820236e-05,1.25030047
complex,200,8,1600,2,149,design_ht,direct_low,0.09860674353,0.08009485267,-0.01851189086,True,0,0,0
complex,200,8,1600,2,149,design_ht,direct_high,0.1616022877,0.11493147,-0.04667081771,True,0,0,0
complex,200,8,1600,2,149,design_ht,spillover_control,0.110137319,0.1029748522,-0.007162466826,True,0,0,0
complex,200,8,1600,2,149,design_ht,spillover_treated,0.1731328632,0.1378114695,-0.03532139368,True,0,0,0
complex,200,8,1600,2,149,doi_nonprivate_generic,direct_low,0.09860674353,0.100790727,0.002183983425,True,70,0.002930762277,4.621832444
complex,200,8,1600,2,149,doi_nonprivate_generic,direct_high,0.1616022877,0.1564412448,-0.005161042863,True,70,0.002930762277,4.621832444
complex,200,8,1600,2,149,doi_nonprivate_generic,spillover_control,0.110137319,0.1149016251,0.004764306045,True,70,0.002930762277,4.621832444
complex,200,8,1600,2,149,doi_nonprivate_generic,spillover_treated,0.1731328632,0.1705521429,-0.002580720244,True,70,0.002930762277,4.621832444
complex,200,8,1600,2,149,doi_private_generic,direct_low,0.09860674353,0.06959406372,-0.02901267981,True,68,0.002563034201,2.012020881
complex,200,8,1600,2,149,doi_private_generic,direct_high,0.1616022877,0.09228047167,-0.06932181601,True,68,0.002563034201,2.012020881
complex,200,8,1600,2,149,doi_private_generic,spillover_control,0.110137319,0.1250897721,0.01495245306,True,68,0.002563034201,2.012020881
complex,200,8,1600,2,149,doi_private_generic,spillover_treated,0.1731328632,0.14777618,-0.02535668314,True,68,0.002563034201,2.012020881
complex,200,8,1600,2,149,doi_private_no_interference,direct_low,0.09860674353,0.1595623619,0.06095561833,True,10,1.215286941e-05,1.338633257
complex,200,8,1600,2,149,doi_private_no_interference,direct_high,0.1616022877,0.1595623619,-0.002039925815,True,10,1.215286941e-05,1.338633257
complex,200,8,1600,2,149,doi_private_no_interference,spillover_control,0.110137319,0,-0.110137319,True,10,1.215286941e-05,1.338633257
complex,200,8,1600,2,149,doi_private_no_interference,spillover_treated,0.1731328632,0,-0.1731328632,True,10,1.215286941e-05,1.338633257
